EmployeeID,EmployeeName,Email,ManagementLevel,ManagementScope,Designation,Department,Team,ManagerID,ManagerName,HierarchyPath,HierarchyDepth,DirectReports,SubtreeEmployeeCount,OfficeLocation,OfficeHoursStart,OfficeHoursEnd,EmploymentType,EmploymentStatus,DateOfJoining,YearsOfService,AnnualSalaryINR,MonthlySalaryINR,PerformanceScore,AppraisalRating,LowPerformerFlag,AttendancePct,LeaveDaysYTD,OvertimeHoursYTD,EngagementScore,GoalsAchievedPct,TrainingHoursYTD,ProjectsAssigned,UtilizationPct,AttritionRiskPct,PromotionEligible
10001,Aarav Sharma 10001,employee10001@examplecorp.com,1,Executive,Chief Executive Officer,Corporate,Executive Office,,,10001,1,8,999,Hyderabad Office,09:30,17:30,Contract,Active,2022-07-03,4.2,19130000,1594167,69.9,Meets Expectations,False,95.3,11.4,36.4,68.6,80.8,38.0,2,71.0,8.0,False
10002,Vivaan Sharma 10002,employee10002@examplecorp.com,2,Director,Director of Engineering,Engineering,Engineering Leadership,10001,Aarav Sharma 10001,10001|10002,2,1,125,Delhi Office,09:00,19:00,Full-time,Active,2016-11-07,9.8,4590000,382500,84.3,Exceeds Expectations,False,94.3,8.5,29.4,73.8,88.2,23.6,3,72.2,7.0,True
10003,Aditya Sharma 10003,employee10003@examplecorp.com,3,Senior Manager,Senior Manager - Engineering,Engineering,Engineering Leadership,10002,Vivaan Sharma 10002,10001|10002|10003,3,4,124,Delhi Office,09:00,18:30,Full-time,Active,2017-07-09,9.1,3740000,311667,79.2,Exceeds Expectations,False,92.6,6.0,64.2,67.9,73.3,23.6,4,87.7,8.5,False
10004,Arjun Sharma 10004,employee10004@examplecorp.com,4,Manager,Engineering Manager 1,Engineering,Engineering Management,10003,Aditya Sharma 10003,10001|10002|10003|10004,4,3,30,Mumbai Office,09:00,19:00,Full-time,Active,2019-09-10,7.0,1950000,162500,70.6,Meets Expectations,False,90.7,8.9,4.2,81.2,80.2,40.3,4,72.0,7.0,False
10005,Rohan Sharma 10005,employee10005@examplecorp.com,5,Team Lead,Team Lead,Engineering,Engineering Team A - M1,10004,Arjun Sharma 10004,10001|10002|10003|10004|10005,5,9,9,Hyderabad Office,09:00,17:30,Full-time,Active,2019-06-30,7.2,1750000,145833,99.0,Outstanding,False,93.9,4.2,25.2,84.0,91.0,18.9,5,71.6,7.0,True
10006,Rahul Sharma 10006,employee10006@examplecorp.com,5,Team Lead,Team Lead,Engineering,Engineering Team B - M1,10004,Arjun Sharma 10004,10001|10002|10003|10004|10006,5,9,9,Mumbai Office,09:00,17:30,Full-time,Active,2022-03-05,4.5,1280000,106667,85.3,Exceeds Expectations,False,92.8,6.0,25.2,71.2,92.0,20.8,3,73.7,7.0,True
10007,Karan Sharma 10007,employee10007@examplecorp.com,5,Team Lead,Team Lead,Engineering,Engineering Team C - M1,10004,Arjun Sharma 10004,10001|10002|10003|10004|10007,5,9,9,Hyderabad Office,09:00,18:30,Full-time,Active,2017-02-17,9.5,1690000,140833,80.6,Exceeds Expectations,False,94.5,7.9,51.4,71.8,63.7,25.4,7,72.2,7.0,False
10008,Vikram Sharma 10008,employee10008@examplecorp.com,4,Manager,Engineering Manager 2,Engineering,Engineering Management,10003,Aditya Sharma 10003,10001|10002|10003|10008,4,3,30,Hyderabad Office,10:00,17:30,Full-time,Active,2021-10-05,4.9,1730000,144167,70.9,Meets Expectations,False,92.7,6.0,51.5,76.1,65.6,36.2,4,83.1,7.0,False
10009,Ananya Sharma 10009,employee10009@examplecorp.com,5,Team Lead,Team Lead,Engineering,Engineering Team A - M2,10008,Vikram Sharma 10008,10001|10002|10003|10008|10009,5,9,9,Chennai Office,08:30,18:00,Full-time,Active,2019-04-26,7.4,1400000,116667,94.9,Outstanding,False,96.5,8.3,45.5,100.0,88.6,19.6,4,73.4,7.0,True
10010,Isha Sharma 10010,employee10010@examplecorp.com,5,Team Lead,Team Lead,Engineering,Engineering Team B - M2,10008,Vikram Sharma 10008,10001|10002|10003|10008|10010,5,9,9,Delhi Office,08:30,18:30,Contract,Active,2019-04-27,7.3,1420000,118333,84.8,Exceeds Expectations,False,95.3,7.6,64.6,88.9,76.0,43.0,4,83.3,7.0,False
10011,Priya Sharma 10011,employee10011@examplecorp.com,5,Team Lead,Team Lead,Engineering,Engineering Team C - M2,10008,Vikram Sharma 10008,10001|10002|10003|10008|10011,5,9,9,Delhi Office,09:00,18:00,Contract,Active,2016-07-26,10.1,1360000,113333,73.4,Meets Expectations,False,91.9,13.1,33.6,71.8,84.8,45.5,5,59.3,7.0,False
10012,Neha Sharma 10012,employee10012@examplecorp.com,4,Manager,Engineering Manager 3,Engineering,Engineering Management,10003,Aditya Sharma 10003,10001|10002|10003|10012,4,3,30,Pune Office,09:30,19:00,Full-time,Active,2018-10-06,7.9,2710000,225833,67.3,Developing,False,94.5,8.6,69.5,71.0,70.6,47.2,2,67.4,7.0,False
10013,Sneha Sharma 10013,employee10013@examplecorp.com,5,Team Lead,Team Lead,Engineering,Engineering Team A - M3,10012,Neha Sharma 10012,10001|10002|10003|10012|10013,5,9,9,Pune Office,10:00,18:30,Full-time,Active,2023-05-31,3.3,1610000,134167,90.4,Outstanding,False,96.3,13.2,57.7,74.2,77.7,27.4,2,84.7,7.0,False
10014,Kavya Sharma 10014,employee10014@examplecorp.com,5,Team Lead,Team Lead,Engineering,Engineering Team B - M3,10012,Neha Sharma 10012,10001|10002|10003|10012|10014,5,9,9,Delhi Office,09:30,17:30,Contract,Active,2021-06-10,5.2,1070000,89167,76.9,Meets Expectations,False,92.1,9.7,36.2,78.1,80.9,40.7,3,69.5,7.0,False
10015,Meera Sharma 10015,employee10015@examplecorp.com,5,Team Lead,Team Lead,Engineering,Engineering Team C - M3,10012,Neha Sharma 10012,10001|10002|10003|10012|10015,5,9,9,Pune Office,08:30,18:00,Full-time,Active,2017-06-26,9.2,1000000,83333,79.6,Exceeds Expectations,False,95.4,8.5,17.5,78.5,86.2,26.6,4,77.9,7.0,False
10016,Nisha Sharma 10016,employee10016@examplecorp.com,4,Manager,Engineering Manager 4,Engineering,Engineering Management,10003,Aditya Sharma 10003,10001|10002|10003|10016,4,3,30,Pune Office,08:30,18:00,Full-time,Active,2019-11-04,6.8,1550000,129167,78.4,Meets Expectations,False,94.2,2.0,98.1,73.3,86.7,40.5,2,73.5,7.0,False
10017,Riya Sharma 10017,employee10017@examplecorp.com,5,Team Lead,Team Lead,Engineering,Engineering Team A - M4,10016,Nisha Sharma 10016,10001|10002|10003|10016|10017,5,9,9,Delhi Office,09:00,19:00,Contract,Active,2024-11-30,1.8,1390000,115833,82.4,Exceeds Expectations,False,89.6,12.3,74.5,78.6,86.4,14.7,4,68.5,7.0,False
10018,Aditi Sharma 10018,employee10018@examplecorp.com,5,Team Lead,Team Lead,Engineering,Engineering Team B - M4,10016,Nisha Sharma 10016,10001|10002|10003|10016|10018,5,9,9,Pune Office,10:00,18:30,Full-time,Active,2023-01-10,3.6,1440000,120000,84.8,Exceeds Expectations,False,94.4,9.8,84.6,81.3,78.2,51.0,3,64.0,7.0,False
10019,Sana Sharma 10019,employee10019@examplecorp.com,5,Team Lead,Team Lead,Engineering,Engineering Team C - M4,10016,Nisha Sharma 10016,10001|10002|10003|10016|10019,5,9,9,Pune Office,10:00,19:00,Full-time,Active,2015-09-24,10.9,1350000,112500,89.3,Outstanding,False,95.2,5.8,69.7,72.3,94.0,40.2,5,79.0,7.0,True
10020,Tanya Sharma 10020,employee10020@examplecorp.com,2,Director,Director of Sales,Sales,Sales Leadership,10001,Aarav Sharma 10001,10001|10020,2,1,125,Chennai Office,09:00,18:00,Full-time,Active,2015-08-14,11.0,4480000,373333,64.3,Developing,False,93.0,9.9,69.1,71.2,81.6,51.9,3,69.3,7.3,False
10021,Pooja Sharma 10021,employee10021@examplecorp.com,3,Senior Manager,Senior Manager - Sales,Sales,Sales Leadership,10020,Tanya Sharma 10020,10001|10020|10021,3,4,124,Hyderabad Office,09:00,18:00,Full-time,Active,2016-11-18,9.8,4430000,369167,72.5,Meets Expectations,False,96.5,8.9,78.4,70.4,78.0,35.3,5,78.2,7.0,False
10022,Simran Sharma 10022,employee10022@examplecorp.com,4,Manager,Sales Manager 1,Sales,Sales Management,10021,Pooja Sharma 10021,10001|10020|10021|10022,4,3,30,Pune Office,08:30,18:30,Full-time,On Leave,2015-09-05,11.0,2460000,205000,71.9,Meets Expectations,False,98.6,12.6,32.5,80.2,78.6,23.5,5,81.9,7.0,False
10023,Diya Sharma 10023,employee10023@examplecorp.com,5,Team Lead,Team Lead,Sales,Sales Team A - M1,10022,Simran Sharma 10022,10001|10020|10021|10022|10023,5,9,9,Bengaluru Office,10:00,18:30,Full-time,Active,2016-03-04,10.5,1340000,111667,79.6,Exceeds Expectations,False,93.0,9.7,83.6,85.1,70.0,35.2,4,69.4,7.0,False
10024,Maya Sharma 10024,employee10024@examplecorp.com,5,Team Lead,Team Lead,Sales,Sales Team B - M1,10022,Simran Sharma 10022,10001|10020|10021|10022|10024,5,9,9,Delhi Office,09:00,19:00,Full-time,Active,2019-11-12,6.8,1500000,125000,90.5,Outstanding,False,97.3,7.3,81.9,73.4,91.6,44.9,2,79.0,7.0,True
10025,Aarav Patel 10025,employee10025@examplecorp.com,5,Team Lead,Team Lead,Sales,Sales Team C - M1,10022,Simran Sharma 10022,10001|10020|10021|10022|10025,5,9,9,Pune Office,09:30,18:30,Contract,Active,2022-10-30,3.8,1320000,110000,69.2,Meets Expectations,False,93.2,3.8,59.1,64.6,82.2,33.4,3,66.6,10.8,False
10026,Vivaan Patel 10026,employee10026@examplecorp.com,4,Manager,Sales Manager 2,Sales,Sales Management,10021,Pooja Sharma 10021,10001|10020|10021|10026,4,3,30,Mumbai Office,09:30,18:00,Full-time,Active,2016-01-25,10.6,2020000,168333,80.6,Exceeds Expectations,False,92.1,8.5,106.8,73.9,88.4,19.2,5,77.3,7.7,True
10027,Aditya Patel 10027,employee10027@examplecorp.com,5,Team Lead,Team Lead,Sales,Sales Team A - M2,10026,Vivaan Patel 10026,10001|10020|10021|10026|10027,5,9,9,Pune Office,09:00,18:00,Contract,Active,2023-12-18,2.7,1640000,136667,85.0,Exceeds Expectations,False,92.3,5.4,90.0,76.6,76.3,54.7,3,72.7,7.0,False
10028,Arjun Patel 10028,employee10028@examplecorp.com,5,Team Lead,Team Lead,Sales,Sales Team B - M2,10026,Vivaan Patel 10026,10001|10020|10021|10026|10028,5,9,9,Pune Office,09:00,18:00,Full-time,Active,2021-09-13,5.0,1080000,90000,77.9,Meets Expectations,False,92.0,5.1,59.3,72.3,90.1,19.7,3,71.6,7.0,False
10029,Rohan Patel 10029,employee10029@examplecorp.com,5,Team Lead,Team Lead,Sales,Sales Team C - M2,10026,Vivaan Patel 10026,10001|10020|10021|10026|10029,5,9,9,Pune Office,08:30,18:00,Contract,Active,2017-06-08,9.2,1760000,146667,73.5,Meets Expectations,False,96.3,9.5,0.0,72.4,69.4,44.0,4,66.5,7.0,False
10030,Rahul Patel 10030,employee10030@examplecorp.com,4,Manager,Sales Manager 3,Sales,Sales Management,10021,Pooja Sharma 10021,10001|10020|10021|10030,4,3,30,Pune Office,08:30,19:00,Contract,Active,2016-11-21,9.8,2600000,216667,68.4,Developing,False,90.7,12.6,57.0,89.7,77.5,43.5,3,75.5,7.0,False
10031,Karan Patel 10031,employee10031@examplecorp.com,5,Team Lead,Team Lead,Sales,Sales Team A - M3,10030,Rahul Patel 10030,10001|10020|10021|10030|10031,5,9,9,Hyderabad Office,09:00,17:30,Full-time,Active,2018-05-21,8.3,980000,81667,82.3,Exceeds Expectations,False,92.1,17.9,36.0,62.6,86.4,28.7,5,74.2,12.2,True
10032,Vikram Patel 10032,employee10032@examplecorp.com,5,Team Lead,Team Lead,Sales,Sales Team B - M3,10030,Rahul Patel 10030,10001|10020|10021|10030|10032,5,9,9,Mumbai Office,09:00,17:30,Full-time,Active,2026-05-02,0.3,950000,79167,79.5,Exceeds Expectations,False,94.3,9.7,25.5,82.0,78.8,16.3,5,71.2,7.0,False
10033,Ananya Patel 10033,employee10033@examplecorp.com,5,Team Lead,Team Lead,Sales,Sales Team C - M3,10030,Rahul Patel 10030,10001|10020|10021|10030|10033,5,9,9,Chennai Office,09:30,17:30,Contract,Active,2025-03-10,1.5,1170000,97500,80.2,Exceeds Expectations,False,94.9,8.0,31.2,70.6,71.7,17.5,4,76.0,7.0,False
10034,Isha Patel 10034,employee10034@examplecorp.com,4,Manager,Sales Manager 4,Sales,Sales Management,10021,Pooja Sharma 10021,10001|10020|10021|10034,4,3,30,Bengaluru Office,09:30,19:00,Full-time,Active,2016-07-23,10.1,1890000,157500,72.4,Meets Expectations,False,91.7,7.1,24.8,77.3,97.6,26.4,3,87.0,7.0,False
10035,Priya Patel 10035,employee10035@examplecorp.com,5,Team Lead,Team Lead,Sales,Sales Team A - M4,10034,Isha Patel 10034,10001|10020|10021|10034|10035,5,9,9,Hyderabad Office,10:00,19:00,Full-time,Active,2022-06-17,4.2,1350000,112500,80.1,Exceeds Expectations,False,94.2,8.3,5.5,76.2,81.3,11.3,4,78.0,7.0,True
10036,Neha Patel 10036,employee10036@examplecorp.com,5,Team Lead,Team Lead,Sales,Sales Team B - M4,10034,Isha Patel 10034,10001|10020|10021|10034|10036,5,9,9,Mumbai Office,09:00,18:00,Full-time,Active,2023-03-11,3.5,1310000,109167,63.0,Developing,False,93.1,4.1,69.8,73.6,71.4,42.8,4,67.6,7.8,False
10037,Sneha Patel 10037,employee10037@examplecorp.com,5,Team Lead,Team Lead,Sales,Sales Team C - M4,10034,Isha Patel 10034,10001|10020|10021|10034|10037,5,9,9,Bengaluru Office,08:30,19:00,Full-time,Active,2019-01-02,7.7,1410000,117500,75.7,Meets Expectations,False,93.4,5.3,37.1,68.1,85.4,38.8,5,74.0,8.3,False
10038,Kavya Patel 10038,employee10038@examplecorp.com,2,Director,Director of Marketing,Marketing,Marketing Leadership,10001,Aarav Sharma 10001,10001|10038,2,1,125,Pune Office,08:30,18:00,Full-time,Active,2015-06-15,11.2,5720000,476667,72.0,Meets Expectations,False,93.2,11.3,67.3,73.3,76.8,26.0,2,68.0,7.0,False
10039,Meera Patel 10039,employee10039@examplecorp.com,3,Senior Manager,Senior Manager - Marketing,Marketing,Marketing Leadership,10038,Kavya Patel 10038,10001|10038|10039,3,4,124,Chennai Office,09:00,19:00,Contract,Active,2026-02-06,0.6,2610000,217500,75.6,Meets Expectations,False,89.6,6.2,52.4,78.1,81.4,35.0,2,65.6,7.0,False
10040,Nisha Patel 10040,employee10040@examplecorp.com,4,Manager,Marketing Manager 1,Marketing,Marketing Management,10039,Meera Patel 10039,10001|10038|10039|10040,4,3,30,Hyderabad Office,08:30,19:00,Full-time,Active,2016-10-31,9.8,2370000,197500,76.7,Meets Expectations,False,94.4,7.8,22.8,77.3,61.8,25.5,5,68.4,7.0,False
10041,Riya Patel 10041,employee10041@examplecorp.com,5,Team Lead,Team Lead,Marketing,Marketing Team A - M1,10040,Nisha Patel 10040,10001|10038|10039|10040|10041,5,9,9,Bengaluru Office,09:30,18:00,Full-time,Active,2017-12-01,8.8,1070000,89167,74.1,Meets Expectations,False,90.4,5.9,47.3,72.5,99.8,10.1,4,84.6,7.0,False
10042,Aditi Patel 10042,employee10042@examplecorp.com,5,Team Lead,Team Lead,Marketing,Marketing Team B - M1,10040,Nisha Patel 10040,10001|10038|10039|10040|10042,5,9,9,Mumbai Office,09:00,18:30,Contract,Active,2022-05-07,4.3,1130000,94167,63.1,Developing,False,93.8,13.0,50.4,65.9,83.5,30.6,4,54.7,10.6,False
10043,Sana Patel 10043,employee10043@examplecorp.com,5,Team Lead,Team Lead,Marketing,Marketing Team C - M1,10040,Nisha Patel 10040,10001|10038|10039|10040|10043,5,9,9,Delhi Office,09:30,18:30,Full-time,Active,2023-10-23,2.9,1420000,118333,80.5,Exceeds Expectations,False,97.8,10.8,77.4,76.7,79.7,53.7,5,72.6,7.0,False
10044,Tanya Patel 10044,employee10044@examplecorp.com,4,Manager,Marketing Manager 2,Marketing,Marketing Management,10039,Meera Patel 10039,10001|10038|10039|10044,4,3,30,Chennai Office,08:30,18:00,Full-time,Active,2025-07-07,1.2,2790000,232500,79.0,Meets Expectations,False,95.4,11.0,70.6,84.1,62.0,49.0,5,66.3,7.0,False
10045,Pooja Patel 10045,employee10045@examplecorp.com,5,Team Lead,Team Lead,Marketing,Marketing Team A - M2,10044,Tanya Patel 10044,10001|10038|10039|10044|10045,5,9,9,Mumbai Office,10:00,17:30,Full-time,Active,2020-11-01,5.8,1600000,133333,93.0,Outstanding,False,94.3,6.7,60.1,79.4,103.0,33.8,4,74.0,7.0,True
10046,Simran Patel 10046,employee10046@examplecorp.com,5,Team Lead,Team Lead,Marketing,Marketing Team B - M2,10044,Tanya Patel 10044,10001|10038|10039|10044|10046,5,9,9,Delhi Office,09:00,18:30,Full-time,Active,2020-07-01,6.2,1600000,133333,78.7,Meets Expectations,False,93.2,10.9,74.5,78.1,82.3,11.7,4,81.5,7.0,False
10047,Diya Patel 10047,employee10047@examplecorp.com,5,Team Lead,Team Lead,Marketing,Marketing Team C - M2,10044,Tanya Patel 10044,10001|10038|10039|10044|10047,5,9,9,Pune Office,09:00,18:00,Full-time,Active,2025-04-22,1.4,1150000,95833,84.8,Exceeds Expectations,False,93.6,7.1,46.6,81.1,98.7,25.4,4,72.7,7.0,False
10048,Maya Patel 10048,employee10048@examplecorp.com,4,Manager,Marketing Manager 3,Marketing,Marketing Management,10039,Meera Patel 10039,10001|10038|10039|10048,4,3,30,Bengaluru Office,10:00,17:30,Full-time,Active,2017-02-13,9.5,2690000,224167,78.5,Meets Expectations,False,91.2,9.5,2.8,75.9,75.3,30.5,3,71.3,7.0,False
10049,Aarav Reddy 10049,employee10049@examplecorp.com,5,Team Lead,Team Lead,Marketing,Marketing Team A - M3,10048,Maya Patel 10048,10001|10038|10039|10048|10049,5,9,9,Bengaluru Office,10:00,17:30,Full-time,Active,2016-06-18,10.2,1020000,85000,74.7,Meets Expectations,False,91.6,13.7,43.3,74.7,75.8,14.4,6,71.1,7.0,False
10050,Vivaan Reddy 10050,employee10050@examplecorp.com,5,Team Lead,Team Lead,Marketing,Marketing Team B - M3,10048,Maya Patel 10048,10001|10038|10039|10048|10050,5,9,9,Bengaluru Office,10:00,18:30,Full-time,Active,2016-06-12,10.2,1630000,135833,64.4,Developing,False,93.5,9.3,63.0,63.1,79.1,46.9,4,70.7,12.1,False
10051,Aditya Reddy 10051,employee10051@examplecorp.com,5,Team Lead,Team Lead,Marketing,Marketing Team C - M3,10048,Maya Patel 10048,10001|10038|10039|10048|10051,5,9,9,Bengaluru Office,09:30,18:00,Contract,Active,2023-10-12,2.9,1090000,90833,60.7,Developing,False,94.3,9.0,95.6,69.1,74.4,30.2,2,73.4,9.4,False
10052,Arjun Reddy 10052,employee10052@examplecorp.com,4,Manager,Marketing Manager 4,Marketing,Marketing Management,10039,Meera Patel 10039,10001|10038|10039|10052,4,3,30,Delhi Office,09:00,18:00,Full-time,Active,2026-05-04,0.3,2050000,170833,67.1,Developing,False,92.1,5.6,53.9,59.8,71.4,35.0,3,71.0,14.1,False
10053,Rohan Reddy 10053,employee10053@examplecorp.com,5,Team Lead,Team Lead,Marketing,Marketing Team A - M4,10052,Arjun Reddy 10052,10001|10038|10039|10052|10053,5,9,9,Pune Office,09:30,17:30,Contract,Active,2018-07-11,8.1,1600000,133333,81.0,Exceeds Expectations,False,96.0,6.2,48.8,76.0,98.3,7.6,3,78.1,7.0,True
10054,Rahul Reddy 10054,employee10054@examplecorp.com,5,Team Lead,Team Lead,Marketing,Marketing Team B - M4,10052,Arjun Reddy 10052,10001|10038|10039|10052|10054,5,9,9,Hyderabad Office,09:30,19:00,Full-time,Active,2016-04-17,10.4,1250000,104167,89.1,Outstanding,False,91.4,11.3,37.5,85.2,90.0,55.8,4,64.3,7.0,True
10055,Karan Reddy 10055,employee10055@examplecorp.com,5,Team Lead,Team Lead,Marketing,Marketing Team C - M4,10052,Arjun Reddy 10052,10001|10038|10039|10052|10055,5,9,9,Pune Office,09:00,18:00,Full-time,Active,2016-05-18,10.3,1780000,148333,88.4,Exceeds Expectations,False,96.6,15.2,80.1,66.5,92.8,31.6,7,73.5,9.4,True
10056,Vikram Reddy 10056,employee10056@examplecorp.com,2,Director,Director of Finance,Finance,Finance Leadership,10001,Aarav Sharma 10001,10001|10056,2,1,125,Mumbai Office,09:30,17:30,Full-time,Active,2017-06-24,9.2,5450000,454167,69.3,Meets Expectations,False,94.6,13.2,81.4,53.0,68.1,39.6,5,72.9,18.9,False
10057,Ananya Reddy 10057,employee10057@examplecorp.com,3,Senior Manager,Senior Manager - Finance,Finance,Finance Leadership,10056,Vikram Reddy 10056,10001|10056|10057,3,4,124,Chennai Office,09:30,17:30,Full-time,Active,2023-05-21,3.3,4280000,356667,77.2,Meets Expectations,False,93.3,9.0,63.0,73.5,63.1,40.9,4,81.0,7.0,False
10058,Isha Reddy 10058,employee10058@examplecorp.com,4,Manager,Finance Manager 1,Finance,Finance Management,10057,Ananya Reddy 10057,10001|10056|10057|10058,4,3,30,Pune Office,08:30,19:00,Contract,Active,2022-08-04,4.1,2200000,183333,66.0,Developing,False,93.3,6.6,54.8,75.0,77.6,22.7,4,64.3,7.0,False
10059,Priya Reddy 10059,employee10059@examplecorp.com,5,Team Lead,Team Lead,Finance,Finance Team A - M1,10058,Isha Reddy 10058,10001|10056|10057|10058|10059,5,9,9,Hyderabad Office,08:30,18:30,Contract,Active,2021-04-29,5.3,1580000,131667,75.4,Meets Expectations,False,94.6,16.3,0.0,80.2,85.1,27.8,4,83.0,7.0,False
10060,Neha Reddy 10060,employee10060@examplecorp.com,5,Team Lead,Team Lead,Finance,Finance Team B - M1,10058,Isha Reddy 10058,10001|10056|10057|10058|10060,5,9,9,Pune Office,09:00,18:00,Full-time,Active,2018-10-27,7.8,1550000,129167,81.2,Exceeds Expectations,False,97.3,10.8,98.8,72.7,89.0,25.9,5,71.7,7.0,True
10061,Sneha Reddy 10061,employee10061@examplecorp.com,5,Team Lead,Team Lead,Finance,Finance Team C - M1,10058,Isha Reddy 10058,10001|10056|10057|10058|10061,5,9,9,Hyderabad Office,09:30,19:00,Full-time,Active,2019-09-04,7.0,990000,82500,86.2,Exceeds Expectations,False,96.3,8.2,2.7,74.7,84.8,16.3,6,81.8,7.0,True
10062,Kavya Reddy 10062,employee10062@examplecorp.com,4,Manager,Finance Manager 2,Finance,Finance Management,10057,Ananya Reddy 10057,10001|10056|10057|10062,4,3,30,Pune Office,10:00,17:30,Full-time,Active,2018-02-27,8.5,1580000,131667,79.7,Exceeds Expectations,False,94.9,14.0,68.2,70.8,58.8,51.6,3,72.5,7.0,False
10063,Meera Reddy 10063,employee10063@examplecorp.com,5,Team Lead,Team Lead,Finance,Finance Team A - M2,10062,Kavya Reddy 10062,10001|10056|10057|10062|10063,5,9,9,Delhi Office,09:00,18:00,Full-time,Active,2016-02-26,10.5,1210000,100833,72.9,Meets Expectations,False,93.3,0.0,2.1,65.8,89.3,40.3,4,62.5,9.9,False
10064,Nisha Reddy 10064,employee10064@examplecorp.com,5,Team Lead,Team Lead,Finance,Finance Team B - M2,10062,Kavya Reddy 10062,10001|10056|10057|10062|10064,5,9,9,Delhi Office,09:00,19:00,Contract,Active,2018-10-06,7.9,1290000,107500,75.0,Meets Expectations,False,92.2,8.7,28.9,76.1,85.4,27.5,6,76.6,7.0,False
10065,Riya Reddy 10065,employee10065@examplecorp.com,5,Team Lead,Team Lead,Finance,Finance Team C - M2,10062,Kavya Reddy 10062,10001|10056|10057|10062|10065,5,9,9,Mumbai Office,09:00,19:00,Contract,Active,2025-06-27,1.2,1140000,95000,73.6,Meets Expectations,False,94.7,9.0,102.7,72.2,83.7,41.2,4,76.1,7.3,False
10066,Aditi Reddy 10066,employee10066@examplecorp.com,4,Manager,Finance Manager 3,Finance,Finance Management,10057,Ananya Reddy 10057,10001|10056|10057|10066,4,3,30,Chennai Office,08:30,19:00,Full-time,Active,2020-09-27,5.9,2010000,167500,89.8,Outstanding,False,94.3,7.0,77.8,71.9,80.1,57.6,4,68.7,7.0,True
10067,Sana Reddy 10067,employee10067@examplecorp.com,5,Team Lead,Team Lead,Finance,Finance Team A - M3,10066,Aditi Reddy 10066,10001|10056|10057|10066|10067,5,9,9,Hyderabad Office,08:30,18:30,Contract,Active,2020-03-22,6.4,980000,81667,65.4,Developing,False,95.3,7.1,52.4,74.6,67.1,33.7,4,72.0,7.0,False
10068,Tanya Reddy 10068,employee10068@examplecorp.com,5,Team Lead,Team Lead,Finance,Finance Team B - M3,10066,Aditi Reddy 10066,10001|10056|10057|10066|10068,5,9,9,Delhi Office,09:00,19:00,Full-time,Active,2015-12-18,10.7,1710000,142500,88.5,Exceeds Expectations,False,97.3,13.2,81.5,74.9,95.1,16.5,3,78.7,7.0,True
10069,Pooja Reddy 10069,employee10069@examplecorp.com,5,Team Lead,Team Lead,Finance,Finance Team C - M3,10066,Aditi Reddy 10066,10001|10056|10057|10066|10069,5,9,9,Hyderabad Office,09:00,18:00,Contract,Active,2016-05-17,10.3,1110000,92500,64.8,Developing,False,93.4,12.7,98.7,82.5,71.8,28.5,6,71.8,7.1,False
10070,Simran Reddy 10070,employee10070@examplecorp.com,4,Manager,Finance Manager 4,Finance,Finance Management,10057,Ananya Reddy 10057,10001|10056|10057|10070,4,3,30,Hyderabad Office,09:00,19:00,Full-time,Active,2020-02-02,6.6,2260000,188333,91.0,Outstanding,False,97.3,10.4,30.0,86.6,72.2,38.2,3,76.1,7.0,False
10071,Diya Reddy 10071,employee10071@examplecorp.com,5,Team Lead,Team Lead,Finance,Finance Team A - M4,10070,Simran Reddy 10070,10001|10056|10057|10070|10071,5,9,9,Delhi Office,08:30,18:00,Full-time,Active,2018-08-31,8.0,1070000,89167,73.8,Meets Expectations,False,94.2,8.4,70.0,71.6,84.9,10.0,5,80.8,7.0,False
10072,Maya Reddy 10072,employee10072@examplecorp.com,5,Team Lead,Team Lead,Finance,Finance Team B - M4,10070,Simran Reddy 10070,10001|10056|10057|10070|10072,5,9,9,Chennai Office,09:30,18:30,Full-time,Active,2023-01-26,3.6,1360000,113333,82.2,Exceeds Expectations,False,95.2,12.1,7.4,70.6,68.5,6.2,5,75.6,7.0,False
10073,Aarav Iyer 10073,employee10073@examplecorp.com,5,Team Lead,Team Lead,Finance,Finance Team C - M4,10070,Simran Reddy 10070,10001|10056|10057|10070|10073,5,9,9,Mumbai Office,10:00,17:30,Contract,Active,2016-12-17,9.7,1040000,86667,80.6,Exceeds Expectations,False,94.3,9.3,46.9,81.6,90.1,33.1,4,80.4,7.0,True
10074,Vivaan Iyer 10074,employee10074@examplecorp.com,2,Director,Director of Human Resources,Human Resources,Human Resources Leadership,10001,Aarav Sharma 10001,10001|10074,2,1,125,Mumbai Office,10:00,19:00,Full-time,Active,2019-03-04,7.5,5540000,461667,78.6,Meets Expectations,False,92.7,4.5,67.8,67.6,82.8,38.1,3,78.3,8.7,False
10075,Aditya Iyer 10075,employee10075@examplecorp.com,3,Senior Manager,Senior Manager - Human Resources,Human Resources,Human Resources Leadership,10074,Vivaan Iyer 10074,10001|10074|10075,3,4,124,Chennai Office,10:00,19:00,Full-time,Active,2023-09-03,3.0,3430000,285833,75.9,Meets Expectations,False,93.6,8.8,28.9,85.0,82.7,32.3,3,70.6,7.0,False
10076,Arjun Iyer 10076,employee10076@examplecorp.com,4,Manager,Human Resources Manager 1,Human Resources,Human Resources Management,10075,Aditya Iyer 10075,10001|10074|10075|10076,4,3,30,Chennai Office,10:00,17:30,Contract,Active,2023-01-30,3.6,2210000,184167,73.0,Meets Expectations,False,94.6,0.3,19.5,77.7,79.1,53.8,5,65.9,7.0,False
10077,Rohan Iyer 10077,employee10077@examplecorp.com,5,Team Lead,Team Lead,Human Resources,Human Resources Team A - M1,10076,Arjun Iyer 10076,10001|10074|10075|10076|10077,5,9,9,Delhi Office,09:30,18:00,Contract,Active,2016-06-18,10.2,1070000,89167,74.6,Meets Expectations,False,92.1,13.1,59.1,55.7,85.1,27.3,4,76.6,17.0,False
10078,Rahul Iyer 10078,employee10078@examplecorp.com,5,Team Lead,Team Lead,Human Resources,Human Resources Team B - M1,10076,Arjun Iyer 10076,10001|10074|10075|10076|10078,5,9,9,Delhi Office,09:30,18:30,Full-time,Active,2023-09-05,3.0,1550000,129167,70.4,Meets Expectations,False,94.2,10.1,32.7,72.2,63.7,13.5,3,86.3,7.0,False
10079,Karan Iyer 10079,employee10079@examplecorp.com,5,Team Lead,Team Lead,Human Resources,Human Resources Team C - M1,10076,Arjun Iyer 10076,10001|10074|10075|10076|10079,5,9,9,Mumbai Office,09:30,18:30,Full-time,Active,2018-11-02,7.8,1670000,139167,69.8,Meets Expectations,False,95.7,9.2,32.0,75.5,71.4,31.5,4,74.6,7.0,False
10080,Vikram Iyer 10080,employee10080@examplecorp.com,4,Manager,Human Resources Manager 2,Human Resources,Human Resources Management,10075,Aditya Iyer 10075,10001|10074|10075|10080,4,3,30,Delhi Office,08:30,18:00,Full-time,Active,2021-09-18,5.0,1970000,164167,70.4,Meets Expectations,False,91.8,6.6,50.9,72.9,63.9,17.8,4,65.1,7.0,False
10081,Ananya Iyer 10081,employee10081@examplecorp.com,5,Team Lead,Team Lead,Human Resources,Human Resources Team A - M2,10080,Vikram Iyer 10080,10001|10074|10075|10080|10081,5,9,9,Chennai Office,09:00,18:00,Full-time,Active,2021-05-15,5.3,950000,79167,85.3,Exceeds Expectations,False,93.3,9.5,69.4,73.5,82.7,48.2,5,78.2,7.0,True
10082,Isha Iyer 10082,employee10082@examplecorp.com,5,Team Lead,Team Lead,Human Resources,Human Resources Team B - M2,10080,Vikram Iyer 10080,10001|10074|10075|10080|10082,5,9,9,Delhi Office,09:00,17:30,Contract,On Leave,2026-01-01,0.7,1390000,115833,88.3,Exceeds Expectations,False,96.8,7.0,49.3,71.1,85.1,35.0,5,73.0,7.0,False
10083,Priya Iyer 10083,employee10083@examplecorp.com,5,Team Lead,Team Lead,Human Resources,Human Resources Team C - M2,10080,Vikram Iyer 10080,10001|10074|10075|10080|10083,5,9,9,Chennai Office,10:00,18:00,Full-time,Active,2025-10-23,0.9,1790000,149167,82.8,Exceeds Expectations,False,95.4,12.6,62.6,64.4,93.8,27.1,5,70.5,10.9,False
10084,Neha Iyer 10084,employee10084@examplecorp.com,4,Manager,Human Resources Manager 3,Human Resources,Human Resources Management,10075,Aditya Iyer 10075,10001|10074|10075|10084,4,3,30,Chennai Office,09:00,18:00,Full-time,Active,2024-10-02,1.9,2710000,225833,70.4,Meets Expectations,False,92.2,6.3,100.5,63.0,70.2,48.0,5,77.2,12.0,False
10085,Sneha Iyer 10085,employee10085@examplecorp.com,5,Team Lead,Team Lead,Human Resources,Human Resources Team A - M3,10084,Neha Iyer 10084,10001|10074|10075|10084|10085,5,9,9,Hyderabad Office,09:00,19:00,Contract,Active,2015-08-19,11.0,1770000,147500,81.0,Exceeds Expectations,False,92.9,8.6,60.6,73.4,68.3,23.8,3,75.9,7.0,False
10086,Kavya Iyer 10086,employee10086@examplecorp.com,5,Team Lead,Team Lead,Human Resources,Human Resources Team B - M3,10084,Neha Iyer 10084,10001|10074|10075|10084|10086,5,9,9,Chennai Office,09:00,17:30,Full-time,Active,2018-01-26,8.6,1020000,85000,56.7,Needs Improvement,True,90.9,14.4,23.8,77.9,52.5,17.6,5,58.0,10.3,False
10087,Meera Iyer 10087,employee10087@examplecorp.com,5,Team Lead,Team Lead,Human Resources,Human Resources Team C - M3,10084,Neha Iyer 10084,10001|10074|10075|10084|10087,5,9,9,Bengaluru Office,09:00,18:00,Contract,Active,2020-07-11,6.1,1200000,100000,55.8,Needs Improvement,True,92.4,10.8,27.0,75.3,60.5,25.4,4,74.4,10.7,False
10088,Nisha Iyer 10088,employee10088@examplecorp.com,4,Manager,Human Resources Manager 4,Human Resources,Human Resources Management,10075,Aditya Iyer 10075,10001|10074|10075|10088,4,3,30,Delhi Office,09:00,18:30,Full-time,Active,2018-03-06,8.5,2400000,200000,67.2,Developing,False,93.5,9.9,52.6,76.1,89.0,37.7,5,66.1,7.0,False
10089,Riya Iyer 10089,employee10089@examplecorp.com,5,Team Lead,Team Lead,Human Resources,Human Resources Team A - M4,10088,Nisha Iyer 10088,10001|10074|10075|10088|10089,5,9,9,Mumbai Office,10:00,19:00,Full-time,Active,2019-09-01,7.0,1630000,135833,76.0,Meets Expectations,False,93.2,5.8,34.5,64.9,70.7,30.9,4,68.0,10.6,False
10090,Aditi Iyer 10090,employee10090@examplecorp.com,5,Team Lead,Team Lead,Human Resources,Human Resources Team B - M4,10088,Nisha Iyer 10088,10001|10074|10075|10088|10090,5,9,9,Pune Office,10:00,19:00,Full-time,Active,2016-01-17,10.6,1150000,95833,78.2,Meets Expectations,False,93.3,8.2,94.8,70.2,71.3,27.0,3,80.0,7.0,False
10091,Sana Iyer 10091,employee10091@examplecorp.com,5,Team Lead,Team Lead,Human Resources,Human Resources Team C - M4,10088,Nisha Iyer 10088,10001|10074|10075|10088|10091,5,9,9,Chennai Office,09:30,18:30,Full-time,Active,2023-06-21,3.2,1700000,141667,66.8,Developing,False,93.2,9.7,11.2,66.6,66.4,14.0,4,76.2,9.4,False
10092,Tanya Iyer 10092,employee10092@examplecorp.com,2,Director,Director of Operations,Operations,Operations Leadership,10001,Aarav Sharma 10001,10001|10092,2,1,125,Bengaluru Office,09:00,19:00,Full-time,Active,2016-08-19,10.0,4480000,373333,71.2,Meets Expectations,False,96.7,11.5,51.4,83.7,60.0,48.2,4,66.2,7.0,False
10093,Pooja Iyer 10093,employee10093@examplecorp.com,3,Senior Manager,Senior Manager - Operations,Operations,Operations Leadership,10092,Tanya Iyer 10092,10001|10092|10093,3,4,124,Delhi Office,09:30,18:00,Contract,Active,2017-07-23,9.1,4110000,342500,83.5,Exceeds Expectations,False,96.2,6.6,26.6,69.1,73.2,21.2,3,68.0,7.6,False
10094,Simran Iyer 10094,employee10094@examplecorp.com,4,Manager,Operations Manager 1,Operations,Operations Management,10093,Pooja Iyer 10093,10001|10092|10093|10094,4,3,30,Pune Office,08:30,17:30,Full-time,Active,2022-03-09,4.5,2390000,199167,78.4,Meets Expectations,False,91.6,7.1,29.3,76.5,92.9,52.2,3,80.8,7.0,False
10095,Diya Iyer 10095,employee10095@examplecorp.com,5,Team Lead,Team Lead,Operations,Operations Team A - M1,10094,Simran Iyer 10094,10001|10092|10093|10094|10095,5,9,9,Delhi Office,09:00,18:00,Contract,Active,2024-09-23,1.9,1510000,125833,84.8,Exceeds Expectations,False,95.2,9.1,49.2,70.3,79.2,31.8,4,67.6,7.0,False
10096,Maya Iyer 10096,employee10096@examplecorp.com,5,Team Lead,Team Lead,Operations,Operations Team B - M1,10094,Simran Iyer 10094,10001|10092|10093|10094|10096,5,9,9,Pune Office,08:30,19:00,Full-time,Active,2018-10-20,7.9,1380000,115000,73.7,Meets Expectations,False,93.9,13.7,50.8,66.7,73.4,23.9,3,68.1,9.3,False
10097,Aarav Nair 10097,employee10097@examplecorp.com,5,Team Lead,Team Lead,Operations,Operations Team C - M1,10094,Simran Iyer 10094,10001|10092|10093|10094|10097,5,9,9,Delhi Office,09:30,18:30,Full-time,Active,2018-12-18,7.7,1750000,145833,72.5,Meets Expectations,False,93.6,9.4,57.2,79.5,77.1,29.7,2,71.3,7.0,False
10098,Vivaan Nair 10098,employee10098@examplecorp.com,4,Manager,Operations Manager 2,Operations,Operations Management,10093,Pooja Iyer 10093,10001|10092|10093|10098,4,3,30,Delhi Office,09:30,17:30,Full-time,Active,2022-04-08,4.4,2700000,225000,79.7,Exceeds Expectations,False,93.4,8.8,63.2,74.1,77.8,19.9,3,69.8,7.0,False
10099,Aditya Nair 10099,employee10099@examplecorp.com,5,Team Lead,Team Lead,Operations,Operations Team A - M2,10098,Vivaan Nair 10098,10001|10092|10093|10098|10099,5,9,9,Mumbai Office,09:30,17:30,Full-time,Active,2022-01-13,4.6,1550000,129167,84.9,Exceeds Expectations,False,96.9,5.4,13.6,70.4,76.2,19.7,4,64.7,7.0,False
10100,Arjun Nair 10100,employee10100@examplecorp.com,5,Team Lead,Team Lead,Operations,Operations Team B - M2,10098,Vivaan Nair 10098,10001|10092|10093|10098|10100,5,9,9,Hyderabad Office,09:30,17:30,Full-time,Active,2019-10-07,6.9,1080000,90000,82.5,Exceeds Expectations,False,97.4,7.8,110.7,72.8,78.1,28.2,6,74.6,8.1,False
10101,Rohan Nair 10101,employee10101@examplecorp.com,5,Team Lead,Team Lead,Operations,Operations Team C - M2,10098,Vivaan Nair 10098,10001|10092|10093|10098|10101,5,9,9,Pune Office,08:30,19:00,Full-time,Active,2017-04-15,9.4,1620000,135000,73.9,Meets Expectations,False,91.2,7.4,87.8,65.8,72.2,18.3,4,78.1,9.9,False
10102,Rahul Nair 10102,employee10102@examplecorp.com,4,Manager,Operations Manager 3,Operations,Operations Management,10093,Pooja Iyer 10093,10001|10092|10093|10102,4,3,30,Bengaluru Office,09:30,19:00,Full-time,Active,2018-03-09,8.5,1980000,165000,67.9,Developing,False,95.5,7.3,23.5,68.5,75.1,37.0,4,64.5,8.0,False
10103,Karan Nair 10103,employee10103@examplecorp.com,5,Team Lead,Team Lead,Operations,Operations Team A - M3,10102,Rahul Nair 10102,10001|10092|10093|10102|10103,5,9,9,Bengaluru Office,08:30,18:30,Contract,Active,2025-06-26,1.2,1760000,146667,69.2,Meets Expectations,False,92.7,6.7,55.1,62.1,63.0,28.4,4,74.2,12.5,False
10104,Vikram Nair 10104,employee10104@examplecorp.com,5,Team Lead,Team Lead,Operations,Operations Team B - M3,10102,Rahul Nair 10102,10001|10092|10093|10102|10104,5,9,9,Pune Office,08:30,18:30,Full-time,Active,2023-02-03,3.6,970000,80833,92.3,Outstanding,False,91.9,9.8,42.6,67.8,100.8,24.7,4,92.4,8.5,True
10105,Ananya Nair 10105,employee10105@examplecorp.com,5,Team Lead,Team Lead,Operations,Operations Team C - M3,10102,Rahul Nair 10102,10001|10092|10093|10102|10105,5,9,9,Chennai Office,10:00,19:00,Full-time,Active,2018-06-07,8.2,1160000,96667,66.3,Developing,False,93.3,7.1,50.4,63.2,68.1,24.5,5,66.4,11.8,False
10106,Isha Nair 10106,employee10106@examplecorp.com,4,Manager,Operations Manager 4,Operations,Operations Management,10093,Pooja Iyer 10093,10001|10092|10093|10106,4,3,30,Chennai Office,09:00,19:00,Full-time,Active,2020-06-05,6.2,2030000,169167,74.2,Meets Expectations,False,95.7,13.9,58.4,62.4,83.5,52.3,4,86.1,12.3,False
10107,Priya Nair 10107,employee10107@examplecorp.com,5,Team Lead,Team Lead,Operations,Operations Team A - M4,10106,Isha Nair 10106,10001|10092|10093|10106|10107,5,9,9,Bengaluru Office,08:30,19:00,Full-time,Active,2016-06-04,10.2,1750000,145833,60.4,Developing,False,88.9,5.8,63.2,59.8,59.1,58.2,5,75.9,16.0,False
10108,Neha Nair 10108,employee10108@examplecorp.com,5,Team Lead,Team Lead,Operations,Operations Team B - M4,10106,Isha Nair 10106,10001|10092|10093|10106|10108,5,9,9,Hyderabad Office,09:30,18:30,Contract,Active,2021-04-01,5.4,1250000,104167,70.8,Meets Expectations,False,94.8,8.2,52.9,80.0,76.6,35.2,1,77.0,7.0,False
10109,Sneha Nair 10109,employee10109@examplecorp.com,5,Team Lead,Team Lead,Operations,Operations Team C - M4,10106,Isha Nair 10106,10001|10092|10093|10106|10109,5,9,9,Hyderabad Office,08:30,18:00,Full-time,Active,2026-02-15,0.5,1370000,114167,74.4,Meets Expectations,False,93.4,17.2,38.3,78.5,75.0,24.9,4,71.4,7.0,False
10110,Kavya Nair 10110,employee10110@examplecorp.com,2,Director,Director of Product,Product,Product Leadership,10001,Aarav Sharma 10001,10001|10110,2,1,125,Pune Office,09:00,18:00,Contract,Active,2015-07-09,11.1,4040000,336667,65.4,Developing,False,93.4,6.9,48.0,62.2,71.0,47.8,3,65.1,12.5,False
10111,Meera Nair 10111,employee10111@examplecorp.com,3,Senior Manager,Senior Manager - Product,Product,Product Leadership,10110,Kavya Nair 10110,10001|10110|10111,3,4,124,Delhi Office,09:30,19:00,Full-time,Active,2016-09-06,10.0,3750000,312500,77.8,Meets Expectations,False,96.0,7.7,48.1,77.0,80.1,34.4,4,75.9,7.0,False
10112,Nisha Nair 10112,employee10112@examplecorp.com,4,Manager,Product Manager 1,Product,Product Management,10111,Meera Nair 10111,10001|10110|10111|10112,4,3,30,Chennai Office,10:00,18:30,Contract,Active,2021-01-16,5.6,1550000,129167,62.5,Developing,False,91.9,2.8,78.7,73.0,69.0,45.8,4,78.2,8.0,False
10113,Riya Nair 10113,employee10113@examplecorp.com,5,Team Lead,Team Lead,Product,Product Team A - M1,10112,Nisha Nair 10112,10001|10110|10111|10112|10113,5,9,9,Chennai Office,09:00,18:30,Contract,Active,2016-02-17,10.5,1380000,115000,92.9,Outstanding,False,95.2,11.6,43.4,82.1,90.9,14.8,2,84.4,7.0,True
10114,Aditi Nair 10114,employee10114@examplecorp.com,5,Team Lead,Team Lead,Product,Product Team B - M1,10112,Nisha Nair 10112,10001|10110|10111|10112|10114,5,9,9,Mumbai Office,09:30,17:30,Full-time,Active,2015-08-15,11.0,1290000,107500,80.2,Exceeds Expectations,False,94.5,10.9,84.6,78.2,80.0,19.1,3,65.1,7.0,True
10115,Sana Nair 10115,employee10115@examplecorp.com,5,Team Lead,Team Lead,Product,Product Team C - M1,10112,Nisha Nair 10112,10001|10110|10111|10112|10115,5,9,9,Delhi Office,09:00,19:00,Full-time,Active,2023-06-09,3.2,1800000,150000,73.6,Meets Expectations,False,95.9,2.6,54.5,77.7,71.7,45.1,4,84.7,7.0,False
10116,Tanya Nair 10116,employee10116@examplecorp.com,4,Manager,Product Manager 2,Product,Product Management,10111,Meera Nair 10111,10001|10110|10111|10116,4,3,30,Hyderabad Office,09:30,18:30,Full-time,Active,2020-02-06,6.6,1580000,131667,78.3,Meets Expectations,False,96.9,12.8,53.2,87.7,80.9,47.9,4,77.6,7.0,False
10117,Pooja Nair 10117,employee10117@examplecorp.com,5,Team Lead,Team Lead,Product,Product Team A - M2,10116,Tanya Nair 10116,10001|10110|10111|10116|10117,5,9,9,Pune Office,09:00,18:30,Full-time,Active,2017-07-12,9.1,1420000,118333,78.5,Meets Expectations,False,96.4,9.8,49.0,66.0,82.5,25.7,4,83.1,9.8,False
10118,Simran Nair 10118,employee10118@examplecorp.com,5,Team Lead,Team Lead,Product,Product Team B - M2,10116,Tanya Nair 10116,10001|10110|10111|10116|10118,5,9,9,Mumbai Office,09:00,18:00,Full-time,Active,2020-12-24,5.7,990000,82500,67.3,Developing,False,91.8,5.6,23.9,80.4,56.2,20.0,3,76.7,7.0,False
10119,Diya Nair 10119,employee10119@examplecorp.com,5,Team Lead,Team Lead,Product,Product Team C - M2,10116,Tanya Nair 10116,10001|10110|10111|10116|10119,5,9,9,Bengaluru Office,08:30,17:30,Contract,On Leave,2023-05-31,3.3,1380000,115000,72.3,Meets Expectations,False,93.5,1.9,41.7,74.3,77.9,28.1,4,77.7,7.0,False
10120,Maya Nair 10120,employee10120@examplecorp.com,4,Manager,Product Manager 3,Product,Product Management,10111,Meera Nair 10111,10001|10110|10111|10120,4,3,30,Delhi Office,08:30,18:30,Full-time,Active,2015-12-08,10.7,2670000,222500,67.9,Developing,False,90.7,9.8,49.0,58.2,72.0,25.7,4,74.8,15.3,False
10121,Aarav Mehta 10121,employee10121@examplecorp.com,5,Team Lead,Team Lead,Product,Product Team A - M3,10120,Maya Nair 10120,10001|10110|10111|10120|10121,5,9,9,Pune Office,09:30,18:00,Full-time,Active,2019-06-29,7.2,1720000,143333,73.6,Meets Expectations,False,92.2,10.8,46.5,84.9,73.1,53.8,3,64.5,7.0,False
10122,Vivaan Mehta 10122,employee10122@examplecorp.com,5,Team Lead,Team Lead,Product,Product Team B - M3,10120,Maya Nair 10120,10001|10110|10111|10120|10122,5,9,9,Pune Office,09:00,19:00,Full-time,Active,2018-08-22,8.0,1290000,107500,80.7,Exceeds Expectations,False,95.7,6.6,66.1,86.1,86.6,21.1,1,75.6,7.0,True
10123,Aditya Mehta 10123,employee10123@examplecorp.com,5,Team Lead,Team Lead,Product,Product Team C - M3,10120,Maya Nair 10120,10001|10110|10111|10120|10123,5,9,9,Bengaluru Office,09:30,18:00,Full-time,Active,2023-04-22,3.4,1430000,119167,82.0,Exceeds Expectations,False,92.2,3.9,75.7,73.3,79.4,37.0,4,59.6,7.0,False
10124,Arjun Mehta 10124,employee10124@examplecorp.com,4,Manager,Product Manager 4,Product,Product Management,10111,Meera Nair 10111,10001|10110|10111|10124,4,3,30,Delhi Office,08:30,18:30,Full-time,On Leave,2024-05-21,2.3,1800000,150000,77.7,Meets Expectations,False,92.9,14.6,8.5,72.8,86.4,45.5,2,81.2,7.0,False
10125,Rohan Mehta 10125,employee10125@examplecorp.com,5,Team Lead,Team Lead,Product,Product Team A - M4,10124,Arjun Mehta 10124,10001|10110|10111|10124|10125,5,9,9,Hyderabad Office,10:00,19:00,Full-time,Active,2019-05-27,7.3,1450000,120833,77.2,Meets Expectations,False,93.6,8.6,13.5,72.3,80.0,18.3,5,72.4,7.0,False
10126,Rahul Mehta 10126,employee10126@examplecorp.com,5,Team Lead,Team Lead,Product,Product Team B - M4,10124,Arjun Mehta 10124,10001|10110|10111|10124|10126,5,9,9,Mumbai Office,10:00,19:00,Full-time,Active,2025-12-23,0.7,1460000,121667,82.7,Exceeds Expectations,False,91.8,13.4,55.9,65.1,74.5,30.2,4,73.2,10.4,False
10127,Karan Mehta 10127,employee10127@examplecorp.com,5,Team Lead,Team Lead,Product,Product Team C - M4,10124,Arjun Mehta 10124,10001|10110|10111|10124|10127,5,9,9,Hyderabad Office,10:00,18:30,Full-time,Active,2023-01-06,3.7,1040000,86667,94.6,Outstanding,False,96.5,10.1,28.2,81.9,91.1,19.2,3,91.0,7.0,True
10128,Vikram Mehta 10128,employee10128@examplecorp.com,2,Director,Director of IT,IT,IT Leadership,10001,Aarav Sharma 10001,10001|10128,2,1,116,Hyderabad Office,10:00,19:00,Full-time,Active,2024-11-22,1.8,6490000,540833,76.4,Meets Expectations,False,95.9,10.1,33.4,73.9,80.1,20.0,3,66.1,7.0,False
10129,Ananya Mehta 10129,employee10129@examplecorp.com,3,Senior Manager,Senior Manager - IT,IT,IT Leadership,10128,Vikram Mehta 10128,10001|10128|10129,3,4,115,Mumbai Office,09:00,17:30,Full-time,Active,2018-07-26,8.1,3430000,285833,70.7,Meets Expectations,False,96.5,6.9,45.4,71.6,83.1,44.3,2,76.8,7.0,False
10130,Isha Mehta 10130,employee10130@examplecorp.com,4,Manager,IT Manager 1,IT,IT Management,10129,Ananya Mehta 10129,10001|10128|10129|10130,4,3,30,Pune Office,08:30,18:30,Contract,Active,2024-07-07,2.2,2030000,169167,95.4,Outstanding,False,98.0,4.9,36.2,81.9,84.5,11.7,3,71.8,7.0,True
10131,Priya Mehta 10131,employee10131@examplecorp.com,5,Team Lead,Team Lead,IT,IT Team A - M1,10130,Isha Mehta 10130,10001|10128|10129|10130|10131,5,9,9,Bengaluru Office,08:30,18:30,Full-time,Active,2022-05-13,4.3,1580000,131667,78.0,Meets Expectations,False,94.6,4.2,55.7,62.3,77.2,32.0,4,74.5,12.4,False
10132,Neha Mehta 10132,employee10132@examplecorp.com,5,Team Lead,Team Lead,IT,IT Team B - M1,10130,Isha Mehta 10130,10001|10128|10129|10130|10132,5,9,9,Chennai Office,10:00,18:00,Full-time,Active,2022-10-07,3.9,1310000,109167,86.0,Exceeds Expectations,False,95.0,10.5,61.7,74.1,81.9,41.0,5,93.0,7.0,True
10133,Sneha Mehta 10133,employee10133@examplecorp.com,5,Team Lead,Team Lead,IT,IT Team C - M1,10130,Isha Mehta 10130,10001|10128|10129|10130|10133,5,9,9,Pune Office,09:30,18:30,Full-time,Active,2016-03-26,10.4,1500000,125000,81.8,Exceeds Expectations,False,94.8,6.3,65.7,75.8,85.7,38.1,4,80.1,7.0,True
10134,Kavya Mehta 10134,employee10134@examplecorp.com,4,Manager,IT Manager 2,IT,IT Management,10129,Ananya Mehta 10129,10001|10128|10129|10134,4,3,27,Delhi Office,08:30,19:00,Full-time,Active,2023-03-03,3.5,2440000,203333,72.6,Meets Expectations,False,92.2,12.1,98.2,77.3,72.7,34.7,4,71.9,7.0,False
10135,Meera Mehta 10135,employee10135@examplecorp.com,5,Team Lead,Team Lead,IT,IT Team A - M2,10134,Kavya Mehta 10134,10001|10128|10129|10134|10135,5,8,8,Delhi Office,09:30,18:00,Full-time,Active,2018-06-03,8.2,1460000,121667,77.5,Meets Expectations,False,95.8,11.2,7.4,84.8,73.6,32.7,3,69.7,7.0,False
10136,Nisha Mehta 10136,employee10136@examplecorp.com,5,Team Lead,Team Lead,IT,IT Team B - M2,10134,Kavya Mehta 10134,10001|10128|10129|10134|10136,5,8,8,Chennai Office,08:30,18:30,Contract,Active,2025-12-09,0.7,1600000,133333,73.9,Meets Expectations,False,97.0,14.1,46.9,66.6,63.3,35.1,3,77.8,9.4,False
10137,Riya Mehta 10137,employee10137@examplecorp.com,5,Team Lead,Team Lead,IT,IT Team C - M2,10134,Kavya Mehta 10134,10001|10128|10129|10134|10137,5,8,8,Delhi Office,09:00,18:00,Full-time,Active,2015-05-31,11.3,1040000,86667,81.0,Exceeds Expectations,False,94.4,9.0,101.2,75.5,83.2,34.1,5,71.2,7.1,True
10138,Aditi Mehta 10138,employee10138@examplecorp.com,4,Manager,IT Manager 3,IT,IT Management,10129,Ananya Mehta 10129,10001|10128|10129|10138,4,3,27,Chennai Office,09:00,18:00,Contract,Active,2026-02-03,0.6,1750000,145833,80.7,Exceeds Expectations,False,96.2,19.7,37.1,75.8,77.3,39.8,4,61.6,7.0,False
10139,Sana Mehta 10139,employee10139@examplecorp.com,5,Team Lead,Team Lead,IT,IT Team A - M3,10138,Aditi Mehta 10138,10001|10128|10129|10138|10139,5,8,8,Mumbai Office,09:00,18:30,Full-time,Active,2019-10-22,6.9,1070000,89167,72.2,Meets Expectations,False,92.3,3.1,81.1,64.7,69.6,33.0,6,66.7,10.7,False
10140,Tanya Mehta 10140,employee10140@examplecorp.com,5,Team Lead,Team Lead,IT,IT Team B - M3,10138,Aditi Mehta 10138,10001|10128|10129|10138|10140,5,8,8,Bengaluru Office,08:30,19:00,Contract,Active,2024-06-16,2.2,1580000,131667,75.4,Meets Expectations,False,95.1,10.1,36.1,80.5,76.7,31.7,5,80.5,7.0,False
10141,Pooja Mehta 10141,employee10141@examplecorp.com,5,Team Lead,Team Lead,IT,IT Team C - M3,10138,Aditi Mehta 10138,10001|10128|10129|10138|10141,5,8,8,Pune Office,09:30,18:30,Contract,Active,2024-03-01,2.5,1500000,125000,85.6,Exceeds Expectations,False,96.5,7.6,80.4,81.9,88.2,50.5,3,70.8,7.0,True
10142,Simran Mehta 10142,employee10142@examplecorp.com,4,Manager,IT Manager 4,IT,IT Management,10129,Ananya Mehta 10129,10001|10128|10129|10142,4,3,27,Delhi Office,09:30,19:00,Full-time,Active,2019-06-15,7.2,2760000,230000,75.6,Meets Expectations,False,93.9,9.7,71.4,73.7,86.8,25.4,3,83.2,7.0,False
10143,Diya Mehta 10143,employee10143@examplecorp.com,5,Team Lead,Team Lead,IT,IT Team A - M4,10142,Simran Mehta 10142,10001|10128|10129|10142|10143,5,8,8,Delhi Office,09:30,18:30,Contract,Active,2018-11-01,7.8,1030000,85833,74.4,Meets Expectations,False,95.5,13.5,41.4,75.0,80.6,21.3,3,80.2,7.0,False
10144,Maya Mehta 10144,employee10144@examplecorp.com,5,Team Lead,Team Lead,IT,IT Team B - M4,10142,Simran Mehta 10142,10001|10128|10129|10142|10144,5,8,8,Pune Office,10:00,17:30,Full-time,Active,2020-08-26,6.0,1060000,88333,87.0,Exceeds Expectations,False,94.9,10.5,68.3,65.9,85.5,26.8,4,79.1,9.9,True
10145,Aarav Gupta 10145,employee10145@examplecorp.com,5,Team Lead,Team Lead,IT,IT Team C - M4,10142,Simran Mehta 10142,10001|10128|10129|10142|10145,5,8,8,Delhi Office,10:00,19:00,Full-time,Active,2018-01-04,8.7,1160000,96667,79.8,Exceeds Expectations,False,97.1,9.5,49.7,70.2,82.0,46.2,4,83.3,7.0,False
10146,Vivaan Gupta 10146,employee10146@examplecorp.com,6,Individual Contributor,Senior Software Engineer,Engineering,Engineering Team A - M1,10005,Rohan Sharma 10005,10001|10002|10003|10004|10005|10146,6,0,0,Delhi Office,08:30,17:30,Full-time,Active,2019-07-13,7.1,1080000,90000,87.8,Exceeds Expectations,False,95.6,6.0,55.3,76.8,67.3,45.1,5,76.5,7.0,False
10147,Aditya Gupta 10147,employee10147@examplecorp.com,6,Individual Contributor,Senior Software Engineer,Engineering,Engineering Team B - M1,10006,Rahul Sharma 10006,10001|10002|10003|10004|10006|10147,6,0,0,Mumbai Office,09:30,18:00,Full-time,Active,2023-01-02,3.7,850000,70833,76.5,Meets Expectations,False,92.6,10.7,44.5,67.2,69.3,26.2,5,74.5,9.0,False
10148,Arjun Gupta 10148,employee10148@examplecorp.com,6,Individual Contributor,Tech Lead,Engineering,Engineering Team C - M1,10007,Karan Sharma 10007,10001|10002|10003|10004|10007|10148,6,0,0,Mumbai Office,09:00,19:00,Full-time,Active,2021-11-21,4.8,630000,52500,70.9,Meets Expectations,False,91.4,0.0,31.1,82.9,67.5,30.5,3,77.0,7.0,False
10149,Rohan Gupta 10149,employee10149@examplecorp.com,6,Individual Contributor,Tech Lead,Engineering,Engineering Team A - M2,10009,Ananya Sharma 10009,10001|10002|10003|10008|10009|10149,6,0,0,Bengaluru Office,09:00,19:00,Full-time,Active,2018-10-05,7.9,730000,60833,78.4,Meets Expectations,False,92.0,3.1,2.4,56.6,70.9,16.9,4,70.1,16.4,False
10150,Rahul Gupta 10150,employee10150@examplecorp.com,6,Individual Contributor,Senior Software Engineer,Engineering,Engineering Team B - M2,10010,Isha Sharma 10010,10001|10002|10003|10008|10010|10150,6,0,0,Mumbai Office,10:00,18:00,Full-time,Active,2023-12-08,2.7,940000,78333,84.8,Exceeds Expectations,False,93.1,11.5,39.9,72.2,77.5,50.0,4,82.5,7.0,False
10151,Karan Gupta 10151,employee10151@examplecorp.com,6,Individual Contributor,Software Engineer,Engineering,Engineering Team C - M2,10011,Priya Sharma 10011,10001|10002|10003|10008|10011|10151,6,0,0,Delhi Office,09:00,18:30,Contract,Active,2025-08-01,1.1,1110000,92500,71.5,Meets Expectations,False,92.0,8.6,47.2,69.0,83.6,23.5,5,78.8,7.7,False
10152,Vikram Gupta 10152,employee10152@examplecorp.com,6,Individual Contributor,Tech Lead,Engineering,Engineering Team A - M3,10013,Sneha Sharma 10013,10001|10002|10003|10012|10013|10152,6,0,0,Chennai Office,10:00,18:00,Full-time,Active,2023-02-23,3.5,1080000,90000,75.0,Meets Expectations,False,94.0,3.2,90.3,69.7,70.5,43.4,4,81.2,7.2,False
10153,Ananya Gupta 10153,employee10153@examplecorp.com,6,Individual Contributor,Software Engineer,Engineering,Engineering Team B - M3,10014,Kavya Sharma 10014,10001|10002|10003|10012|10014|10153,6,0,0,Chennai Office,09:30,19:00,Full-time,On Leave,2026-04-20,0.4,1180000,98333,73.3,Meets Expectations,False,94.3,5.8,97.0,68.0,71.3,13.9,3,80.6,8.4,False
10154,Isha Gupta 10154,employee10154@examplecorp.com,6,Individual Contributor,Tech Lead,Engineering,Engineering Team C - M3,10015,Meera Sharma 10015,10001|10002|10003|10012|10015|10154,6,0,0,Delhi Office,10:00,17:30,Full-time,Active,2020-07-15,6.1,830000,69167,62.4,Developing,False,90.5,4.0,0.0,56.2,76.2,36.5,4,75.8,17.7,False
10155,Priya Gupta 10155,employee10155@examplecorp.com,6,Individual Contributor,Software Engineer,Engineering,Engineering Team A - M4,10017,Riya Sharma 10017,10001|10002|10003|10016|10017|10155,6,0,0,Delhi Office,10:00,18:30,Contract,Active,2021-08-03,5.1,1130000,94167,83.2,Exceeds Expectations,False,92.8,9.7,47.7,76.4,75.5,6.0,4,71.6,7.0,False
10156,Neha Gupta 10156,employee10156@examplecorp.com,6,Individual Contributor,Software Engineer,Engineering,Engineering Team B - M4,10018,Aditi Sharma 10018,10001|10002|10003|10016|10018|10156,6,0,0,Pune Office,09:30,18:00,Full-time,Active,2025-02-02,1.6,740000,61667,77.1,Meets Expectations,False,98.4,13.5,22.0,78.8,70.9,26.1,6,83.9,7.0,False
10157,Sneha Gupta 10157,employee10157@examplecorp.com,6,Individual Contributor,Software Engineer,Engineering,Engineering Team C - M4,10019,Sana Sharma 10019,10001|10002|10003|10016|10019|10157,6,0,0,Pune Office,08:30,18:00,Full-time,Active,2026-03-26,0.4,1100000,91667,80.6,Exceeds Expectations,False,95.6,9.3,63.8,72.5,91.5,22.1,5,84.4,7.0,False
10158,Kavya Gupta 10158,employee10158@examplecorp.com,6,Individual Contributor,Senior Sales Executive,Sales,Sales Team A - M1,10023,Diya Sharma 10023,10001|10020|10021|10022|10023|10158,6,0,0,Hyderabad Office,09:00,18:30,Full-time,Active,2015-08-14,11.0,600000,50000,77.5,Meets Expectations,False,90.9,8.5,72.3,75.1,78.4,11.3,4,75.4,7.0,False
10159,Meera Gupta 10159,employee10159@examplecorp.com,6,Individual Contributor,Sales Executive,Sales,Sales Team B - M1,10024,Maya Sharma 10024,10001|10020|10021|10022|10024|10159,6,0,0,Hyderabad Office,09:00,19:00,Contract,Active,2025-05-11,1.3,770000,64167,83.0,Exceeds Expectations,False,93.6,8.7,45.3,85.4,84.4,43.8,3,71.6,7.0,False
10160,Nisha Gupta 10160,employee10160@examplecorp.com,6,Individual Contributor,Senior Sales Executive,Sales,Sales Team C - M1,10025,Aarav Patel 10025,10001|10020|10021|10022|10025|10160,6,0,0,Mumbai Office,10:00,18:00,Contract,Active,2021-03-14,5.5,690000,57500,94.6,Outstanding,False,95.0,5.0,27.6,81.0,74.0,40.4,5,77.1,7.0,False
10161,Riya Gupta 10161,employee10161@examplecorp.com,6,Individual Contributor,Senior Sales Executive,Sales,Sales Team A - M2,10027,Aditya Patel 10027,10001|10020|10021|10026|10027|10161,6,0,0,Bengaluru Office,09:00,17:30,Contract,Active,2017-10-05,8.9,570000,47500,78.8,Meets Expectations,False,92.9,7.3,56.1,86.4,80.8,44.5,3,63.4,7.0,False
10162,Aditi Gupta 10162,employee10162@examplecorp.com,6,Individual Contributor,Sales Executive,Sales,Sales Team B - M2,10028,Arjun Patel 10028,10001|10020|10021|10026|10028|10162,6,0,0,Mumbai Office,10:00,18:30,Full-time,Active,2025-09-14,1.0,590000,49167,74.5,Meets Expectations,False,94.0,5.8,75.8,71.7,77.3,19.6,4,68.7,7.0,False
10163,Sana Gupta 10163,employee10163@examplecorp.com,6,Individual Contributor,Sales Executive,Sales,Sales Team C - M2,10029,Rohan Patel 10029,10001|10020|10021|10026|10029|10163,6,0,0,Hyderabad Office,09:30,19:00,Full-time,Active,2023-05-28,3.3,650000,54167,83.5,Exceeds Expectations,False,94.1,9.7,74.2,66.3,80.0,38.7,4,70.6,9.6,True
10164,Tanya Gupta 10164,employee10164@examplecorp.com,6,Individual Contributor,Account Executive,Sales,Sales Team A - M3,10031,Karan Patel 10031,10001|10020|10021|10030|10031|10164,6,0,0,Chennai Office,08:30,19:00,Full-time,Active,2020-09-11,6.0,950000,79167,76.7,Meets Expectations,False,95.6,6.3,24.6,74.2,82.6,32.7,1,63.2,7.0,False
10165,Pooja Gupta 10165,employee10165@examplecorp.com,6,Individual Contributor,Account Executive,Sales,Sales Team B - M3,10032,Vikram Patel 10032,10001|10020|10021|10030|10032|10165,6,0,0,Chennai Office,10:00,18:30,Full-time,Active,2017-05-11,9.3,950000,79167,89.2,Outstanding,False,96.2,2.8,56.5,78.2,89.1,19.5,3,70.2,7.0,True
10166,Simran Gupta 10166,employee10166@examplecorp.com,6,Individual Contributor,Senior Sales Executive,Sales,Sales Team C - M3,10033,Ananya Patel 10033,10001|10020|10021|10030|10033|10166,6,0,0,Bengaluru Office,09:00,19:00,Full-time,Active,2021-05-04,5.3,1090000,90833,67.0,Developing,False,93.4,9.7,85.7,69.3,64.6,45.0,2,79.7,7.5,False
10167,Diya Gupta 10167,employee10167@examplecorp.com,6,Individual Contributor,Senior Sales Executive,Sales,Sales Team A - M4,10035,Priya Patel 10035,10001|10020|10021|10034|10035|10167,6,0,0,Hyderabad Office,09:30,18:30,Full-time,Active,2017-09-25,8.9,1170000,97500,72.0,Meets Expectations,False,95.0,7.7,51.3,63.1,62.1,19.2,2,81.1,11.8,False
10168,Maya Gupta 10168,employee10168@examplecorp.com,6,Individual Contributor,Account Executive,Sales,Sales Team B - M4,10036,Neha Patel 10036,10001|10020|10021|10034|10036|10168,6,0,0,Pune Office,09:30,18:30,Full-time,Active,2023-03-24,3.4,460000,38333,72.3,Meets Expectations,False,94.1,8.0,25.9,78.3,71.3,21.9,4,63.4,7.0,False
10169,Aarav Verma 10169,employee10169@examplecorp.com,6,Individual Contributor,Account Executive,Sales,Sales Team C - M4,10037,Sneha Patel 10037,10001|10020|10021|10034|10037|10169,6,0,0,Bengaluru Office,10:00,17:30,Full-time,Active,2018-10-11,7.9,670000,55833,63.0,Developing,False,91.8,7.4,51.5,75.2,70.7,47.8,2,70.9,7.8,False
10170,Vivaan Verma 10170,employee10170@examplecorp.com,6,Individual Contributor,Marketing Executive,Marketing,Marketing Team A - M1,10041,Riya Patel 10041,10001|10038|10039|10040|10041|10170,6,0,0,Pune Office,10:00,19:00,Contract,Active,2019-01-20,7.6,1020000,85000,80.2,Exceeds Expectations,False,95.8,6.6,0.0,75.5,92.5,30.2,6,71.9,7.0,True
10171,Aditya Verma 10171,employee10171@examplecorp.com,6,Individual Contributor,Marketing Analyst,Marketing,Marketing Team B - M1,10042,Aditi Patel 10042,10001|10038|10039|10040|10042|10171,6,0,0,Delhi Office,09:00,17:30,Contract,Active,2026-01-12,0.6,640000,53333,89.2,Outstanding,False,94.8,10.7,15.0,73.3,81.7,32.2,5,75.7,7.0,False
10172,Arjun Verma 10172,employee10172@examplecorp.com,6,Individual Contributor,Marketing Executive,Marketing,Marketing Team C - M1,10043,Sana Patel 10043,10001|10038|10039|10040|10043|10172,6,0,0,Delhi Office,08:30,19:00,Full-time,Active,2020-05-27,6.3,1040000,86667,85.9,Exceeds Expectations,False,95.4,8.5,56.0,72.1,92.6,37.9,4,80.4,7.0,True
10173,Rohan Verma 10173,employee10173@examplecorp.com,6,Individual Contributor,Marketing Analyst,Marketing,Marketing Team A - M2,10045,Pooja Patel 10045,10001|10038|10039|10044|10045|10173,6,0,0,Mumbai Office,09:30,17:30,Full-time,Active,2019-05-10,7.3,1170000,97500,78.8,Meets Expectations,False,92.4,14.8,62.7,63.9,79.3,20.1,3,77.9,11.3,False
10174,Rahul Verma 10174,employee10174@examplecorp.com,6,Individual Contributor,Marketing Analyst,Marketing,Marketing Team B - M2,10046,Simran Patel 10046,10001|10038|10039|10044|10046|10174,6,0,0,Hyderabad Office,08:30,19:00,Full-time,Active,2020-10-10,5.9,570000,47500,89.2,Outstanding,False,98.0,9.8,40.7,71.3,66.6,40.2,5,88.5,7.0,False
10175,Karan Verma 10175,employee10175@examplecorp.com,6,Individual Contributor,Marketing Analyst,Marketing,Marketing Team C - M2,10047,Diya Patel 10047,10001|10038|10039|10044|10047|10175,6,0,0,Chennai Office,09:30,18:00,Contract,Active,2020-01-24,6.6,1150000,95833,86.4,Exceeds Expectations,False,95.1,12.5,57.4,78.6,92.8,35.1,5,84.6,7.0,True
10176,Vikram Verma 10176,employee10176@examplecorp.com,6,Individual Contributor,Marketing Specialist,Marketing,Marketing Team A - M3,10049,Aarav Reddy 10049,10001|10038|10039|10048|10049|10176,6,0,0,Mumbai Office,08:30,17:30,Full-time,Active,2021-11-25,4.8,660000,55000,76.8,Meets Expectations,False,92.1,5.3,83.5,69.7,73.0,45.2,4,61.2,7.2,False
10177,Ananya Verma 10177,employee10177@examplecorp.com,6,Individual Contributor,Marketing Analyst,Marketing,Marketing Team B - M3,10050,Vivaan Reddy 10050,10001|10038|10039|10048|10050|10177,6,0,0,Chennai Office,08:30,17:30,Full-time,Active,2025-05-22,1.3,980000,81667,86.9,Exceeds Expectations,False,93.9,10.2,46.6,76.3,96.4,28.1,4,74.0,7.0,False
10178,Isha Verma 10178,employee10178@examplecorp.com,6,Individual Contributor,Marketing Specialist,Marketing,Marketing Team C - M3,10051,Aditya Reddy 10051,10001|10038|10039|10048|10051|10178,6,0,0,Mumbai Office,10:00,18:00,Contract,Active,2023-09-04,3.0,460000,38333,86.4,Exceeds Expectations,False,97.4,8.8,81.4,77.4,77.2,31.1,3,80.1,7.0,False
10179,Priya Verma 10179,employee10179@examplecorp.com,6,Individual Contributor,Marketing Analyst,Marketing,Marketing Team A - M4,10053,Rohan Reddy 10053,10001|10038|10039|10052|10053|10179,6,0,0,Delhi Office,08:30,17:30,Full-time,Active,2015-11-29,10.8,640000,53333,84.5,Exceeds Expectations,False,95.4,3.5,39.5,70.2,72.3,32.4,4,68.5,7.0,False
10180,Neha Verma 10180,employee10180@examplecorp.com,6,Individual Contributor,Marketing Specialist,Marketing,Marketing Team B - M4,10054,Rahul Reddy 10054,10001|10038|10039|10052|10054|10180,6,0,0,Mumbai Office,09:00,18:00,Full-time,Active,2020-02-04,6.6,750000,62500,80.7,Exceeds Expectations,False,95.9,11.7,73.3,75.8,72.2,32.1,2,77.3,7.0,False
10181,Sneha Verma 10181,employee10181@examplecorp.com,6,Individual Contributor,Marketing Executive,Marketing,Marketing Team C - M4,10055,Karan Reddy 10055,10001|10038|10039|10052|10055|10181,6,0,0,Bengaluru Office,09:00,19:00,Full-time,Active,2025-10-20,0.9,830000,69167,81.7,Exceeds Expectations,False,95.6,4.7,52.4,73.3,79.2,52.0,5,65.3,7.0,False
10182,Kavya Verma 10182,employee10182@examplecorp.com,6,Individual Contributor,Finance Analyst,Finance,Finance Team A - M1,10059,Priya Reddy 10059,10001|10056|10057|10058|10059|10182,6,0,0,Pune Office,09:30,18:30,Full-time,Active,2025-01-08,1.6,470000,39167,75.5,Meets Expectations,False,95.6,7.7,55.4,72.6,81.3,49.8,4,73.2,7.0,False
10183,Meera Verma 10183,employee10183@examplecorp.com,6,Individual Contributor,Financial Analyst,Finance,Finance Team B - M1,10060,Neha Reddy 10060,10001|10056|10057|10058|10060|10183,6,0,0,Hyderabad Office,08:30,19:00,Full-time,Active,2019-05-21,7.3,700000,58333,79.7,Exceeds Expectations,False,95.4,15.4,31.9,73.7,71.2,45.0,3,66.0,7.0,False
10184,Nisha Verma 10184,employee10184@examplecorp.com,6,Individual Contributor,Finance Analyst,Finance,Finance Team C - M1,10061,Sneha Reddy 10061,10001|10056|10057|10058|10061|10184,6,0,0,Pune Office,10:00,19:00,Contract,Active,2018-05-18,8.3,970000,80833,78.5,Meets Expectations,False,93.8,11.7,57.5,66.4,74.3,50.3,5,67.2,9.5,False
10185,Riya Verma 10185,employee10185@examplecorp.com,6,Individual Contributor,Financial Analyst,Finance,Finance Team A - M2,10063,Meera Reddy 10063,10001|10056|10057|10062|10063|10185,6,0,0,Chennai Office,10:00,18:00,Full-time,Active,2024-06-23,2.2,570000,47500,67.8,Developing,False,91.5,9.1,24.4,68.7,66.7,33.5,3,85.9,7.9,False
10186,Aditi Verma 10186,employee10186@examplecorp.com,6,Individual Contributor,Financial Analyst,Finance,Finance Team B - M2,10064,Nisha Reddy 10064,10001|10056|10057|10062|10064|10186,6,0,0,Delhi Office,09:30,19:00,Full-time,Active,2015-03-22,11.4,960000,80000,94.5,Outstanding,False,95.7,10.0,15.7,82.3,93.7,30.8,3,73.1,7.0,True
10187,Sana Verma 10187,employee10187@examplecorp.com,6,Individual Contributor,Senior Financial Analyst,Finance,Finance Team C - M2,10065,Riya Reddy 10065,10001|10056|10057|10062|10065|10187,6,0,0,Chennai Office,09:00,17:30,Contract,Active,2019-05-11,7.3,840000,70000,79.6,Exceeds Expectations,False,90.7,11.4,61.6,75.0,102.3,44.8,4,78.4,7.0,False
10188,Tanya Verma 10188,employee10188@examplecorp.com,6,Individual Contributor,Senior Financial Analyst,Finance,Finance Team A - M3,10067,Sana Reddy 10067,10001|10056|10057|10066|10067|10188,6,0,0,Pune Office,10:00,19:00,Full-time,Active,2021-04-09,5.4,1170000,97500,80.9,Exceeds Expectations,False,96.5,8.1,34.3,62.3,79.0,22.3,4,68.1,12.4,False
10189,Pooja Verma 10189,employee10189@examplecorp.com,6,Individual Contributor,Financial Analyst,Finance,Finance Team B - M3,10068,Tanya Reddy 10068,10001|10056|10057|10066|10068|10189,6,0,0,Hyderabad Office,08:30,19:00,Full-time,Active,2021-05-13,5.3,1020000,85000,79.3,Exceeds Expectations,False,91.3,3.2,68.9,87.9,90.1,39.8,4,69.1,7.0,False
10190,Simran Verma 10190,employee10190@examplecorp.com,6,Individual Contributor,Finance Analyst,Finance,Finance Team C - M3,10069,Pooja Reddy 10069,10001|10056|10057|10066|10069|10190,6,0,0,Hyderabad Office,08:30,18:00,Contract,Active,2016-09-25,9.9,860000,71667,79.3,Exceeds Expectations,False,96.6,13.7,58.6,62.3,87.8,42.1,4,67.2,12.4,False
10191,Diya Verma 10191,employee10191@examplecorp.com,6,Individual Contributor,Financial Analyst,Finance,Finance Team A - M4,10071,Diya Reddy 10071,10001|10056|10057|10070|10071|10191,6,0,0,Chennai Office,09:00,18:00,Full-time,Active,2018-06-11,8.2,1030000,85833,81.8,Exceeds Expectations,False,92.4,3.8,38.4,76.8,87.4,12.0,3,77.1,7.0,True
10192,Maya Verma 10192,employee10192@examplecorp.com,6,Individual Contributor,Financial Analyst,Finance,Finance Team B - M4,10072,Maya Reddy 10072,10001|10056|10057|10070|10072|10192,6,0,0,Chennai Office,10:00,18:30,Full-time,Active,2019-12-02,6.7,790000,65833,80.9,Exceeds Expectations,False,91.1,6.3,9.8,76.6,88.5,38.7,5,75.3,7.0,True
10193,Aarav Kapoor 10193,employee10193@examplecorp.com,6,Individual Contributor,Finance Analyst,Finance,Finance Team C - M4,10073,Aarav Iyer 10073,10001|10056|10057|10070|10073|10193,6,0,0,Delhi Office,10:00,18:00,Full-time,Active,2019-03-09,7.5,630000,52500,86.2,Exceeds Expectations,False,97.3,8.5,80.2,91.4,72.0,37.6,2,72.3,7.0,False
10194,Vivaan Kapoor 10194,employee10194@examplecorp.com,6,Individual Contributor,HR Specialist,Human Resources,Human Resources Team A - M1,10077,Rohan Iyer 10077,10001|10074|10075|10076|10077|10194,6,0,0,Chennai Office,08:30,19:00,Full-time,Active,2016-11-12,9.8,790000,65833,77.0,Meets Expectations,False,95.6,11.0,49.8,65.7,69.6,26.2,4,69.0,10.0,False
10195,Aditya Kapoor 10195,employee10195@examplecorp.com,6,Individual Contributor,HR Executive,Human Resources,Human Resources Team B - M1,10078,Rahul Iyer 10078,10001|10074|10075|10076|10078|10195,6,0,0,Pune Office,09:00,18:00,Full-time,Active,2015-11-04,10.8,840000,70000,89.7,Outstanding,False,95.9,6.5,12.4,77.4,93.1,24.6,6,77.3,7.0,True
10196,Arjun Kapoor 10196,employee10196@examplecorp.com,6,Individual Contributor,HR Specialist,Human Resources,Human Resources Team C - M1,10079,Karan Iyer 10079,10001|10074|10075|10076|10079|10196,6,0,0,Bengaluru Office,09:30,18:00,Contract,Active,2019-12-09,6.7,1190000,99167,93.4,Outstanding,False,92.9,6.6,52.3,78.2,77.9,9.0,5,89.6,7.0,False
10197,Rohan Kapoor 10197,employee10197@examplecorp.com,6,Individual Contributor,HR Analyst,Human Resources,Human Resources Team A - M2,10081,Ananya Iyer 10081,10001|10074|10075|10080|10081|10197,6,0,0,Hyderabad Office,09:30,17:30,Full-time,Active,2022-11-25,3.8,1170000,97500,82.2,Exceeds Expectations,False,95.4,7.1,46.7,79.9,85.2,25.4,4,86.2,7.0,True
10198,Rahul Kapoor 10198,employee10198@examplecorp.com,6,Individual Contributor,HR Executive,Human Resources,Human Resources Team B - M2,10082,Isha Iyer 10082,10001|10074|10075|10080|10082|10198,6,0,0,Pune Office,09:30,17:30,Full-time,Active,2025-11-05,0.8,1150000,95833,92.5,Outstanding,False,93.7,2.8,51.6,84.6,95.2,23.3,3,71.0,7.0,False
10199,Karan Kapoor 10199,employee10199@examplecorp.com,6,Individual Contributor,HR Analyst,Human Resources,Human Resources Team C - M2,10083,Priya Iyer 10083,10001|10074|10075|10080|10083|10199,6,0,0,Mumbai Office,10:00,17:30,Contract,Active,2017-10-27,8.8,620000,51667,86.4,Exceeds Expectations,False,97.7,8.3,44.7,73.9,89.6,23.2,4,61.4,7.0,True
10200,Vikram Kapoor 10200,employee10200@examplecorp.com,6,Individual Contributor,HR Analyst,Human Resources,Human Resources Team A - M3,10085,Sneha Iyer 10085,10001|10074|10075|10084|10085|10200,6,0,0,Bengaluru Office,10:00,18:00,Full-time,Active,2020-01-16,6.6,460000,38333,81.6,Exceeds Expectations,False,93.9,10.4,41.9,71.1,82.8,9.2,6,72.6,7.0,True
10201,Ananya Kapoor 10201,employee10201@examplecorp.com,6,Individual Contributor,HR Executive,Human Resources,Human Resources Team B - M3,10086,Kavya Iyer 10086,10001|10074|10075|10084|10086|10201,6,0,0,Chennai Office,10:00,17:30,Full-time,Active,2015-04-25,11.4,650000,54167,66.9,Developing,False,91.9,7.4,70.1,71.0,80.7,20.2,3,78.4,7.0,False
10202,Isha Kapoor 10202,employee10202@examplecorp.com,6,Individual Contributor,HR Analyst,Human Resources,Human Resources Team C - M3,10087,Meera Iyer 10087,10001|10074|10075|10084|10087|10202,6,0,0,Hyderabad Office,10:00,17:30,Contract,Active,2019-03-14,7.5,530000,44167,80.5,Exceeds Expectations,False,95.1,5.9,50.3,79.1,83.8,29.8,4,66.2,7.0,True
10203,Priya Kapoor 10203,employee10203@examplecorp.com,6,Individual Contributor,HR Executive,Human Resources,Human Resources Team A - M4,10089,Riya Iyer 10089,10001|10074|10075|10088|10089|10203,6,0,0,Chennai Office,08:30,17:30,Full-time,Active,2025-09-25,0.9,530000,44167,79.6,Exceeds Expectations,False,95.0,11.4,99.1,75.7,68.6,22.5,4,73.0,7.0,False
10204,Neha Kapoor 10204,employee10204@examplecorp.com,6,Individual Contributor,HR Executive,Human Resources,Human Resources Team B - M4,10090,Aditi Iyer 10090,10001|10074|10075|10088|10090|10204,6,0,0,Chennai Office,10:00,18:30,Full-time,Active,2024-12-13,1.7,1160000,96667,67.7,Developing,False,90.2,0.0,57.4,78.0,68.3,28.1,3,73.0,7.0,False
10205,Sneha Kapoor 10205,employee10205@examplecorp.com,6,Individual Contributor,HR Executive,Human Resources,Human Resources Team C - M4,10091,Sana Iyer 10091,10001|10074|10075|10088|10091|10205,6,0,0,Chennai Office,09:30,18:30,Full-time,Active,2019-07-10,7.1,1080000,90000,99.0,Outstanding,False,98.4,2.0,44.1,89.4,85.5,42.9,3,76.6,7.0,True
10206,Kavya Kapoor 10206,employee10206@examplecorp.com,6,Individual Contributor,Operations Analyst,Operations,Operations Team A - M1,10095,Diya Iyer 10095,10001|10092|10093|10094|10095|10206,6,0,0,Bengaluru Office,10:00,18:30,Full-time,Active,2023-05-23,3.3,940000,78333,70.0,Meets Expectations,False,93.9,7.1,22.5,69.5,81.3,41.2,4,70.6,7.4,False
10207,Meera Kapoor 10207,employee10207@examplecorp.com,6,Individual Contributor,Operations Specialist,Operations,Operations Team B - M1,10096,Maya Iyer 10096,10001|10092|10093|10094|10096|10207,6,0,0,Mumbai Office,08:30,18:00,Full-time,Active,2024-09-23,1.9,890000,74167,83.9,Exceeds Expectations,False,97.1,0.2,54.2,85.5,69.2,27.0,5,72.7,7.0,False
10208,Nisha Kapoor 10208,employee10208@examplecorp.com,6,Individual Contributor,Operations Analyst,Operations,Operations Team C - M1,10097,Aarav Nair 10097,10001|10092|10093|10094|10097|10208,6,0,0,Chennai Office,08:30,17:30,Contract,Active,2021-01-28,5.6,920000,76667,65.6,Developing,False,94.3,12.6,65.1,74.7,65.4,14.4,5,71.3,7.0,False
10209,Riya Kapoor 10209,employee10209@examplecorp.com,6,Individual Contributor,Operations Specialist,Operations,Operations Team A - M2,10099,Aditya Nair 10099,10001|10092|10093|10098|10099|10209,6,0,0,Hyderabad Office,09:00,19:00,Full-time,Active,2022-09-12,4.0,1170000,97500,85.7,Exceeds Expectations,False,97.2,4.7,77.3,69.6,77.9,26.1,3,86.2,7.3,False
10210,Aditi Kapoor 10210,employee10210@examplecorp.com,6,Individual Contributor,Operations Specialist,Operations,Operations Team B - M2,10100,Arjun Nair 10100,10001|10092|10093|10098|10100|10210,6,0,0,Mumbai Office,10:00,18:00,Full-time,Active,2022-11-07,3.8,1170000,97500,81.2,Exceeds Expectations,False,96.7,10.5,38.4,84.7,80.0,35.4,4,76.7,7.0,True
10211,Sana Kapoor 10211,employee10211@examplecorp.com,6,Individual Contributor,Operations Specialist,Operations,Operations Team C - M2,10101,Rohan Nair 10101,10001|10092|10093|10098|10101|10211,6,0,0,Delhi Office,09:00,18:30,Full-time,Active,2017-03-25,9.4,750000,62500,73.5,Meets Expectations,False,92.5,4.4,61.0,73.9,100.9,18.1,4,69.7,7.0,False
10212,Tanya Kapoor 10212,employee10212@examplecorp.com,6,Individual Contributor,Operations Specialist,Operations,Operations Team A - M3,10103,Karan Nair 10103,10001|10092|10093|10102|10103|10212,6,0,0,Pune Office,09:30,17:30,Full-time,Active,2022-12-31,3.7,530000,44167,83.4,Exceeds Expectations,False,93.5,5.5,48.7,74.3,81.7,30.5,5,65.4,7.0,True
10213,Pooja Kapoor 10213,employee10213@examplecorp.com,6,Individual Contributor,Operations Executive,Operations,Operations Team B - M3,10104,Vikram Nair 10104,10001|10092|10093|10102|10104|10213,6,0,0,Chennai Office,09:00,19:00,Full-time,Active,2024-11-27,1.8,1100000,91667,75.1,Meets Expectations,False,97.0,10.5,10.2,66.7,71.4,24.3,4,67.4,9.3,False
10214,Simran Kapoor 10214,employee10214@examplecorp.com,6,Individual Contributor,Operations Executive,Operations,Operations Team C - M3,10105,Ananya Nair 10105,10001|10092|10093|10102|10105|10214,6,0,0,Bengaluru Office,08:30,17:30,Full-time,Active,2022-04-11,4.4,1200000,100000,79.5,Exceeds Expectations,False,97.5,8.3,71.3,73.6,88.6,49.6,4,85.8,7.0,False
10215,Diya Kapoor 10215,employee10215@examplecorp.com,6,Individual Contributor,Operations Specialist,Operations,Operations Team A - M4,10107,Priya Nair 10107,10001|10092|10093|10106|10107|10215,6,0,0,Bengaluru Office,10:00,18:00,Contract,Active,2024-02-29,2.5,1040000,86667,84.2,Exceeds Expectations,False,98.2,8.9,32.0,81.3,70.2,51.1,4,75.1,7.0,False
10216,Maya Kapoor 10216,employee10216@examplecorp.com,6,Individual Contributor,Operations Specialist,Operations,Operations Team B - M4,10108,Neha Nair 10108,10001|10092|10093|10106|10108|10216,6,0,0,Mumbai Office,10:00,18:00,Full-time,Active,2021-02-08,5.6,790000,65833,63.3,Developing,False,96.8,15.1,35.3,64.3,70.1,30.9,5,80.9,11.7,False
10217,Aarav Singh 10217,employee10217@examplecorp.com,6,Individual Contributor,Operations Specialist,Operations,Operations Team C - M4,10109,Sneha Nair 10109,10001|10092|10093|10106|10109|10217,6,0,0,Hyderabad Office,09:00,17:30,Full-time,On Leave,2023-11-01,2.8,1100000,91667,79.3,Exceeds Expectations,False,96.3,1.5,76.8,65.4,77.1,31.8,4,81.2,10.2,False
10218,Vivaan Singh 10218,employee10218@examplecorp.com,6,Individual Contributor,Product Analyst,Product,Product Team A - M1,10113,Riya Nair 10113,10001|10110|10111|10112|10113|10218,6,0,0,Bengaluru Office,09:30,18:30,Full-time,Active,2024-05-31,2.3,790000,65833,83.8,Exceeds Expectations,False,94.8,4.7,47.3,78.9,89.1,10.7,5,89.6,7.0,True
10219,Aditya Singh 10219,employee10219@examplecorp.com,6,Individual Contributor,Product Analyst,Product,Product Team B - M1,10114,Aditi Nair 10114,10001|10110|10111|10112|10114|10219,6,0,0,Mumbai Office,09:00,17:30,Contract,Active,2016-11-25,9.8,920000,76667,77.6,Meets Expectations,False,89.9,13.3,5.5,72.3,77.6,29.2,4,78.8,7.0,False
10220,Arjun Singh 10220,employee10220@examplecorp.com,6,Individual Contributor,Product Specialist,Product,Product Team C - M1,10115,Sana Nair 10115,10001|10110|10111|10112|10115|10220,6,0,0,Bengaluru Office,09:30,18:00,Full-time,Active,2016-07-27,10.1,1120000,93333,83.2,Exceeds Expectations,False,95.3,9.8,59.9,72.9,90.3,28.9,5,92.6,7.0,True
10221,Rohan Singh 10221,employee10221@examplecorp.com,6,Individual Contributor,Product Specialist,Product,Product Team A - M2,10117,Pooja Nair 10117,10001|10110|10111|10116|10117|10221,6,0,0,Chennai Office,08:30,18:00,Full-time,Active,2023-02-19,3.5,900000,75000,75.6,Meets Expectations,False,94.1,10.8,49.0,58.1,94.7,30.0,5,64.9,15.3,False
10222,Rahul Singh 10222,employee10222@examplecorp.com,6,Individual Contributor,Product Manager,Product,Product Team B - M2,10118,Simran Nair 10118,10001|10110|10111|10116|10118|10222,6,0,0,Mumbai Office,10:00,17:30,Full-time,Active,2022-11-29,3.8,900000,75000,73.4,Meets Expectations,False,95.8,9.9,72.5,66.1,64.2,36.9,5,90.1,9.7,False
10223,Karan Singh 10223,employee10223@examplecorp.com,6,Individual Contributor,Product Analyst,Product,Product Team C - M2,10119,Diya Nair 10119,10001|10110|10111|10116|10119|10223,6,0,0,Pune Office,08:30,18:00,Full-time,Active,2020-05-17,6.3,870000,72500,68.9,Developing,False,92.4,10.0,30.1,84.8,72.2,29.6,4,61.5,7.0,False
10224,Vikram Singh 10224,employee10224@examplecorp.com,6,Individual Contributor,Product Specialist,Product,Product Team A - M3,10121,Aarav Mehta 10121,10001|10110|10111|10120|10121|10224,6,0,0,Delhi Office,09:30,18:00,Contract,Active,2015-12-04,10.7,1040000,86667,82.9,Exceeds Expectations,False,95.5,7.4,25.6,85.5,89.1,51.0,4,88.7,7.0,True
10225,Ananya Singh 10225,employee10225@examplecorp.com,6,Individual Contributor,Product Specialist,Product,Product Team B - M3,10122,Vivaan Mehta 10122,10001|10110|10111|10120|10122|10225,6,0,0,Pune Office,09:30,19:00,Contract,Active,2018-10-27,7.8,800000,66667,84.7,Exceeds Expectations,False,91.8,8.0,61.8,78.2,74.0,34.0,4,63.6,7.0,False
10226,Isha Singh 10226,employee10226@examplecorp.com,6,Individual Contributor,Product Specialist,Product,Product Team C - M3,10123,Aditya Mehta 10123,10001|10110|10111|10120|10123|10226,6,0,0,Delhi Office,08:30,18:00,Full-time,Active,2025-12-22,0.7,1030000,85833,74.7,Meets Expectations,False,94.0,17.5,14.2,70.5,80.6,25.1,3,72.7,7.0,False
10227,Priya Singh 10227,employee10227@examplecorp.com,6,Individual Contributor,Product Manager,Product,Product Team A - M4,10125,Rohan Mehta 10125,10001|10110|10111|10124|10125|10227,6,0,0,Bengaluru Office,10:00,19:00,Contract,Active,2023-01-23,3.6,520000,43333,79.8,Exceeds Expectations,False,94.4,7.4,54.8,80.0,69.3,38.0,5,68.1,7.0,False
10228,Neha Singh 10228,employee10228@examplecorp.com,6,Individual Contributor,Product Analyst,Product,Product Team B - M4,10126,Rahul Mehta 10126,10001|10110|10111|10124|10126|10228,6,0,0,Pune Office,08:30,19:00,Contract,Active,2023-03-31,3.4,480000,40000,84.6,Exceeds Expectations,False,96.5,10.4,66.2,77.7,87.8,30.3,5,76.9,7.0,True
10229,Sneha Singh 10229,employee10229@examplecorp.com,6,Individual Contributor,Product Manager,Product,Product Team C - M4,10127,Karan Mehta 10127,10001|10110|10111|10124|10127|10229,6,0,0,Bengaluru Office,08:30,17:30,Contract,Active,2018-07-11,8.1,950000,79167,87.9,Exceeds Expectations,False,93.9,6.4,59.7,83.3,91.3,38.5,5,70.8,7.0,True
10230,Kavya Singh 10230,employee10230@examplecorp.com,6,Individual Contributor,IT Specialist,IT,IT Team A - M1,10131,Priya Mehta 10131,10001|10128|10129|10130|10131|10230,6,0,0,Hyderabad Office,08:30,18:30,Contract,Active,2024-02-09,2.6,1080000,90000,84.9,Exceeds Expectations,False,97.1,7.3,42.3,76.2,81.8,4.0,5,71.0,7.0,True
10231,Meera Singh 10231,employee10231@examplecorp.com,6,Individual Contributor,IT Support Engineer,IT,IT Team B - M1,10132,Neha Mehta 10132,10001|10128|10129|10130|10132|10231,6,0,0,Bengaluru Office,10:00,19:00,Full-time,Active,2016-02-05,10.6,660000,55000,85.0,Exceeds Expectations,False,95.9,3.1,67.1,84.3,76.8,23.6,2,73.5,7.0,False
10232,Nisha Singh 10232,employee10232@examplecorp.com,6,Individual Contributor,IT Support Engineer,IT,IT Team C - M1,10133,Sneha Mehta 10133,10001|10128|10129|10130|10133|10232,6,0,0,Chennai Office,09:30,19:00,Full-time,Active,2016-07-29,10.1,1080000,90000,87.6,Exceeds Expectations,False,94.8,2.9,50.2,66.6,83.3,33.9,3,70.1,9.4,True
10233,Riya Singh 10233,employee10233@examplecorp.com,6,Individual Contributor,IT Specialist,IT,IT Team A - M2,10135,Meera Mehta 10135,10001|10128|10129|10134|10135|10233,6,0,0,Hyderabad Office,10:00,18:30,Full-time,Active,2018-09-01,8.0,1200000,100000,82.3,Exceeds Expectations,False,95.5,2.6,79.9,69.8,76.3,17.3,3,72.9,7.1,False
10234,Aditi Singh 10234,employee10234@examplecorp.com,6,Individual Contributor,Systems Administrator,IT,IT Team B - M2,10136,Nisha Mehta 10136,10001|10128|10129|10134|10136|10234,6,0,0,Delhi Office,09:00,18:30,Full-time,Active,2019-12-16,6.7,450000,37500,90.2,Outstanding,False,95.8,7.3,98.5,69.8,87.0,30.4,6,72.1,7.1,True
10235,Sana Singh 10235,employee10235@examplecorp.com,6,Individual Contributor,IT Specialist,IT,IT Team C - M2,10137,Riya Mehta 10137,10001|10128|10129|10134|10137|10235,6,0,0,Hyderabad Office,10:00,17:30,Full-time,Active,2021-11-08,4.8,1090000,90833,73.5,Meets Expectations,False,93.1,7.1,64.5,67.0,78.4,26.5,4,69.7,9.1,False
10236,Tanya Singh 10236,employee10236@examplecorp.com,6,Individual Contributor,IT Specialist,IT,IT Team A - M3,10139,Sana Mehta 10139,10001|10128|10129|10138|10139|10236,6,0,0,Chennai Office,09:00,18:00,Full-time,Active,2017-03-09,9.5,1040000,86667,76.8,Meets Expectations,False,90.9,10.4,39.3,70.3,93.2,43.3,5,71.7,7.0,False
10237,Pooja Singh 10237,employee10237@examplecorp.com,6,Individual Contributor,IT Support Engineer,IT,IT Team B - M3,10140,Tanya Mehta 10140,10001|10128|10129|10138|10140|10237,6,0,0,Bengaluru Office,09:00,18:00,Full-time,Active,2022-12-28,3.7,920000,76667,94.2,Outstanding,False,94.9,9.3,19.2,68.3,87.2,20.5,5,74.7,8.2,True
10238,Simran Singh 10238,employee10238@examplecorp.com,6,Individual Contributor,Systems Administrator,IT,IT Team C - M3,10141,Pooja Mehta 10141,10001|10128|10129|10138|10141|10238,6,0,0,Bengaluru Office,09:30,19:00,Contract,Active,2018-11-20,7.8,830000,69167,71.9,Meets Expectations,False,94.8,14.1,59.6,66.1,80.5,13.7,5,66.0,9.7,False
10239,Diya Singh 10239,employee10239@examplecorp.com,6,Individual Contributor,IT Support Engineer,IT,IT Team A - M4,10143,Diya Mehta 10143,10001|10128|10129|10142|10143|10239,6,0,0,Pune Office,08:30,18:30,Full-time,Active,2020-06-09,6.2,1070000,89167,71.8,Meets Expectations,False,94.7,8.1,62.1,72.2,68.5,15.9,3,63.9,7.0,False
10240,Maya Singh 10240,employee10240@examplecorp.com,6,Individual Contributor,IT Specialist,IT,IT Team B - M4,10144,Maya Mehta 10144,10001|10128|10129|10142|10144|10240,6,0,0,Mumbai Office,09:30,18:00,Contract,Active,2025-02-15,1.5,950000,79167,67.6,Developing,False,92.5,5.9,53.1,57.1,89.6,54.1,4,78.3,16.0,False
10241,Aarav Das 10241,employee10241@examplecorp.com,6,Individual Contributor,Systems Administrator,IT,IT Team C - M4,10145,Aarav Gupta 10145,10001|10128|10129|10142|10145|10241,6,0,0,Mumbai Office,08:30,19:00,Full-time,Active,2017-02-10,9.6,470000,39167,71.4,Meets Expectations,False,95.7,5.5,45.9,64.5,87.7,34.1,6,65.9,10.9,False
10242,Vivaan Das 10242,employee10242@examplecorp.com,6,Individual Contributor,Software Engineer,Engineering,Engineering Team A - M1,10005,Rohan Sharma 10005,10001|10002|10003|10004|10005|10242,6,0,0,Bengaluru Office,08:30,18:00,Full-time,Active,2020-02-22,6.5,820000,68333,82.3,Exceeds Expectations,False,93.3,13.0,57.5,68.2,86.5,25.0,4,79.4,8.3,True
10243,Aditya Das 10243,employee10243@examplecorp.com,6,Individual Contributor,Senior Software Engineer,Engineering,Engineering Team B - M1,10006,Rahul Sharma 10006,10001|10002|10003|10004|10006|10243,6,0,0,Bengaluru Office,09:30,18:00,Full-time,Active,2025-11-16,0.8,910000,75833,91.8,Outstanding,False,100.0,2.4,55.9,80.4,101.9,29.5,4,77.5,7.0,False
10244,Arjun Das 10244,employee10244@examplecorp.com,6,Individual Contributor,Senior Software Engineer,Engineering,Engineering Team C - M1,10007,Karan Sharma 10007,10001|10002|10003|10004|10007|10244,6,0,0,Chennai Office,08:30,18:30,Full-time,Active,2020-09-14,6.0,1070000,89167,84.4,Exceeds Expectations,False,93.7,8.7,72.4,65.9,72.0,33.4,4,77.7,9.9,False
10245,Rohan Das 10245,employee10245@examplecorp.com,6,Individual Contributor,Senior Software Engineer,Engineering,Engineering Team A - M2,10009,Ananya Sharma 10009,10001|10002|10003|10008|10009|10245,6,0,0,Delhi Office,10:00,18:30,Full-time,Active,2016-10-20,9.9,800000,66667,88.0,Exceeds Expectations,False,93.3,12.8,5.0,69.0,85.2,39.3,4,68.0,7.7,True
10246,Rahul Das 10246,employee10246@examplecorp.com,6,Individual Contributor,Software Engineer,Engineering,Engineering Team B - M2,10010,Isha Sharma 10010,10001|10002|10003|10008|10010|10246,6,0,0,Chennai Office,08:30,19:00,Contract,Active,2015-11-14,10.8,1110000,92500,90.5,Outstanding,False,96.8,3.4,6.6,87.1,87.4,33.3,4,74.7,7.0,True
10247,Karan Das 10247,employee10247@examplecorp.com,6,Individual Contributor,Senior Software Engineer,Engineering,Engineering Team C - M2,10011,Priya Sharma 10011,10001|10002|10003|10008|10011|10247,6,0,0,Hyderabad Office,09:00,19:00,Full-time,Active,2024-01-25,2.6,980000,81667,91.4,Outstanding,False,97.6,10.9,25.3,75.6,80.1,24.4,4,75.6,7.0,True
10248,Vikram Das 10248,employee10248@examplecorp.com,6,Individual Contributor,Tech Lead,Engineering,Engineering Team A - M3,10013,Sneha Sharma 10013,10001|10002|10003|10012|10013|10248,6,0,0,Chennai Office,10:00,19:00,Full-time,Active,2022-07-04,4.2,700000,58333,64.2,Developing,False,94.0,12.4,47.2,62.2,67.0,42.6,6,64.2,12.8,False
10249,Ananya Das 10249,employee10249@examplecorp.com,6,Individual Contributor,Tech Lead,Engineering,Engineering Team B - M3,10014,Kavya Sharma 10014,10001|10002|10003|10012|10014|10249,6,0,0,Hyderabad Office,09:00,19:00,Full-time,Active,2015-07-16,11.1,1010000,84167,84.4,Exceeds Expectations,False,98.5,12.3,91.9,76.2,91.7,36.3,5,78.6,7.0,True
10250,Isha Das 10250,employee10250@examplecorp.com,6,Individual Contributor,Software Engineer,Engineering,Engineering Team C - M3,10015,Meera Sharma 10015,10001|10002|10003|10012|10015|10250,6,0,0,Chennai Office,10:00,19:00,Full-time,Active,2025-01-17,1.6,640000,53333,75.6,Meets Expectations,False,94.3,13.1,0.0,77.8,82.7,33.9,3,82.0,7.0,False
10251,Priya Das 10251,employee10251@examplecorp.com,6,Individual Contributor,Tech Lead,Engineering,Engineering Team A - M4,10017,Riya Sharma 10017,10001|10002|10003|10016|10017|10251,6,0,0,Hyderabad Office,09:00,18:30,Full-time,Active,2022-09-08,4.0,490000,40833,80.3,Exceeds Expectations,False,95.4,6.4,63.7,83.5,72.1,52.2,5,73.9,7.0,False
10252,Neha Das 10252,employee10252@examplecorp.com,6,Individual Contributor,Tech Lead,Engineering,Engineering Team B - M4,10018,Aditi Sharma 10018,10001|10002|10003|10016|10018|10252,6,0,0,Chennai Office,10:00,18:00,Full-time,Active,2021-12-12,4.7,950000,79167,86.4,Exceeds Expectations,False,93.5,7.1,76.6,77.3,80.8,33.9,6,81.8,7.0,True
10253,Sneha Das 10253,employee10253@examplecorp.com,6,Individual Contributor,Tech Lead,Engineering,Engineering Team C - M4,10019,Sana Sharma 10019,10001|10002|10003|10016|10019|10253,6,0,0,Pune Office,08:30,19:00,Full-time,Active,2017-07-19,9.1,930000,77500,73.2,Meets Expectations,False,93.5,7.8,39.2,66.0,87.5,20.4,3,81.1,9.8,False
10254,Kavya Das 10254,employee10254@examplecorp.com,6,Individual Contributor,Senior Sales Executive,Sales,Sales Team A - M1,10023,Diya Sharma 10023,10001|10020|10021|10022|10023|10254,6,0,0,Chennai Office,08:30,17:30,Full-time,Active,2022-09-30,3.9,1060000,88333,83.8,Exceeds Expectations,False,95.7,6.5,44.4,65.7,96.0,26.7,4,68.4,10.0,True
10255,Meera Das 10255,employee10255@examplecorp.com,6,Individual Contributor,Sales Executive,Sales,Sales Team B - M1,10024,Maya Sharma 10024,10001|10020|10021|10022|10024|10255,6,0,0,Delhi Office,09:00,19:00,Contract,Active,2022-06-03,4.2,450000,37500,75.9,Meets Expectations,False,94.8,8.3,86.6,69.8,84.9,36.1,4,74.3,7.1,False
10256,Nisha Das 10256,employee10256@examplecorp.com,6,Individual Contributor,Sales Executive,Sales,Sales Team C - M1,10025,Aarav Patel 10025,10001|10020|10021|10022|10025|10256,6,0,0,Pune Office,09:00,17:30,Full-time,Active,2019-03-03,7.5,800000,66667,75.5,Meets Expectations,False,93.7,13.7,9.3,76.7,81.2,39.6,6,80.9,7.0,False
10257,Riya Das 10257,employee10257@examplecorp.com,6,Individual Contributor,Senior Sales Executive,Sales,Sales Team A - M2,10027,Aditya Patel 10027,10001|10020|10021|10026|10027|10257,6,0,0,Hyderabad Office,09:00,17:30,Full-time,Active,2019-02-14,7.5,590000,49167,92.6,Outstanding,False,94.0,0.6,28.0,85.6,87.1,20.6,4,70.7,7.0,True
10258,Aditi Das 10258,employee10258@examplecorp.com,6,Individual Contributor,Senior Sales Executive,Sales,Sales Team B - M2,10028,Arjun Patel 10028,10001|10020|10021|10026|10028|10258,6,0,0,Bengaluru Office,09:30,18:30,Full-time,Active,2024-01-04,2.7,610000,50833,63.6,Developing,False,94.1,11.5,39.8,64.1,72.1,22.4,3,72.8,11.7,False
10259,Sana Das 10259,employee10259@examplecorp.com,6,Individual Contributor,Sales Executive,Sales,Sales Team C - M2,10029,Rohan Patel 10029,10001|10020|10021|10026|10029|10259,6,0,0,Pune Office,09:30,18:00,Full-time,Active,2019-09-27,6.9,760000,63333,95.9,Outstanding,False,94.2,13.7,0.0,67.5,80.6,32.1,5,84.2,8.8,True
10260,Tanya Das 10260,employee10260@examplecorp.com,6,Individual Contributor,Sales Executive,Sales,Sales Team A - M3,10031,Karan Patel 10031,10001|10020|10021|10030|10031|10260,6,0,0,Mumbai Office,08:30,18:30,Full-time,Active,2026-03-05,0.5,680000,56667,81.1,Exceeds Expectations,False,94.7,8.8,40.8,79.5,87.7,44.8,4,82.2,7.0,False
10261,Pooja Das 10261,employee10261@examplecorp.com,6,Individual Contributor,Account Executive,Sales,Sales Team B - M3,10032,Vikram Patel 10032,10001|10020|10021|10030|10032|10261,6,0,0,Mumbai Office,09:30,18:30,Full-time,Active,2020-06-21,6.2,730000,60833,86.9,Exceeds Expectations,False,95.5,2.6,18.7,76.7,85.4,34.1,5,80.6,7.0,True
10262,Simran Das 10262,employee10262@examplecorp.com,6,Individual Contributor,Sales Executive,Sales,Sales Team C - M3,10033,Ananya Patel 10033,10001|10020|10021|10030|10033|10262,6,0,0,Bengaluru Office,09:30,17:30,Full-time,Active,2016-04-09,10.4,640000,53333,69.7,Meets Expectations,False,91.2,2.7,16.7,70.6,67.9,34.7,5,72.5,7.0,False
10263,Diya Das 10263,employee10263@examplecorp.com,6,Individual Contributor,Account Executive,Sales,Sales Team A - M4,10035,Priya Patel 10035,10001|10020|10021|10034|10035|10263,6,0,0,Delhi Office,09:30,19:00,Full-time,Active,2015-12-20,10.7,540000,45000,76.3,Meets Expectations,False,95.2,1.3,51.3,74.0,76.4,31.6,5,69.0,7.0,False
10264,Maya Das 10264,employee10264@examplecorp.com,6,Individual Contributor,Senior Sales Executive,Sales,Sales Team B - M4,10036,Neha Patel 10036,10001|10020|10021|10034|10036|10264,6,0,0,Chennai Office,09:30,17:30,Contract,Active,2022-09-09,4.0,750000,62500,74.3,Meets Expectations,False,93.1,12.3,31.3,63.4,75.9,17.1,4,76.8,11.6,False
10265,Aarav Rao 10265,employee10265@examplecorp.com,6,Individual Contributor,Sales Executive,Sales,Sales Team C - M4,10037,Sneha Patel 10037,10001|10020|10021|10034|10037|10265,6,0,0,Chennai Office,08:30,18:00,Full-time,Active,2020-07-14,6.1,1200000,100000,60.1,Developing,False,94.0,2.0,56.2,65.4,68.9,30.6,3,69.0,12.2,False
10266,Vivaan Rao 10266,employee10266@examplecorp.com,6,Individual Contributor,Marketing Executive,Marketing,Marketing Team A - M1,10041,Riya Patel 10041,10001|10038|10039|10040|10041|10266,6,0,0,Chennai Office,09:00,17:30,Full-time,Active,2019-04-03,7.4,670000,55833,82.6,Exceeds Expectations,False,91.1,8.1,13.1,71.2,89.6,42.2,2,74.3,7.0,True
10267,Aditya Rao 10267,employee10267@examplecorp.com,6,Individual Contributor,Marketing Analyst,Marketing,Marketing Team B - M1,10042,Aditi Patel 10042,10001|10038|10039|10040|10042|10267,6,0,0,Mumbai Office,10:00,18:30,Contract,Active,2020-12-09,5.7,610000,50833,87.2,Exceeds Expectations,False,94.0,4.5,76.9,75.4,80.4,64.6,5,87.1,7.0,True
10268,Arjun Rao 10268,employee10268@examplecorp.com,6,Individual Contributor,Marketing Executive,Marketing,Marketing Team C - M1,10043,Sana Patel 10043,10001|10038|10039|10040|10043|10268,6,0,0,Chennai Office,10:00,18:30,Full-time,Probation,2016-05-13,10.3,940000,78333,71.6,Meets Expectations,False,88.9,7.6,30.4,65.7,77.2,36.6,4,77.6,10.0,False
10269,Rohan Rao 10269,employee10269@examplecorp.com,6,Individual Contributor,Marketing Specialist,Marketing,Marketing Team A - M2,10045,Pooja Patel 10045,10001|10038|10039|10044|10045|10269,6,0,0,Chennai Office,09:00,17:30,Full-time,Active,2016-05-21,10.3,1200000,100000,88.7,Exceeds Expectations,False,98.1,4.9,50.5,75.4,90.3,12.1,4,88.2,7.0,True
10270,Rahul Rao 10270,employee10270@examplecorp.com,6,Individual Contributor,Marketing Specialist,Marketing,Marketing Team B - M2,10046,Simran Patel 10046,10001|10038|10039|10044|10046|10270,6,0,0,Delhi Office,09:30,18:30,Full-time,Active,2022-06-17,4.2,550000,45833,81.9,Exceeds Expectations,False,94.5,7.1,57.1,75.5,78.0,19.2,5,70.3,7.0,False
10271,Karan Rao 10271,employee10271@examplecorp.com,6,Individual Contributor,Marketing Specialist,Marketing,Marketing Team C - M2,10047,Diya Patel 10047,10001|10038|10039|10044|10047|10271,6,0,0,Chennai Office,09:00,18:30,Full-time,Active,2020-06-09,6.2,1180000,98333,72.0,Meets Expectations,False,94.4,12.4,63.0,85.4,79.7,9.0,5,72.5,7.0,False
10272,Vikram Rao 10272,employee10272@examplecorp.com,6,Individual Contributor,Marketing Analyst,Marketing,Marketing Team A - M3,10049,Aarav Reddy 10049,10001|10038|10039|10048|10049|10272,6,0,0,Pune Office,09:00,18:30,Full-time,Active,2024-09-26,1.9,670000,55833,71.0,Meets Expectations,False,93.9,9.4,46.1,70.6,90.0,17.1,3,73.8,7.0,False
10273,Ananya Rao 10273,employee10273@examplecorp.com,6,Individual Contributor,Marketing Specialist,Marketing,Marketing Team B - M3,10050,Vivaan Reddy 10050,10001|10038|10039|10048|10050|10273,6,0,0,Hyderabad Office,10:00,17:30,Full-time,Active,2015-06-15,11.2,880000,73333,85.7,Exceeds Expectations,False,97.4,5.8,42.1,75.7,93.8,52.3,4,79.2,7.0,True
10274,Isha Rao 10274,employee10274@examplecorp.com,6,Individual Contributor,Marketing Specialist,Marketing,Marketing Team C - M3,10051,Aditya Reddy 10051,10001|10038|10039|10048|10051|10274,6,0,0,Delhi Office,10:00,18:30,Full-time,Active,2025-05-24,1.3,520000,43333,84.4,Exceeds Expectations,False,95.3,7.5,60.5,85.0,70.0,22.3,4,81.7,7.0,False
10275,Priya Rao 10275,employee10275@examplecorp.com,6,Individual Contributor,Marketing Specialist,Marketing,Marketing Team A - M4,10053,Rohan Reddy 10053,10001|10038|10039|10052|10053|10275,6,0,0,Pune Office,09:00,18:30,Full-time,Active,2015-04-30,11.3,880000,73333,79.6,Exceeds Expectations,False,95.3,7.8,55.1,64.4,96.0,28.6,4,68.0,10.9,False
10276,Neha Rao 10276,employee10276@examplecorp.com,6,Individual Contributor,Marketing Specialist,Marketing,Marketing Team B - M4,10054,Rahul Reddy 10054,10001|10038|10039|10052|10054|10276,6,0,0,Chennai Office,09:30,18:00,Full-time,Active,2023-12-29,2.7,1060000,88333,70.4,Meets Expectations,False,91.5,7.4,61.1,72.6,93.5,26.6,4,72.1,7.0,False
10277,Sneha Rao 10277,employee10277@examplecorp.com,6,Individual Contributor,Marketing Specialist,Marketing,Marketing Team C - M4,10055,Karan Reddy 10055,10001|10038|10039|10052|10055|10277,6,0,0,Delhi Office,09:30,19:00,Full-time,Active,2026-03-24,0.4,560000,46667,77.4,Meets Expectations,False,95.3,7.1,62.3,62.4,90.9,27.9,4,76.5,12.3,False
10278,Kavya Rao 10278,employee10278@examplecorp.com,6,Individual Contributor,Financial Analyst,Finance,Finance Team A - M1,10059,Priya Reddy 10059,10001|10056|10057|10058|10059|10278,6,0,0,Mumbai Office,08:30,17:30,Full-time,Active,2018-01-08,8.6,1080000,90000,78.7,Meets Expectations,False,92.7,7.2,33.4,72.0,77.9,15.7,7,66.6,7.0,False
10279,Meera Rao 10279,employee10279@examplecorp.com,6,Individual Contributor,Financial Analyst,Finance,Finance Team B - M1,10060,Neha Reddy 10060,10001|10056|10057|10058|10060|10279,6,0,0,Chennai Office,09:30,17:30,Full-time,Active,2026-03-16,0.5,460000,38333,64.0,Developing,False,93.3,7.1,18.0,70.0,61.7,10.0,6,75.5,7.4,False
10280,Nisha Rao 10280,employee10280@examplecorp.com,6,Individual Contributor,Finance Analyst,Finance,Finance Team C - M1,10061,Sneha Reddy 10061,10001|10056|10057|10058|10061|10280,6,0,0,Pune Office,09:30,18:30,Full-time,Active,2016-10-03,9.9,790000,65833,84.3,Exceeds Expectations,False,97.7,10.6,50.1,68.0,88.0,30.6,3,83.7,8.4,True
10281,Riya Rao 10281,employee10281@examplecorp.com,6,Individual Contributor,Senior Financial Analyst,Finance,Finance Team A - M2,10063,Meera Reddy 10063,10001|10056|10057|10062|10063|10281,6,0,0,Pune Office,08:30,18:00,Contract,Active,2023-12-02,2.7,740000,61667,83.9,Exceeds Expectations,False,98.2,7.1,73.9,81.0,77.8,39.3,5,83.3,7.0,False
10282,Aditi Rao 10282,employee10282@examplecorp.com,6,Individual Contributor,Financial Analyst,Finance,Finance Team B - M2,10064,Nisha Reddy 10064,10001|10056|10057|10062|10064|10282,6,0,0,Hyderabad Office,09:30,17:30,Full-time,Active,2024-07-23,2.1,900000,75000,73.3,Meets Expectations,False,94.9,3.7,19.7,76.2,75.0,32.8,4,65.3,7.0,False
10283,Sana Rao 10283,employee10283@examplecorp.com,6,Individual Contributor,Financial Analyst,Finance,Finance Team C - M2,10065,Riya Reddy 10065,10001|10056|10057|10062|10065|10283,6,0,0,Mumbai Office,09:00,18:30,Full-time,Active,2018-01-09,8.6,960000,80000,81.4,Exceeds Expectations,False,93.4,6.1,44.2,82.4,82.8,28.1,2,87.9,7.0,True
10284,Tanya Rao 10284,employee10284@examplecorp.com,6,Individual Contributor,Finance Analyst,Finance,Finance Team A - M3,10067,Sana Reddy 10067,10001|10056|10057|10066|10067|10284,6,0,0,Mumbai Office,10:00,18:00,Full-time,On Leave,2015-12-06,10.7,680000,56667,81.1,Exceeds Expectations,False,93.6,11.4,21.0,73.2,59.2,15.5,5,74.8,7.0,False
10285,Pooja Rao 10285,employee10285@examplecorp.com,6,Individual Contributor,Senior Financial Analyst,Finance,Finance Team B - M3,10068,Tanya Reddy 10068,10001|10056|10057|10066|10068|10285,6,0,0,Chennai Office,08:30,19:00,Full-time,Active,2018-01-31,8.6,960000,80000,68.4,Developing,False,96.6,14.2,59.6,76.6,62.8,14.6,5,75.2,7.0,False
10286,Simran Rao 10286,employee10286@examplecorp.com,6,Individual Contributor,Senior Financial Analyst,Finance,Finance Team C - M3,10069,Pooja Reddy 10069,10001|10056|10057|10066|10069|10286,6,0,0,Pune Office,08:30,18:00,Full-time,Active,2025-01-05,1.7,700000,58333,80.9,Exceeds Expectations,False,96.5,7.8,7.4,74.9,83.7,58.3,4,75.9,7.0,False
10287,Diya Rao 10287,employee10287@examplecorp.com,6,Individual Contributor,Financial Analyst,Finance,Finance Team A - M4,10071,Diya Reddy 10071,10001|10056|10057|10070|10071|10287,6,0,0,Pune Office,08:30,18:30,Full-time,Active,2019-12-15,6.7,800000,66667,86.7,Exceeds Expectations,False,92.0,3.3,3.2,82.7,88.9,15.9,5,86.7,7.0,True
10288,Maya Rao 10288,employee10288@examplecorp.com,6,Individual Contributor,Financial Analyst,Finance,Finance Team B - M4,10072,Maya Reddy 10072,10001|10056|10057|10070|10072|10288,6,0,0,Bengaluru Office,09:30,17:30,Full-time,Active,2021-12-12,4.7,1100000,91667,74.7,Meets Expectations,False,94.9,10.6,23.5,70.5,82.9,32.3,5,80.6,7.0,False
10289,Aarav Joshi 10289,employee10289@examplecorp.com,6,Individual Contributor,Senior Financial Analyst,Finance,Finance Team C - M4,10073,Aarav Iyer 10073,10001|10056|10057|10070|10073|10289,6,0,0,Pune Office,10:00,18:30,Contract,Active,2020-04-22,6.4,1190000,99167,76.5,Meets Expectations,False,94.2,8.1,103.9,72.0,57.4,12.8,6,70.9,7.4,False
10290,Vivaan Joshi 10290,employee10290@examplecorp.com,6,Individual Contributor,HR Executive,Human Resources,Human Resources Team A - M1,10077,Rohan Iyer 10077,10001|10074|10075|10076|10077|10290,6,0,0,Bengaluru Office,10:00,19:00,Contract,Active,2021-04-04,5.4,660000,55000,70.5,Meets Expectations,False,93.5,8.9,59.3,79.2,83.9,19.7,4,74.6,7.0,False
10291,Aditya Joshi 10291,employee10291@examplecorp.com,6,Individual Contributor,HR Executive,Human Resources,Human Resources Team B - M1,10078,Rahul Iyer 10078,10001|10074|10075|10076|10078|10291,6,0,0,Chennai Office,08:30,17:30,Contract,Active,2023-06-16,3.2,1200000,100000,81.3,Exceeds Expectations,False,94.9,8.0,44.7,78.6,83.3,33.8,4,88.0,7.0,True
10292,Arjun Joshi 10292,employee10292@examplecorp.com,6,Individual Contributor,HR Analyst,Human Resources,Human Resources Team C - M1,10079,Karan Iyer 10079,10001|10074|10075|10076|10079|10292,6,0,0,Bengaluru Office,10:00,18:30,Full-time,Active,2022-11-08,3.8,650000,54167,75.5,Meets Expectations,False,95.4,7.6,45.9,63.2,76.8,30.7,3,90.4,11.8,False
10293,Rohan Joshi 10293,employee10293@examplecorp.com,6,Individual Contributor,HR Analyst,Human Resources,Human Resources Team A - M2,10081,Ananya Iyer 10081,10001|10074|10075|10080|10081|10293,6,0,0,Pune Office,09:30,18:30,Full-time,Active,2020-07-04,6.2,1070000,89167,82.5,Exceeds Expectations,False,93.3,5.6,65.9,73.6,84.3,14.2,4,81.7,7.0,True
10294,Rahul Joshi 10294,employee10294@examplecorp.com,6,Individual Contributor,HR Analyst,Human Resources,Human Resources Team B - M2,10082,Isha Iyer 10082,10001|10074|10075|10080|10082|10294,6,0,0,Hyderabad Office,08:30,18:00,Full-time,Active,2024-02-27,2.5,450000,37500,68.3,Developing,False,93.1,12.9,32.6,68.0,85.6,28.2,4,70.7,8.4,False
10295,Karan Joshi 10295,employee10295@examplecorp.com,6,Individual Contributor,HR Analyst,Human Resources,Human Resources Team C - M2,10083,Priya Iyer 10083,10001|10074|10075|10080|10083|10295,6,0,0,Mumbai Office,10:00,18:30,Full-time,Active,2023-10-28,2.8,720000,60000,77.7,Meets Expectations,False,93.1,11.3,69.6,70.7,50.6,37.4,3,81.2,7.0,False
10296,Vikram Joshi 10296,employee10296@examplecorp.com,6,Individual Contributor,HR Executive,Human Resources,Human Resources Team A - M3,10085,Sneha Iyer 10085,10001|10074|10075|10084|10085|10296,6,0,0,Bengaluru Office,08:30,19:00,Full-time,Active,2023-02-02,3.6,490000,40833,82.6,Exceeds Expectations,False,94.8,8.0,51.7,73.1,89.8,18.1,6,79.9,7.0,True
10297,Ananya Joshi 10297,employee10297@examplecorp.com,6,Individual Contributor,HR Executive,Human Resources,Human Resources Team B - M3,10086,Kavya Iyer 10086,10001|10074|10075|10084|10086|10297,6,0,0,Delhi Office,10:00,18:30,Full-time,Active,2023-10-18,2.9,780000,65000,92.1,Outstanding,False,95.9,6.4,32.8,77.6,85.6,19.1,3,74.6,7.0,True
10298,Isha Joshi 10298,employee10298@examplecorp.com,6,Individual Contributor,HR Specialist,Human Resources,Human Resources Team C - M3,10087,Meera Iyer 10087,10001|10074|10075|10084|10087|10298,6,0,0,Bengaluru Office,09:30,17:30,Full-time,Active,2025-03-01,1.5,710000,59167,80.9,Exceeds Expectations,False,94.4,9.3,72.4,77.8,66.0,20.5,6,64.9,7.0,False
10299,Priya Joshi 10299,employee10299@examplecorp.com,6,Individual Contributor,HR Analyst,Human Resources,Human Resources Team A - M4,10089,Riya Iyer 10089,10001|10074|10075|10088|10089|10299,6,0,0,Mumbai Office,09:30,17:30,Contract,Active,2022-03-21,4.4,710000,59167,81.9,Exceeds Expectations,False,97.6,6.5,90.7,72.2,85.9,52.5,5,69.5,7.0,True
10300,Neha Joshi 10300,employee10300@examplecorp.com,6,Individual Contributor,HR Analyst,Human Resources,Human Resources Team B - M4,10090,Aditi Iyer 10090,10001|10074|10075|10088|10090|10300,6,0,0,Pune Office,08:30,18:00,Contract,Active,2018-07-09,8.1,700000,58333,80.5,Exceeds Expectations,False,93.7,9.5,105.1,68.7,62.8,38.7,4,67.9,8.4,False
10301,Sneha Joshi 10301,employee10301@examplecorp.com,6,Individual Contributor,HR Executive,Human Resources,Human Resources Team C - M4,10091,Sana Iyer 10091,10001|10074|10075|10088|10091|10301,6,0,0,Delhi Office,09:00,18:30,Contract,Active,2017-12-03,8.7,1180000,98333,83.2,Exceeds Expectations,False,91.7,7.5,49.3,68.0,72.0,32.9,5,66.7,8.4,False
10302,Kavya Joshi 10302,employee10302@examplecorp.com,6,Individual Contributor,Operations Analyst,Operations,Operations Team A - M1,10095,Diya Iyer 10095,10001|10092|10093|10094|10095|10302,6,0,0,Hyderabad Office,09:30,19:00,Contract,Active,2019-09-20,6.9,660000,55000,79.3,Exceeds Expectations,False,95.3,9.2,10.1,76.3,67.8,39.9,5,73.6,7.0,False
10303,Meera Joshi 10303,employee10303@examplecorp.com,6,Individual Contributor,Operations Specialist,Operations,Operations Team B - M1,10096,Maya Iyer 10096,10001|10092|10093|10094|10096|10303,6,0,0,Mumbai Office,09:30,19:00,Contract,Active,2020-01-27,6.6,630000,52500,85.2,Exceeds Expectations,False,96.4,9.2,37.7,90.8,75.9,17.1,4,84.8,7.0,False
10304,Nisha Joshi 10304,employee10304@examplecorp.com,6,Individual Contributor,Operations Executive,Operations,Operations Team C - M1,10097,Aarav Nair 10097,10001|10092|10093|10094|10097|10304,6,0,0,Chennai Office,09:00,17:30,Contract,Active,2017-08-14,9.0,920000,76667,69.7,Meets Expectations,False,93.6,12.1,32.3,69.7,80.9,33.0,4,75.4,7.2,False
10305,Riya Joshi 10305,employee10305@examplecorp.com,6,Individual Contributor,Operations Analyst,Operations,Operations Team A - M2,10099,Aditya Nair 10099,10001|10092|10093|10098|10099|10305,6,0,0,Bengaluru Office,09:30,18:00,Contract,Active,2023-05-15,3.3,1040000,86667,92.1,Outstanding,False,93.6,8.0,31.0,76.2,90.8,32.0,6,82.9,7.0,True
10306,Aditi Joshi 10306,employee10306@examplecorp.com,6,Individual Contributor,Operations Analyst,Operations,Operations Team B - M2,10100,Arjun Nair 10100,10001|10092|10093|10098|10100|10306,6,0,0,Delhi Office,08:30,18:30,Full-time,Active,2020-02-26,6.5,490000,40833,73.3,Meets Expectations,False,92.6,4.7,68.3,68.4,75.9,24.9,5,78.6,8.1,False
10307,Sana Joshi 10307,employee10307@examplecorp.com,6,Individual Contributor,Operations Executive,Operations,Operations Team C - M2,10101,Rohan Nair 10101,10001|10092|10093|10098|10101|10307,6,0,0,Mumbai Office,09:30,18:30,Full-time,Active,2018-02-22,8.5,830000,69167,83.0,Exceeds Expectations,False,94.4,7.5,33.3,75.4,80.0,25.0,4,73.0,7.0,True
10308,Tanya Joshi 10308,employee10308@examplecorp.com,6,Individual Contributor,Operations Executive,Operations,Operations Team A - M3,10103,Karan Nair 10103,10001|10092|10093|10102|10103|10308,6,0,0,Pune Office,08:30,17:30,Full-time,Active,2016-09-27,9.9,690000,57500,53.6,Needs Improvement,True,91.7,13.9,45.3,58.5,66.9,30.9,5,63.0,19.6,False
10309,Pooja Joshi 10309,employee10309@examplecorp.com,6,Individual Contributor,Operations Executive,Operations,Operations Team B - M3,10104,Vikram Nair 10104,10001|10092|10093|10102|10104|10309,6,0,0,Mumbai Office,10:00,17:30,Full-time,Active,2015-08-26,11.0,630000,52500,73.1,Meets Expectations,False,93.4,10.2,50.3,67.4,77.9,51.3,6,74.2,8.8,False
10310,Simran Joshi 10310,employee10310@examplecorp.com,6,Individual Contributor,Operations Analyst,Operations,Operations Team C - M3,10105,Ananya Nair 10105,10001|10092|10093|10102|10105|10310,6,0,0,Delhi Office,09:00,18:00,Contract,Active,2025-09-02,1.0,980000,81667,90.5,Outstanding,False,92.3,12.5,0.0,74.2,84.0,25.2,3,57.8,7.0,False
10311,Diya Joshi 10311,employee10311@examplecorp.com,6,Individual Contributor,Operations Specialist,Operations,Operations Team A - M4,10107,Priya Nair 10107,10001|10092|10093|10106|10107|10311,6,0,0,Delhi Office,09:00,18:00,Full-time,Active,2021-08-19,5.0,690000,57500,77.2,Meets Expectations,False,91.0,8.3,30.6,65.9,84.1,52.5,5,66.5,9.9,False
10312,Maya Joshi 10312,employee10312@examplecorp.com,6,Individual Contributor,Operations Executive,Operations,Operations Team B - M4,10108,Neha Nair 10108,10001|10092|10093|10106|10108|10312,6,0,0,Chennai Office,08:30,18:00,Contract,Active,2017-03-22,9.4,750000,62500,94.1,Outstanding,False,96.1,9.1,14.1,80.6,108.8,20.7,4,72.3,7.0,True
10313,Aarav Bose 10313,employee10313@examplecorp.com,6,Individual Contributor,Operations Specialist,Operations,Operations Team C - M4,10109,Sneha Nair 10109,10001|10092|10093|10106|10109|10313,6,0,0,Chennai Office,09:00,17:30,Contract,Active,2024-02-29,2.5,700000,58333,81.8,Exceeds Expectations,False,92.1,4.2,14.6,73.4,64.8,46.2,4,72.9,7.0,False
10314,Vivaan Bose 10314,employee10314@examplecorp.com,6,Individual Contributor,Product Specialist,Product,Product Team A - M1,10113,Riya Nair 10113,10001|10110|10111|10112|10113|10314,6,0,0,Pune Office,09:00,18:00,Contract,Active,2022-04-17,4.4,940000,78333,82.0,Exceeds Expectations,False,97.9,7.5,44.8,79.7,77.6,30.3,4,72.6,7.0,False
10315,Aditya Bose 10315,employee10315@examplecorp.com,6,Individual Contributor,Product Analyst,Product,Product Team B - M1,10114,Aditi Nair 10114,10001|10110|10111|10112|10114|10315,6,0,0,Chennai Office,09:00,18:00,Contract,Active,2022-04-16,4.4,620000,51667,83.4,Exceeds Expectations,False,97.0,12.4,26.5,79.2,82.5,18.8,3,76.6,7.0,True
10316,Arjun Bose 10316,employee10316@examplecorp.com,6,Individual Contributor,Product Manager,Product,Product Team C - M1,10115,Sana Nair 10115,10001|10110|10111|10112|10115|10316,6,0,0,Delhi Office,09:30,19:00,Full-time,Active,2025-09-17,1.0,550000,45833,68.7,Developing,False,92.5,5.1,83.3,66.3,74.6,28.1,3,73.8,9.6,False
10317,Rohan Bose 10317,employee10317@examplecorp.com,6,Individual Contributor,Product Analyst,Product,Product Team A - M2,10117,Pooja Nair 10117,10001|10110|10111|10116|10117|10317,6,0,0,Pune Office,09:30,17:30,Full-time,Active,2017-06-07,9.2,580000,48333,70.8,Meets Expectations,False,97.0,5.8,68.8,77.2,79.2,44.4,5,64.6,7.0,False
10318,Rahul Bose 10318,employee10318@examplecorp.com,6,Individual Contributor,Product Manager,Product,Product Team B - M2,10118,Simran Nair 10118,10001|10110|10111|10116|10118|10318,6,0,0,Bengaluru Office,09:00,18:30,Contract,Active,2023-11-16,2.8,500000,41667,75.8,Meets Expectations,False,95.1,8.6,65.2,61.3,80.6,20.2,3,71.2,13.1,False
10319,Karan Bose 10319,employee10319@examplecorp.com,6,Individual Contributor,Product Manager,Product,Product Team C - M2,10119,Diya Nair 10119,10001|10110|10111|10116|10119|10319,6,0,0,Hyderabad Office,08:30,17:30,Full-time,Active,2020-10-31,5.8,670000,55833,80.5,Exceeds Expectations,False,92.3,3.5,58.7,76.7,94.8,31.8,4,84.8,7.0,True
10320,Vikram Bose 10320,employee10320@examplecorp.com,6,Individual Contributor,Product Analyst,Product,Product Team A - M3,10121,Aarav Mehta 10121,10001|10110|10111|10120|10121|10320,6,0,0,Hyderabad Office,08:30,17:30,Full-time,Active,2020-04-09,6.4,950000,79167,93.7,Outstanding,False,94.7,3.2,44.2,70.9,81.4,31.6,5,79.0,7.0,True
10321,Ananya Bose 10321,employee10321@examplecorp.com,6,Individual Contributor,Product Analyst,Product,Product Team B - M3,10122,Vivaan Mehta 10122,10001|10110|10111|10120|10122|10321,6,0,0,Chennai Office,08:30,18:00,Full-time,Active,2025-08-18,1.0,760000,63333,79.0,Meets Expectations,False,95.3,9.5,73.5,70.3,82.9,40.8,5,70.3,7.0,False
10322,Isha Bose 10322,employee10322@examplecorp.com,6,Individual Contributor,Product Analyst,Product,Product Team C - M3,10123,Aditya Mehta 10123,10001|10110|10111|10120|10123|10322,6,0,0,Mumbai Office,09:00,17:30,Full-time,Active,2018-03-05,8.5,530000,44167,69.7,Meets Expectations,False,93.9,6.5,64.4,77.0,76.1,47.9,3,70.8,7.0,False
10323,Priya Bose 10323,employee10323@examplecorp.com,6,Individual Contributor,Product Specialist,Product,Product Team A - M4,10125,Rohan Mehta 10125,10001|10110|10111|10124|10125|10323,6,0,0,Mumbai Office,10:00,18:30,Full-time,Active,2025-07-16,1.1,660000,55000,74.6,Meets Expectations,False,94.8,11.1,26.7,68.7,84.0,24.0,4,69.8,7.9,False
10324,Neha Bose 10324,employee10324@examplecorp.com,6,Individual Contributor,Product Manager,Product,Product Team B - M4,10126,Rahul Mehta 10126,10001|10110|10111|10124|10126|10324,6,0,0,Chennai Office,10:00,17:30,Full-time,Active,2020-03-12,6.5,1160000,96667,87.4,Exceeds Expectations,False,91.6,6.6,5.0,81.1,89.5,31.9,4,67.3,7.0,True
10325,Sneha Bose 10325,employee10325@examplecorp.com,6,Individual Contributor,Product Manager,Product,Product Team C - M4,10127,Karan Mehta 10127,10001|10110|10111|10124|10127|10325,6,0,0,Delhi Office,09:00,17:30,Contract,Active,2024-11-06,1.8,710000,59167,99.0,Outstanding,False,97.2,9.2,46.7,76.6,87.7,26.8,4,74.7,7.0,False
10326,Kavya Bose 10326,employee10326@examplecorp.com,6,Individual Contributor,Systems Administrator,IT,IT Team A - M1,10131,Priya Mehta 10131,10001|10128|10129|10130|10131|10326,6,0,0,Bengaluru Office,08:30,19:00,Contract,Active,2022-06-04,4.2,780000,65000,86.2,Exceeds Expectations,False,95.3,7.5,30.5,75.9,90.1,11.3,2,87.1,7.0,True
10327,Meera Bose 10327,employee10327@examplecorp.com,6,Individual Contributor,IT Specialist,IT,IT Team B - M1,10132,Neha Mehta 10132,10001|10128|10129|10130|10132|10327,6,0,0,Mumbai Office,09:00,17:30,Full-time,Active,2025-09-07,1.0,710000,59167,93.2,Outstanding,False,97.0,5.9,4.0,69.2,84.2,29.2,3,81.3,7.6,False
10328,Nisha Bose 10328,employee10328@examplecorp.com,6,Individual Contributor,Systems Administrator,IT,IT Team C - M1,10133,Sneha Mehta 10133,10001|10128|10129|10130|10133|10328,6,0,0,Mumbai Office,10:00,18:00,Full-time,Active,2019-01-11,7.6,520000,43333,91.5,Outstanding,False,93.4,7.8,23.6,72.9,84.6,41.5,5,75.2,7.0,True
10329,Riya Bose 10329,employee10329@examplecorp.com,6,Individual Contributor,IT Support Engineer,IT,IT Team A - M2,10135,Meera Mehta 10135,10001|10128|10129|10134|10135|10329,6,0,0,Bengaluru Office,09:00,18:00,Contract,Active,2022-03-31,4.4,850000,70833,77.8,Meets Expectations,False,98.4,15.6,25.7,65.2,77.4,17.5,4,73.1,10.4,False
10330,Aditi Bose 10330,employee10330@examplecorp.com,6,Individual Contributor,Systems Administrator,IT,IT Team B - M2,10136,Nisha Mehta 10136,10001|10128|10129|10134|10136|10330,6,0,0,Delhi Office,10:00,17:30,Full-time,Active,2015-08-12,11.1,760000,63333,82.6,Exceeds Expectations,False,93.5,3.7,43.6,79.6,76.9,55.7,4,69.7,7.0,False
10331,Sana Bose 10331,employee10331@examplecorp.com,6,Individual Contributor,Systems Administrator,IT,IT Team C - M2,10137,Riya Mehta 10137,10001|10128|10129|10134|10137|10331,6,0,0,Mumbai Office,09:30,17:30,Contract,Active,2017-11-29,8.8,620000,51667,69.4,Meets Expectations,False,94.4,10.0,57.5,73.3,68.6,41.0,5,69.8,7.0,False
10332,Tanya Bose 10332,employee10332@examplecorp.com,6,Individual Contributor,Systems Administrator,IT,IT Team A - M3,10139,Sana Mehta 10139,10001|10128|10129|10138|10139|10332,6,0,0,Mumbai Office,10:00,18:30,Full-time,Active,2019-06-21,7.2,840000,70000,68.0,Developing,False,93.5,15.5,29.5,65.7,69.4,35.3,3,62.1,10.0,False
10333,Pooja Bose 10333,employee10333@examplecorp.com,6,Individual Contributor,Systems Administrator,IT,IT Team B - M3,10140,Tanya Mehta 10140,10001|10128|10129|10138|10140|10333,6,0,0,Bengaluru Office,10:00,19:00,Full-time,Active,2023-07-12,3.1,590000,49167,77.4,Meets Expectations,False,94.3,7.5,58.5,64.9,106.3,34.9,4,66.3,10.6,False
10334,Simran Bose 10334,employee10334@examplecorp.com,6,Individual Contributor,IT Support Engineer,IT,IT Team C - M3,10141,Pooja Mehta 10141,10001|10128|10129|10138|10141|10334,6,0,0,Mumbai Office,10:00,18:30,Full-time,Active,2023-09-11,3.0,890000,74167,92.2,Outstanding,False,94.9,8.5,7.9,85.9,107.1,34.7,3,82.5,7.0,True
10335,Diya Bose 10335,employee10335@examplecorp.com,6,Individual Contributor,IT Specialist,IT,IT Team A - M4,10143,Diya Mehta 10143,10001|10128|10129|10142|10143|10335,6,0,0,Chennai Office,10:00,19:00,Full-time,Active,2017-08-05,9.1,720000,60000,85.7,Exceeds Expectations,False,93.7,2.5,79.8,80.4,69.1,16.9,4,85.3,7.0,False
10336,Maya Bose 10336,employee10336@examplecorp.com,6,Individual Contributor,IT Support Engineer,IT,IT Team B - M4,10144,Maya Mehta 10144,10001|10128|10129|10142|10144|10336,6,0,0,Hyderabad Office,08:30,19:00,Full-time,Active,2026-01-03,0.7,460000,38333,68.9,Developing,False,94.7,8.6,29.5,73.7,87.8,22.3,3,75.2,7.0,False
10337,Aarav Malhotra 10337,employee10337@examplecorp.com,6,Individual Contributor,Systems Administrator,IT,IT Team C - M4,10145,Aarav Gupta 10145,10001|10128|10129|10142|10145|10337,6,0,0,Chennai Office,09:00,18:00,Contract,Active,2026-02-01,0.6,870000,72500,84.4,Exceeds Expectations,False,93.1,3.9,32.8,83.5,83.8,29.6,4,73.9,7.0,False
10338,Vivaan Malhotra 10338,employee10338@examplecorp.com,6,Individual Contributor,Senior Software Engineer,Engineering,Engineering Team A - M1,10005,Rohan Sharma 10005,10001|10002|10003|10004|10005|10338,6,0,0,Bengaluru Office,09:30,18:30,Full-time,Active,2021-06-05,5.2,870000,72500,73.5,Meets Expectations,False,93.7,8.7,84.7,66.4,82.2,4.0,6,73.4,9.5,False
10339,Aditya Malhotra 10339,employee10339@examplecorp.com,6,Individual Contributor,Senior Software Engineer,Engineering,Engineering Team B - M1,10006,Rahul Sharma 10006,10001|10002|10003|10004|10006|10339,6,0,0,Hyderabad Office,09:30,17:30,Full-time,Active,2021-05-30,5.3,1140000,95000,74.1,Meets Expectations,False,96.9,11.0,50.9,68.8,59.3,40.9,5,69.2,7.8,False
10340,Arjun Malhotra 10340,employee10340@examplecorp.com,6,Individual Contributor,Tech Lead,Engineering,Engineering Team C - M1,10007,Karan Sharma 10007,10001|10002|10003|10004|10007|10340,6,0,0,Delhi Office,10:00,17:30,Full-time,Active,2019-07-19,7.1,1080000,90000,86.4,Exceeds Expectations,False,93.8,15.2,70.0,81.3,77.9,45.5,4,73.5,7.0,False
10341,Rohan Malhotra 10341,employee10341@examplecorp.com,6,Individual Contributor,Tech Lead,Engineering,Engineering Team A - M2,10009,Ananya Sharma 10009,10001|10002|10003|10008|10009|10341,6,0,0,Chennai Office,10:00,18:00,Full-time,Active,2025-06-30,1.2,1010000,84167,88.6,Exceeds Expectations,False,95.1,10.0,45.0,64.3,86.9,19.3,5,65.3,11.0,False
10342,Rahul Malhotra 10342,employee10342@examplecorp.com,6,Individual Contributor,Tech Lead,Engineering,Engineering Team B - M2,10010,Isha Sharma 10010,10001|10002|10003|10008|10010|10342,6,0,0,Pune Office,09:00,17:30,Full-time,Active,2023-12-01,2.8,760000,63333,78.4,Meets Expectations,False,95.1,0.0,102.0,81.7,85.4,4.7,5,70.9,7.2,False
10343,Karan Malhotra 10343,employee10343@examplecorp.com,6,Individual Contributor,Senior Software Engineer,Engineering,Engineering Team C - M2,10011,Priya Sharma 10011,10001|10002|10003|10008|10011|10343,6,0,0,Bengaluru Office,10:00,19:00,Contract,Active,2015-10-15,10.9,600000,50000,75.0,Meets Expectations,False,94.1,6.5,74.9,79.5,76.3,41.0,3,81.7,7.0,False
10344,Vikram Malhotra 10344,employee10344@examplecorp.com,6,Individual Contributor,Tech Lead,Engineering,Engineering Team A - M3,10013,Sneha Sharma 10013,10001|10002|10003|10012|10013|10344,6,0,0,Mumbai Office,10:00,17:30,Full-time,Active,2024-03-27,2.4,510000,42500,77.8,Meets Expectations,False,93.9,2.7,37.6,65.4,81.9,39.6,4,67.4,10.2,False
10345,Ananya Malhotra 10345,employee10345@examplecorp.com,6,Individual Contributor,Senior Software Engineer,Engineering,Engineering Team B - M3,10014,Kavya Sharma 10014,10001|10002|10003|10012|10014|10345,6,0,0,Delhi Office,10:00,18:30,Full-time,Active,2018-05-20,8.3,1180000,98333,80.8,Exceeds Expectations,False,92.1,15.0,31.2,86.3,63.2,32.6,6,73.7,7.0,False
10346,Isha Malhotra 10346,employee10346@examplecorp.com,6,Individual Contributor,Software Engineer,Engineering,Engineering Team C - M3,10015,Meera Sharma 10015,10001|10002|10003|10012|10015|10346,6,0,0,Mumbai Office,08:30,19:00,Full-time,Active,2024-10-22,1.9,1110000,92500,75.9,Meets Expectations,False,93.5,14.8,47.2,81.6,69.7,37.4,4,74.4,7.0,False
10347,Priya Malhotra 10347,employee10347@examplecorp.com,6,Individual Contributor,Tech Lead,Engineering,Engineering Team A - M4,10017,Riya Sharma 10017,10001|10002|10003|10016|10017|10347,6,0,0,Mumbai Office,08:30,19:00,Full-time,Active,2020-02-21,6.5,950000,79167,91.4,Outstanding,False,96.1,4.8,71.2,70.7,95.6,32.6,5,77.8,7.0,True
10348,Neha Malhotra 10348,employee10348@examplecorp.com,6,Individual Contributor,Senior Software Engineer,Engineering,Engineering Team B - M4,10018,Aditi Sharma 10018,10001|10002|10003|10016|10018|10348,6,0,0,Pune Office,10:00,18:30,Full-time,Active,2017-03-06,9.5,550000,45833,75.1,Meets Expectations,False,92.7,5.4,30.7,72.3,79.0,28.0,5,88.0,7.0,False
10349,Sneha Malhotra 10349,employee10349@examplecorp.com,6,Individual Contributor,Tech Lead,Engineering,Engineering Team C - M4,10019,Sana Sharma 10019,10001|10002|10003|10016|10019|10349,6,0,0,Hyderabad Office,09:00,18:30,Full-time,Active,2017-12-22,8.7,860000,71667,65.1,Developing,False,94.7,15.1,68.4,72.5,75.5,37.0,4,77.7,7.0,False
10350,Kavya Malhotra 10350,employee10350@examplecorp.com,6,Individual Contributor,Account Executive,Sales,Sales Team A - M1,10023,Diya Sharma 10023,10001|10020|10021|10022|10023|10350,6,0,0,Bengaluru Office,09:30,19:00,Full-time,Active,2019-02-19,7.5,860000,71667,93.3,Outstanding,False,92.4,10.9,52.9,75.6,85.1,17.4,3,74.4,7.0,True
10351,Meera Malhotra 10351,employee10351@examplecorp.com,6,Individual Contributor,Account Executive,Sales,Sales Team B - M1,10024,Maya Sharma 10024,10001|10020|10021|10022|10024|10351,6,0,0,Pune Office,09:00,19:00,Full-time,Active,2021-06-19,5.2,690000,57500,67.3,Developing,False,90.4,12.2,57.3,64.6,67.6,11.6,4,80.5,10.8,False
10352,Nisha Malhotra 10352,employee10352@examplecorp.com,6,Individual Contributor,Sales Executive,Sales,Sales Team C - M1,10025,Aarav Patel 10025,10001|10020|10021|10022|10025|10352,6,0,0,Bengaluru Office,10:00,18:00,Full-time,Active,2018-10-29,7.8,1020000,85000,74.6,Meets Expectations,False,92.5,11.5,24.3,73.1,66.7,12.0,3,71.1,7.0,False
10353,Riya Malhotra 10353,employee10353@examplecorp.com,6,Individual Contributor,Sales Executive,Sales,Sales Team A - M2,10027,Aditya Patel 10027,10001|10020|10021|10026|10027|10353,6,0,0,Bengaluru Office,09:30,18:00,Full-time,Active,2017-04-17,9.4,1130000,94167,76.0,Meets Expectations,False,94.9,7.0,57.3,65.3,79.5,29.8,2,66.4,10.3,False
10354,Aditi Malhotra 10354,employee10354@examplecorp.com,6,Individual Contributor,Sales Executive,Sales,Sales Team B - M2,10028,Arjun Patel 10028,10001|10020|10021|10026|10028|10354,6,0,0,Pune Office,08:30,17:30,Full-time,Active,2015-10-09,10.9,1170000,97500,78.4,Meets Expectations,False,95.6,6.3,34.4,75.3,81.5,40.0,6,79.0,7.0,False
10355,Sana Malhotra 10355,employee10355@examplecorp.com,6,Individual Contributor,Sales Executive,Sales,Sales Team C - M2,10029,Rohan Patel 10029,10001|10020|10021|10026|10029|10355,6,0,0,Mumbai Office,08:30,18:00,Full-time,Active,2017-03-16,9.5,490000,40833,77.2,Meets Expectations,False,93.6,5.7,87.9,73.1,79.5,38.3,3,68.9,7.0,False
10356,Tanya Malhotra 10356,employee10356@examplecorp.com,6,Individual Contributor,Account Executive,Sales,Sales Team A - M3,10031,Karan Patel 10031,10001|10020|10021|10030|10031|10356,6,0,0,Hyderabad Office,09:30,17:30,Full-time,Active,2021-11-21,4.8,1190000,99167,93.8,Outstanding,False,95.9,12.7,71.3,70.1,81.4,41.9,5,81.2,7.0,True
10357,Pooja Malhotra 10357,employee10357@examplecorp.com,6,Individual Contributor,Account Executive,Sales,Sales Team B - M3,10032,Vikram Patel 10032,10001|10020|10021|10030|10032|10357,6,0,0,Mumbai Office,08:30,18:30,Full-time,Active,2015-06-19,11.2,550000,45833,88.0,Exceeds Expectations,False,94.1,8.2,89.6,81.6,84.9,29.8,3,79.1,7.0,True
10358,Simran Malhotra 10358,employee10358@examplecorp.com,6,Individual Contributor,Senior Sales Executive,Sales,Sales Team C - M3,10033,Ananya Patel 10033,10001|10020|10021|10030|10033|10358,6,0,0,Mumbai Office,10:00,19:00,Full-time,Active,2020-05-06,6.3,850000,70833,78.1,Meets Expectations,False,93.8,10.7,69.4,71.2,59.8,25.0,6,75.9,7.0,False
10359,Diya Malhotra 10359,employee10359@examplecorp.com,6,Individual Contributor,Account Executive,Sales,Sales Team A - M4,10035,Priya Patel 10035,10001|10020|10021|10034|10035|10359,6,0,0,Bengaluru Office,09:30,18:00,Contract,Active,2024-04-12,2.4,670000,55833,85.1,Exceeds Expectations,False,91.3,7.5,25.6,83.7,77.0,27.7,3,83.5,7.0,False
10360,Maya Malhotra 10360,employee10360@examplecorp.com,6,Individual Contributor,Account Executive,Sales,Sales Team B - M4,10036,Neha Patel 10036,10001|10020|10021|10034|10036|10360,6,0,0,Delhi Office,10:00,17:30,Contract,Active,2017-01-18,9.6,720000,60000,83.7,Exceeds Expectations,False,95.9,12.0,42.8,79.9,84.2,31.2,5,73.4,7.0,True
10361,Aarav Chatterjee 10361,employee10361@examplecorp.com,6,Individual Contributor,Account Executive,Sales,Sales Team C - M4,10037,Sneha Patel 10037,10001|10020|10021|10034|10037|10361,6,0,0,Delhi Office,09:30,17:30,Full-time,Active,2017-05-10,9.3,980000,81667,94.4,Outstanding,False,96.5,4.7,52.2,89.8,76.8,11.2,4,68.1,7.0,False
10362,Vivaan Chatterjee 10362,employee10362@examplecorp.com,6,Individual Contributor,Marketing Executive,Marketing,Marketing Team A - M1,10041,Riya Patel 10041,10001|10038|10039|10040|10041|10362,6,0,0,Mumbai Office,10:00,18:00,Full-time,Active,2023-06-26,3.2,850000,70833,81.6,Exceeds Expectations,False,92.7,4.7,77.8,78.6,85.9,33.2,5,86.0,7.0,True
10363,Aditya Chatterjee 10363,employee10363@examplecorp.com,6,Individual Contributor,Marketing Specialist,Marketing,Marketing Team B - M1,10042,Aditi Patel 10042,10001|10038|10039|10040|10042|10363,6,0,0,Hyderabad Office,08:30,18:00,Contract,Active,2024-05-14,2.3,1150000,95833,80.9,Exceeds Expectations,False,93.5,11.8,48.3,70.6,80.6,22.0,4,68.5,7.0,True
10364,Arjun Chatterjee 10364,employee10364@examplecorp.com,6,Individual Contributor,Marketing Executive,Marketing,Marketing Team C - M1,10043,Sana Patel 10043,10001|10038|10039|10040|10043|10364,6,0,0,Pune Office,08:30,17:30,Full-time,Active,2015-08-23,11.0,940000,78333,83.0,Exceeds Expectations,False,94.9,9.3,69.5,73.7,95.9,41.3,5,74.5,7.0,True
10365,Rohan Chatterjee 10365,employee10365@examplecorp.com,6,Individual Contributor,Marketing Analyst,Marketing,Marketing Team A - M2,10045,Pooja Patel 10045,10001|10038|10039|10044|10045|10365,6,0,0,Pune Office,08:30,19:00,Full-time,Active,2018-02-12,8.6,980000,81667,73.7,Meets Expectations,False,91.1,2.7,75.1,63.7,71.4,25.9,5,63.6,11.4,False
10366,Rahul Chatterjee 10366,employee10366@examplecorp.com,6,Individual Contributor,Marketing Specialist,Marketing,Marketing Team B - M2,10046,Simran Patel 10046,10001|10038|10039|10044|10046|10366,6,0,0,Mumbai Office,08:30,19:00,Full-time,Active,2017-02-09,9.6,760000,63333,94.8,Outstanding,False,98.5,10.2,79.7,73.4,75.1,42.3,3,70.3,7.0,False
10367,Karan Chatterjee 10367,employee10367@examplecorp.com,6,Individual Contributor,Marketing Analyst,Marketing,Marketing Team C - M2,10047,Diya Patel 10047,10001|10038|10039|10044|10047|10367,6,0,0,Hyderabad Office,09:00,18:30,Contract,Active,2020-10-23,5.9,540000,45000,89.1,Outstanding,False,97.2,10.3,90.9,71.3,84.0,43.7,4,64.8,7.0,True
10368,Vikram Chatterjee 10368,employee10368@examplecorp.com,6,Individual Contributor,Marketing Executive,Marketing,Marketing Team A - M3,10049,Aarav Reddy 10049,10001|10038|10039|10048|10049|10368,6,0,0,Pune Office,09:00,18:00,Full-time,Active,2016-12-06,9.7,1180000,98333,79.6,Exceeds Expectations,False,94.1,5.8,41.9,73.2,82.1,25.1,4,60.9,7.0,False
10369,Ananya Chatterjee 10369,employee10369@examplecorp.com,6,Individual Contributor,Marketing Analyst,Marketing,Marketing Team B - M3,10050,Vivaan Reddy 10050,10001|10038|10039|10048|10050|10369,6,0,0,Mumbai Office,09:30,19:00,Full-time,Active,2019-12-02,6.7,980000,81667,78.1,Meets Expectations,False,95.3,10.1,100.5,71.4,75.2,34.6,4,81.6,7.0,False
10370,Isha Chatterjee 10370,employee10370@examplecorp.com,6,Individual Contributor,Marketing Analyst,Marketing,Marketing Team C - M3,10051,Aditya Reddy 10051,10001|10038|10039|10048|10051|10370,6,0,0,Chennai Office,08:30,19:00,Full-time,Active,2025-03-10,1.5,1180000,98333,86.3,Exceeds Expectations,False,95.1,5.8,0.0,69.7,69.2,18.4,5,78.9,7.2,False
10371,Priya Chatterjee 10371,employee10371@examplecorp.com,6,Individual Contributor,Marketing Specialist,Marketing,Marketing Team A - M4,10053,Rohan Reddy 10053,10001|10038|10039|10052|10053|10371,6,0,0,Mumbai Office,10:00,19:00,Full-time,Active,2024-05-14,2.3,1180000,98333,74.5,Meets Expectations,False,95.8,11.4,100.8,76.6,90.3,47.0,4,74.1,7.1,False
10372,Neha Chatterjee 10372,employee10372@examplecorp.com,6,Individual Contributor,Marketing Specialist,Marketing,Marketing Team B - M4,10054,Rahul Reddy 10054,10001|10038|10039|10052|10054|10372,6,0,0,Bengaluru Office,08:30,18:30,Full-time,Active,2016-08-25,10.0,910000,75833,87.6,Exceeds Expectations,False,95.6,12.9,85.0,70.4,89.9,35.7,4,78.1,7.0,True
10373,Sneha Chatterjee 10373,employee10373@examplecorp.com,6,Individual Contributor,Marketing Specialist,Marketing,Marketing Team C - M4,10055,Karan Reddy 10055,10001|10038|10039|10052|10055|10373,6,0,0,Chennai Office,09:30,19:00,Contract,Active,2024-10-31,1.8,800000,66667,74.4,Meets Expectations,False,96.4,8.7,89.7,65.3,80.2,21.1,6,54.3,10.3,False
10374,Kavya Chatterjee 10374,employee10374@examplecorp.com,6,Individual Contributor,Finance Analyst,Finance,Finance Team A - M1,10059,Priya Reddy 10059,10001|10056|10057|10058|10059|10374,6,0,0,Mumbai Office,09:30,18:30,Full-time,Active,2015-12-11,10.7,1070000,89167,61.3,Developing,False,93.7,5.3,38.9,62.8,71.1,22.6,4,68.6,13.5,False
10375,Meera Chatterjee 10375,employee10375@examplecorp.com,6,Individual Contributor,Financial Analyst,Finance,Finance Team B - M1,10060,Neha Reddy 10060,10001|10056|10057|10058|10060|10375,6,0,0,Mumbai Office,08:30,18:00,Full-time,Probation,2025-11-13,0.8,820000,68333,79.7,Exceeds Expectations,False,91.7,9.0,93.4,76.1,82.4,53.9,5,70.7,7.0,False
10376,Nisha Chatterjee 10376,employee10376@examplecorp.com,6,Individual Contributor,Financial Analyst,Finance,Finance Team C - M1,10061,Sneha Reddy 10061,10001|10056|10057|10058|10061|10376,6,0,0,Delhi Office,09:30,18:00,Full-time,Active,2018-04-01,8.4,970000,80833,75.5,Meets Expectations,False,96.2,11.8,33.1,61.7,66.7,17.5,4,74.0,12.8,False
10377,Riya Chatterjee 10377,employee10377@examplecorp.com,6,Individual Contributor,Financial Analyst,Finance,Finance Team A - M2,10063,Meera Reddy 10063,10001|10056|10057|10062|10063|10377,6,0,0,Bengaluru Office,09:00,17:30,Full-time,Active,2018-04-09,8.4,770000,64167,82.4,Exceeds Expectations,False,95.4,3.8,66.3,75.0,82.6,19.2,4,76.5,7.0,True
10378,Aditi Chatterjee 10378,employee10378@examplecorp.com,6,Individual Contributor,Senior Financial Analyst,Finance,Finance Team B - M2,10064,Nisha Reddy 10064,10001|10056|10057|10062|10064|10378,6,0,0,Mumbai Office,09:00,18:30,Full-time,Active,2024-07-22,2.1,480000,40000,68.3,Developing,False,94.3,6.9,21.9,63.0,84.5,34.0,3,73.9,11.9,False
10379,Sana Chatterjee 10379,employee10379@examplecorp.com,6,Individual Contributor,Financial Analyst,Finance,Finance Team C - M2,10065,Riya Reddy 10065,10001|10056|10057|10062|10065|10379,6,0,0,Delhi Office,08:30,17:30,Full-time,Active,2015-08-09,11.1,1130000,94167,82.0,Exceeds Expectations,False,94.6,7.2,13.1,81.0,99.6,17.4,5,61.3,7.0,True
10380,Tanya Chatterjee 10380,employee10380@examplecorp.com,6,Individual Contributor,Financial Analyst,Finance,Finance Team A - M3,10067,Sana Reddy 10067,10001|10056|10057|10066|10067|10380,6,0,0,Pune Office,09:00,18:00,Contract,Active,2016-09-17,10.0,650000,54167,99.0,Outstanding,False,93.2,11.5,45.8,77.2,84.4,21.2,5,72.3,7.0,True
10381,Pooja Chatterjee 10381,employee10381@examplecorp.com,6,Individual Contributor,Senior Financial Analyst,Finance,Finance Team B - M3,10068,Tanya Reddy 10068,10001|10056|10057|10066|10068|10381,6,0,0,Delhi Office,09:30,17:30,Full-time,Active,2024-07-26,2.1,910000,75833,88.6,Exceeds Expectations,False,95.5,4.5,26.0,77.0,102.6,21.2,3,85.2,7.0,True
10382,Simran Chatterjee 10382,employee10382@examplecorp.com,6,Individual Contributor,Finance Analyst,Finance,Finance Team C - M3,10069,Pooja Reddy 10069,10001|10056|10057|10066|10069|10382,6,0,0,Mumbai Office,09:00,17:30,Full-time,Active,2019-10-05,6.9,590000,49167,79.9,Exceeds Expectations,False,92.1,4.5,61.8,84.2,98.7,19.6,1,72.6,7.0,False
10383,Diya Chatterjee 10383,employee10383@examplecorp.com,6,Individual Contributor,Senior Financial Analyst,Finance,Finance Team A - M4,10071,Diya Reddy 10071,10001|10056|10057|10070|10071|10383,6,0,0,Pune Office,09:30,19:00,Full-time,Active,2017-02-02,9.6,840000,70000,78.9,Meets Expectations,False,95.1,9.1,40.7,74.6,85.9,21.6,3,74.8,7.0,False
10384,Maya Chatterjee 10384,employee10384@examplecorp.com,6,Individual Contributor,Senior Financial Analyst,Finance,Finance Team B - M4,10072,Maya Reddy 10072,10001|10056|10057|10070|10072|10384,6,0,0,Mumbai Office,09:30,17:30,Full-time,Active,2018-02-22,8.5,540000,45000,74.9,Meets Expectations,False,93.6,2.9,0.0,77.3,71.0,43.6,4,80.6,7.0,False
10385,Aarav Sharma 10385,employee10385@examplecorp.com,6,Individual Contributor,Financial Analyst,Finance,Finance Team C - M4,10073,Aarav Iyer 10073,10001|10056|10057|10070|10073|10385,6,0,0,Delhi Office,09:00,18:00,Full-time,Active,2024-09-28,1.9,950000,79167,74.1,Meets Expectations,False,94.3,9.1,58.5,64.9,80.1,41.4,4,70.2,10.6,False
10386,Vivaan Sharma 10386,employee10386@examplecorp.com,6,Individual Contributor,HR Executive,Human Resources,Human Resources Team A - M1,10077,Rohan Iyer 10077,10001|10074|10075|10076|10077|10386,6,0,0,Chennai Office,08:30,18:00,Full-time,Active,2025-10-11,0.9,780000,65000,86.8,Exceeds Expectations,False,95.7,6.6,34.2,73.7,80.3,25.5,4,69.7,7.0,False
10387,Aditya Sharma 10387,employee10387@examplecorp.com,6,Individual Contributor,HR Executive,Human Resources,Human Resources Team B - M1,10078,Rahul Iyer 10078,10001|10074|10075|10076|10078|10387,6,0,0,Hyderabad Office,08:30,18:00,Full-time,Active,2016-04-09,10.4,760000,63333,79.9,Exceeds Expectations,False,95.0,2.9,37.1,77.2,87.1,15.5,6,78.7,7.0,False
10388,Arjun Sharma 10388,employee10388@examplecorp.com,6,Individual Contributor,HR Executive,Human Resources,Human Resources Team C - M1,10079,Karan Iyer 10079,10001|10074|10075|10076|10079|10388,6,0,0,Bengaluru Office,10:00,17:30,Contract,Active,2020-04-12,6.4,640000,53333,79.2,Exceeds Expectations,False,95.6,6.1,36.8,79.8,89.1,28.1,4,76.7,7.0,False
10389,Rohan Sharma 10389,employee10389@examplecorp.com,6,Individual Contributor,HR Analyst,Human Resources,Human Resources Team A - M2,10081,Ananya Iyer 10081,10001|10074|10075|10080|10081|10389,6,0,0,Chennai Office,09:00,18:00,Full-time,Active,2021-03-09,5.5,920000,76667,89.7,Outstanding,False,97.4,13.7,27.8,78.2,90.2,20.4,4,65.0,7.0,True
10390,Rahul Sharma 10390,employee10390@examplecorp.com,6,Individual Contributor,HR Specialist,Human Resources,Human Resources Team B - M2,10082,Isha Iyer 10082,10001|10074|10075|10080|10082|10390,6,0,0,Hyderabad Office,09:00,19:00,Full-time,Active,2019-11-01,6.8,830000,69167,88.3,Exceeds Expectations,False,95.4,5.6,56.4,70.4,71.6,30.2,4,76.3,7.0,False
10391,Karan Sharma 10391,employee10391@examplecorp.com,6,Individual Contributor,HR Analyst,Human Resources,Human Resources Team C - M2,10083,Priya Iyer 10083,10001|10074|10075|10080|10083|10391,6,0,0,Bengaluru Office,09:00,17:30,Full-time,Active,2019-06-18,7.2,980000,81667,77.9,Meets Expectations,False,93.8,15.4,69.5,63.4,63.3,18.5,3,73.8,11.6,False
10392,Vikram Sharma 10392,employee10392@examplecorp.com,6,Individual Contributor,HR Analyst,Human Resources,Human Resources Team A - M3,10085,Sneha Iyer 10085,10001|10074|10075|10084|10085|10392,6,0,0,Delhi Office,10:00,18:00,Full-time,Active,2016-05-08,10.3,770000,64167,86.7,Exceeds Expectations,False,96.6,11.2,61.5,78.1,82.3,23.0,3,72.9,7.0,True
10393,Ananya Sharma 10393,employee10393@examplecorp.com,6,Individual Contributor,HR Specialist,Human Resources,Human Resources Team B - M3,10086,Kavya Iyer 10086,10001|10074|10075|10084|10086|10393,6,0,0,Chennai Office,10:00,19:00,Full-time,Active,2019-09-02,7.0,600000,50000,78.8,Meets Expectations,False,93.8,7.8,2.4,65.5,64.1,26.4,5,84.4,10.2,False
10394,Isha Sharma 10394,employee10394@examplecorp.com,6,Individual Contributor,HR Specialist,Human Resources,Human Resources Team C - M3,10087,Meera Iyer 10087,10001|10074|10075|10084|10087|10394,6,0,0,Hyderabad Office,09:30,18:00,Full-time,Active,2025-08-08,1.1,1000000,83333,77.7,Meets Expectations,False,94.9,14.6,65.9,80.2,80.4,17.7,3,73.8,7.0,False
10395,Priya Sharma 10395,employee10395@examplecorp.com,6,Individual Contributor,HR Executive,Human Resources,Human Resources Team A - M4,10089,Riya Iyer 10089,10001|10074|10075|10088|10089|10395,6,0,0,Mumbai Office,10:00,17:30,Contract,Active,2024-12-28,1.7,1140000,95000,83.9,Exceeds Expectations,False,95.1,5.4,35.8,84.1,81.7,33.4,5,58.9,7.0,False
10396,Neha Sharma 10396,employee10396@examplecorp.com,6,Individual Contributor,HR Executive,Human Resources,Human Resources Team B - M4,10090,Aditi Iyer 10090,10001|10074|10075|10088|10090|10396,6,0,0,Delhi Office,10:00,19:00,Full-time,Active,2019-10-24,6.9,610000,50833,79.0,Meets Expectations,False,91.3,8.7,8.2,70.1,98.4,11.8,3,80.3,7.0,False
10397,Sneha Sharma 10397,employee10397@examplecorp.com,6,Individual Contributor,HR Analyst,Human Resources,Human Resources Team C - M4,10091,Sana Iyer 10091,10001|10074|10075|10088|10091|10397,6,0,0,Hyderabad Office,10:00,17:30,Full-time,Active,2018-07-08,8.2,1140000,95000,66.1,Developing,False,89.9,8.2,43.1,64.9,78.9,41.6,2,68.8,10.6,False
10398,Kavya Sharma 10398,employee10398@examplecorp.com,6,Individual Contributor,Operations Specialist,Operations,Operations Team A - M1,10095,Diya Iyer 10095,10001|10092|10093|10094|10095|10398,6,0,0,Mumbai Office,09:30,18:30,Full-time,Active,2024-03-06,2.5,850000,70833,89.6,Outstanding,False,97.7,2.3,44.9,79.8,98.2,47.6,5,79.6,7.0,True
10399,Meera Sharma 10399,employee10399@examplecorp.com,6,Individual Contributor,Operations Specialist,Operations,Operations Team B - M1,10096,Maya Iyer 10096,10001|10092|10093|10094|10096|10399,6,0,0,Pune Office,08:30,18:30,Full-time,Active,2019-11-03,6.8,800000,66667,73.4,Meets Expectations,False,89.3,0.0,19.1,81.6,57.5,25.2,3,83.4,7.0,False
10400,Nisha Sharma 10400,employee10400@examplecorp.com,6,Individual Contributor,Operations Executive,Operations,Operations Team C - M1,10097,Aarav Nair 10097,10001|10092|10093|10094|10097|10400,6,0,0,Hyderabad Office,09:30,18:30,Full-time,Active,2019-07-25,7.1,730000,60833,78.7,Meets Expectations,False,93.6,9.2,39.1,76.1,83.8,39.8,3,72.2,7.0,False
10401,Riya Sharma 10401,employee10401@examplecorp.com,6,Individual Contributor,Operations Analyst,Operations,Operations Team A - M2,10099,Aditya Nair 10099,10001|10092|10093|10098|10099|10401,6,0,0,Bengaluru Office,09:30,17:30,Full-time,Active,2019-07-21,7.1,1200000,100000,73.4,Meets Expectations,False,95.4,7.4,45.4,85.7,77.6,24.0,3,68.0,7.0,False
10402,Aditi Sharma 10402,employee10402@examplecorp.com,6,Individual Contributor,Operations Analyst,Operations,Operations Team B - M2,10100,Arjun Nair 10100,10001|10092|10093|10098|10100|10402,6,0,0,Mumbai Office,09:30,18:00,Contract,Active,2024-05-12,2.3,880000,73333,61.5,Developing,False,93.5,6.7,79.0,71.1,69.6,24.7,4,66.3,8.4,False
10403,Sana Sharma 10403,employee10403@examplecorp.com,6,Individual Contributor,Operations Specialist,Operations,Operations Team C - M2,10101,Rohan Nair 10101,10001|10092|10093|10098|10101|10403,6,0,0,Pune Office,08:30,18:30,Full-time,Active,2017-06-02,9.2,1080000,90000,71.5,Meets Expectations,False,93.3,5.4,80.4,74.9,84.1,27.1,4,63.9,7.0,False
10404,Tanya Sharma 10404,employee10404@examplecorp.com,6,Individual Contributor,Operations Executive,Operations,Operations Team A - M3,10103,Karan Nair 10103,10001|10092|10093|10102|10103|10404,6,0,0,Bengaluru Office,09:00,18:30,Contract,Active,2023-11-26,2.8,840000,70000,88.7,Exceeds Expectations,False,97.2,9.3,28.8,86.6,82.7,17.9,4,76.7,7.0,True
10405,Pooja Sharma 10405,employee10405@examplecorp.com,6,Individual Contributor,Operations Specialist,Operations,Operations Team B - M3,10104,Vikram Nair 10104,10001|10092|10093|10102|10104|10405,6,0,0,Mumbai Office,10:00,18:00,Full-time,Active,2018-08-07,8.1,1060000,88333,80.3,Exceeds Expectations,False,91.9,1.9,75.1,72.3,80.4,12.3,4,84.2,7.0,True
10406,Simran Sharma 10406,employee10406@examplecorp.com,6,Individual Contributor,Operations Executive,Operations,Operations Team C - M3,10105,Ananya Nair 10105,10001|10092|10093|10102|10105|10406,6,0,0,Mumbai Office,10:00,17:30,Full-time,Active,2017-01-19,9.6,780000,65000,85.2,Exceeds Expectations,False,93.5,2.8,62.6,69.0,83.2,28.9,3,75.0,7.7,True
10407,Diya Sharma 10407,employee10407@examplecorp.com,6,Individual Contributor,Operations Specialist,Operations,Operations Team A - M4,10107,Priya Nair 10107,10001|10092|10093|10106|10107|10407,6,0,0,Hyderabad Office,09:00,19:00,Full-time,Active,2024-07-29,2.1,460000,38333,66.9,Developing,False,92.0,5.2,69.7,70.4,67.1,27.9,5,58.0,7.0,False
10408,Maya Sharma 10408,employee10408@examplecorp.com,6,Individual Contributor,Operations Executive,Operations,Operations Team B - M4,10108,Neha Nair 10108,10001|10092|10093|10106|10108|10408,6,0,0,Mumbai Office,09:30,18:30,Full-time,Active,2015-12-22,10.7,920000,76667,87.1,Exceeds Expectations,False,96.8,12.9,71.5,68.1,90.9,34.8,3,66.1,8.3,True
10409,Aarav Patel 10409,employee10409@examplecorp.com,6,Individual Contributor,Operations Executive,Operations,Operations Team C - M4,10109,Sneha Nair 10109,10001|10092|10093|10106|10109|10409,6,0,0,Bengaluru Office,09:00,18:00,Full-time,Active,2025-04-20,1.4,1080000,90000,76.8,Meets Expectations,False,92.7,3.6,47.0,84.1,74.5,36.9,4,75.6,7.0,False
10410,Vivaan Patel 10410,employee10410@examplecorp.com,6,Individual Contributor,Product Analyst,Product,Product Team A - M1,10113,Riya Nair 10113,10001|10110|10111|10112|10113|10410,6,0,0,Pune Office,09:00,17:30,Full-time,Active,2026-02-09,0.6,840000,70000,86.8,Exceeds Expectations,False,95.6,4.8,25.0,70.7,90.6,37.0,4,91.6,7.0,False
10411,Aditya Patel 10411,employee10411@examplecorp.com,6,Individual Contributor,Product Specialist,Product,Product Team B - M1,10114,Aditi Nair 10114,10001|10110|10111|10112|10114|10411,6,0,0,Mumbai Office,10:00,17:30,Contract,Active,2021-11-03,4.8,670000,55833,99.0,Outstanding,False,96.0,11.5,69.9,83.4,99.4,16.4,3,79.9,7.0,True
10412,Arjun Patel 10412,employee10412@examplecorp.com,6,Individual Contributor,Product Manager,Product,Product Team C - M1,10115,Sana Nair 10115,10001|10110|10111|10112|10115|10412,6,0,0,Chennai Office,08:30,17:30,Full-time,Active,2025-06-24,1.2,1180000,98333,78.8,Meets Expectations,False,97.8,11.4,90.0,75.3,89.3,51.4,4,73.4,7.0,False
10413,Rohan Patel 10413,employee10413@examplecorp.com,6,Individual Contributor,Product Manager,Product,Product Team A - M2,10117,Pooja Nair 10117,10001|10110|10111|10116|10117|10413,6,0,0,Bengaluru Office,08:30,17:30,Full-time,Active,2018-02-05,8.6,870000,72500,72.5,Meets Expectations,False,92.5,11.8,54.4,80.3,77.7,28.8,4,78.4,7.0,False
10414,Rahul Patel 10414,employee10414@examplecorp.com,6,Individual Contributor,Product Specialist,Product,Product Team B - M2,10118,Simran Nair 10118,10001|10110|10111|10116|10118|10414,6,0,0,Hyderabad Office,09:00,17:30,Full-time,Active,2020-01-22,6.6,630000,52500,76.5,Meets Expectations,False,93.9,0.0,73.9,80.6,89.1,16.2,4,81.7,7.0,False
10415,Karan Patel 10415,employee10415@examplecorp.com,6,Individual Contributor,Product Manager,Product,Product Team C - M2,10119,Diya Nair 10119,10001|10110|10111|10116|10119|10415,6,0,0,Chennai Office,10:00,18:00,Full-time,Active,2016-09-04,10.0,640000,53333,99.0,Outstanding,False,95.4,4.5,24.7,79.0,98.3,24.2,4,84.6,7.0,True
10416,Vikram Patel 10416,employee10416@examplecorp.com,6,Individual Contributor,Product Specialist,Product,Product Team A - M3,10121,Aarav Mehta 10121,10001|10110|10111|10120|10121|10416,6,0,0,Bengaluru Office,09:30,18:00,Full-time,Active,2020-08-02,6.1,1030000,85833,82.8,Exceeds Expectations,False,96.5,10.3,81.7,76.3,78.7,31.8,2,80.9,7.0,False
10417,Ananya Patel 10417,employee10417@examplecorp.com,6,Individual Contributor,Product Specialist,Product,Product Team B - M3,10122,Vivaan Mehta 10122,10001|10110|10111|10120|10122|10417,6,0,0,Bengaluru Office,10:00,17:30,Full-time,Active,2018-02-09,8.6,780000,65000,71.7,Meets Expectations,False,94.0,10.7,23.7,66.6,69.2,34.9,5,69.8,9.4,False
10418,Isha Patel 10418,employee10418@examplecorp.com,6,Individual Contributor,Product Specialist,Product,Product Team C - M3,10123,Aditya Mehta 10123,10001|10110|10111|10120|10123|10418,6,0,0,Mumbai Office,10:00,17:30,Full-time,Active,2024-07-05,2.2,640000,53333,78.3,Meets Expectations,False,96.1,7.8,63.6,71.1,78.5,24.9,5,78.6,7.0,False
10419,Priya Patel 10419,employee10419@examplecorp.com,6,Individual Contributor,Product Manager,Product,Product Team A - M4,10125,Rohan Mehta 10125,10001|10110|10111|10124|10125|10419,6,0,0,Pune Office,08:30,17:30,Full-time,Active,2021-09-17,5.0,900000,75000,75.8,Meets Expectations,False,93.4,6.7,10.3,62.5,76.1,33.4,4,69.8,12.2,False
10420,Neha Patel 10420,employee10420@examplecorp.com,6,Individual Contributor,Product Manager,Product,Product Team B - M4,10126,Rahul Mehta 10126,10001|10110|10111|10124|10126|10420,6,0,0,Delhi Office,09:30,17:30,Full-time,Active,2020-05-21,6.3,1110000,92500,90.5,Outstanding,False,95.8,19.1,15.6,72.6,83.5,39.5,5,62.2,7.0,True
10421,Sneha Patel 10421,employee10421@examplecorp.com,6,Individual Contributor,Product Manager,Product,Product Team C - M4,10127,Karan Mehta 10127,10001|10110|10111|10124|10127|10421,6,0,0,Bengaluru Office,10:00,18:00,Full-time,Active,2019-05-21,7.3,630000,52500,80.5,Exceeds Expectations,False,91.3,7.2,65.6,71.1,84.7,13.1,4,64.0,7.0,True
10422,Kavya Patel 10422,employee10422@examplecorp.com,6,Individual Contributor,IT Specialist,IT,IT Team A - M1,10131,Priya Mehta 10131,10001|10128|10129|10130|10131|10422,6,0,0,Chennai Office,09:30,17:30,Full-time,Active,2024-02-07,2.6,800000,66667,88.7,Exceeds Expectations,False,92.7,9.4,45.1,68.9,93.1,34.5,4,83.6,7.8,True
10423,Meera Patel 10423,employee10423@examplecorp.com,6,Individual Contributor,IT Specialist,IT,IT Team B - M1,10132,Neha Mehta 10132,10001|10128|10129|10130|10132|10423,6,0,0,Hyderabad Office,10:00,18:00,Full-time,Active,2019-07-02,7.2,890000,74167,79.4,Exceeds Expectations,False,92.7,8.6,32.6,69.8,76.1,14.7,3,72.0,7.1,False
10424,Nisha Patel 10424,employee10424@examplecorp.com,6,Individual Contributor,IT Specialist,IT,IT Team C - M1,10133,Sneha Mehta 10133,10001|10128|10129|10130|10133|10424,6,0,0,Delhi Office,10:00,17:30,Full-time,Active,2016-07-01,10.2,1040000,86667,86.4,Exceeds Expectations,False,97.2,7.7,30.7,79.8,76.1,30.3,4,66.8,7.0,False
10425,Riya Patel 10425,employee10425@examplecorp.com,6,Individual Contributor,IT Specialist,IT,IT Team A - M2,10135,Meera Mehta 10135,10001|10128|10129|10134|10135|10425,6,0,0,Mumbai Office,08:30,18:00,Contract,Active,2024-12-31,1.7,580000,48333,71.1,Meets Expectations,False,90.5,6.2,39.4,69.8,77.2,7.3,4,68.8,7.1,False
10426,Aditi Patel 10426,employee10426@examplecorp.com,6,Individual Contributor,IT Specialist,IT,IT Team B - M2,10136,Nisha Mehta 10136,10001|10128|10129|10134|10136|10426,6,0,0,Bengaluru Office,09:30,19:00,Full-time,Active,2015-09-08,11.0,700000,58333,73.0,Meets Expectations,False,94.7,1.6,99.8,65.1,95.7,15.5,6,61.2,10.4,False
10427,Sana Patel 10427,employee10427@examplecorp.com,6,Individual Contributor,Systems Administrator,IT,IT Team C - M2,10137,Riya Mehta 10137,10001|10128|10129|10134|10137|10427,6,0,0,Bengaluru Office,09:00,18:30,Full-time,Active,2022-11-15,3.8,1050000,87500,88.1,Exceeds Expectations,False,98.7,9.2,8.7,70.7,97.7,34.4,4,92.2,7.0,True
10428,Tanya Patel 10428,employee10428@examplecorp.com,6,Individual Contributor,IT Specialist,IT,IT Team A - M3,10139,Sana Mehta 10139,10001|10128|10129|10138|10139|10428,6,0,0,Hyderabad Office,08:30,19:00,Contract,Active,2017-11-29,8.8,960000,80000,86.2,Exceeds Expectations,False,97.8,7.4,68.4,65.2,85.8,40.4,5,72.5,10.4,True
10429,Pooja Patel 10429,employee10429@examplecorp.com,6,Individual Contributor,Systems Administrator,IT,IT Team B - M3,10140,Tanya Mehta 10140,10001|10128|10129|10138|10140|10429,6,0,0,Bengaluru Office,08:30,19:00,Contract,Active,2024-04-17,2.4,1190000,99167,79.5,Exceeds Expectations,False,93.1,3.7,47.6,58.3,80.5,20.2,4,72.3,15.2,False
10430,Simran Patel 10430,employee10430@examplecorp.com,6,Individual Contributor,IT Specialist,IT,IT Team C - M3,10141,Pooja Mehta 10141,10001|10128|10129|10138|10141|10430,6,0,0,Chennai Office,09:30,18:00,Full-time,Active,2015-03-16,11.5,1160000,96667,84.7,Exceeds Expectations,False,97.2,0.0,83.4,73.0,83.4,35.2,5,66.7,7.0,True
10431,Diya Patel 10431,employee10431@examplecorp.com,6,Individual Contributor,Systems Administrator,IT,IT Team A - M4,10143,Diya Mehta 10143,10001|10128|10129|10142|10143|10431,6,0,0,Delhi Office,09:30,19:00,Full-time,Active,2015-05-11,11.3,880000,73333,80.4,Exceeds Expectations,False,92.3,8.5,67.3,61.9,66.7,48.6,4,87.5,12.7,False
10432,Maya Patel 10432,employee10432@examplecorp.com,6,Individual Contributor,IT Specialist,IT,IT Team B - M4,10144,Maya Mehta 10144,10001|10128|10129|10142|10144|10432,6,0,0,Pune Office,09:00,17:30,Full-time,Active,2019-07-03,7.2,730000,60833,70.5,Meets Expectations,False,92.9,6.7,73.7,74.1,88.3,14.2,7,74.2,7.0,False
10433,Aarav Reddy 10433,employee10433@examplecorp.com,6,Individual Contributor,IT Specialist,IT,IT Team C - M4,10145,Aarav Gupta 10145,10001|10128|10129|10142|10145|10433,6,0,0,Bengaluru Office,10:00,17:30,Contract,Active,2024-01-25,2.6,760000,63333,77.0,Meets Expectations,False,95.2,0.1,26.1,72.4,73.4,26.0,3,79.6,7.0,False
10434,Vivaan Reddy 10434,employee10434@examplecorp.com,6,Individual Contributor,Senior Software Engineer,Engineering,Engineering Team A - M1,10005,Rohan Sharma 10005,10001|10002|10003|10004|10005|10434,6,0,0,Mumbai Office,10:00,19:00,Contract,Active,2026-02-17,0.5,690000,57500,70.0,Meets Expectations,False,91.4,5.7,53.1,80.6,82.6,40.2,4,79.8,7.0,False
10435,Aditya Reddy 10435,employee10435@examplecorp.com,6,Individual Contributor,Tech Lead,Engineering,Engineering Team B - M1,10006,Rahul Sharma 10006,10001|10002|10003|10004|10006|10435,6,0,0,Bengaluru Office,09:00,18:30,Full-time,Active,2021-04-19,5.4,470000,39167,83.7,Exceeds Expectations,False,92.5,8.2,50.4,65.1,93.2,30.6,5,64.1,10.4,True
10436,Arjun Reddy 10436,employee10436@examplecorp.com,6,Individual Contributor,Software Engineer,Engineering,Engineering Team C - M1,10007,Karan Sharma 10007,10001|10002|10003|10004|10007|10436,6,0,0,Delhi Office,09:30,17:30,Full-time,Active,2023-01-27,3.6,980000,81667,88.9,Exceeds Expectations,False,94.8,12.3,70.0,75.3,85.4,37.9,4,62.6,7.0,True
10437,Rohan Reddy 10437,employee10437@examplecorp.com,6,Individual Contributor,Tech Lead,Engineering,Engineering Team A - M2,10009,Ananya Sharma 10009,10001|10002|10003|10008|10009|10437,6,0,0,Bengaluru Office,09:00,18:00,Contract,Active,2022-02-18,4.5,470000,39167,79.8,Exceeds Expectations,False,93.7,5.0,28.1,77.1,71.3,6.9,4,79.8,7.0,False
10438,Rahul Reddy 10438,employee10438@examplecorp.com,6,Individual Contributor,Software Engineer,Engineering,Engineering Team B - M2,10010,Isha Sharma 10010,10001|10002|10003|10008|10010|10438,6,0,0,Mumbai Office,09:30,19:00,Full-time,Active,2017-03-07,9.5,980000,81667,97.1,Outstanding,False,93.6,10.3,82.4,78.1,91.4,26.3,4,74.9,7.0,True
10439,Karan Reddy 10439,employee10439@examplecorp.com,6,Individual Contributor,Tech Lead,Engineering,Engineering Team C - M2,10011,Priya Sharma 10011,10001|10002|10003|10008|10011|10439,6,0,0,Bengaluru Office,08:30,18:00,Contract,Active,2018-01-14,8.6,1100000,91667,65.6,Developing,False,97.1,3.6,7.4,66.8,67.9,21.3,4,65.3,9.2,False
10440,Vikram Reddy 10440,employee10440@examplecorp.com,6,Individual Contributor,Senior Software Engineer,Engineering,Engineering Team A - M3,10013,Sneha Sharma 10013,10001|10002|10003|10012|10013|10440,6,0,0,Hyderabad Office,09:30,17:30,Full-time,Active,2015-04-02,11.4,500000,41667,73.6,Meets Expectations,False,94.5,13.0,22.7,75.4,82.9,19.6,4,62.8,7.0,False
10441,Ananya Reddy 10441,employee10441@examplecorp.com,6,Individual Contributor,Software Engineer,Engineering,Engineering Team B - M3,10014,Kavya Sharma 10014,10001|10002|10003|10012|10014|10441,6,0,0,Hyderabad Office,09:30,19:00,Full-time,Active,2018-04-07,8.4,840000,70000,94.8,Outstanding,False,93.4,8.7,69.0,73.7,86.1,42.1,4,60.0,7.0,True
10442,Isha Reddy 10442,employee10442@examplecorp.com,6,Individual Contributor,Software Engineer,Engineering,Engineering Team C - M3,10015,Meera Sharma 10015,10001|10002|10003|10012|10015|10442,6,0,0,Hyderabad Office,09:30,17:30,Full-time,Active,2018-10-16,7.9,1030000,85833,68.2,Developing,False,96.7,4.8,76.4,77.9,58.6,37.0,3,60.2,7.0,False
10443,Priya Reddy 10443,employee10443@examplecorp.com,6,Individual Contributor,Senior Software Engineer,Engineering,Engineering Team A - M4,10017,Riya Sharma 10017,10001|10002|10003|10016|10017|10443,6,0,0,Hyderabad Office,10:00,19:00,Contract,Active,2016-11-27,9.8,490000,40833,85.6,Exceeds Expectations,False,95.2,8.5,52.7,84.6,79.7,18.7,4,73.0,7.0,False
10444,Neha Reddy 10444,employee10444@examplecorp.com,6,Individual Contributor,Software Engineer,Engineering,Engineering Team B - M4,10018,Aditi Sharma 10018,10001|10002|10003|10016|10018|10444,6,0,0,Delhi Office,09:30,18:00,Contract,Active,2023-02-12,3.6,610000,50833,87.4,Exceeds Expectations,False,93.1,12.3,80.7,71.2,85.1,48.9,4,85.6,7.0,True
10445,Sneha Reddy 10445,employee10445@examplecorp.com,6,Individual Contributor,Software Engineer,Engineering,Engineering Team C - M4,10019,Sana Sharma 10019,10001|10002|10003|10016|10019|10445,6,0,0,Delhi Office,10:00,18:30,Contract,Active,2026-04-05,0.4,760000,63333,80.6,Exceeds Expectations,False,96.8,7.3,63.5,67.4,71.5,43.3,4,70.8,8.8,False
10446,Kavya Reddy 10446,employee10446@examplecorp.com,6,Individual Contributor,Account Executive,Sales,Sales Team A - M1,10023,Diya Sharma 10023,10001|10020|10021|10022|10023|10446,6,0,0,Pune Office,10:00,19:00,Full-time,Active,2017-11-12,8.8,490000,40833,67.9,Developing,False,91.6,6.9,71.8,73.6,79.7,34.9,6,75.7,7.0,False
10447,Meera Reddy 10447,employee10447@examplecorp.com,6,Individual Contributor,Account Executive,Sales,Sales Team B - M1,10024,Maya Sharma 10024,10001|10020|10021|10022|10024|10447,6,0,0,Chennai Office,10:00,18:30,Full-time,Active,2020-05-21,6.3,780000,65000,79.1,Exceeds Expectations,False,93.4,9.0,51.9,74.4,74.5,57.4,3,77.7,7.0,False
10448,Nisha Reddy 10448,employee10448@examplecorp.com,6,Individual Contributor,Sales Executive,Sales,Sales Team C - M1,10025,Aarav Patel 10025,10001|10020|10021|10022|10025|10448,6,0,0,Bengaluru Office,09:30,18:00,Full-time,Active,2025-01-04,1.7,530000,44167,79.7,Exceeds Expectations,False,93.5,5.2,20.0,64.5,80.3,52.3,5,80.8,10.9,False
10449,Riya Reddy 10449,employee10449@examplecorp.com,6,Individual Contributor,Senior Sales Executive,Sales,Sales Team A - M2,10027,Aditya Patel 10027,10001|10020|10021|10026|10027|10449,6,0,0,Delhi Office,09:00,17:30,Full-time,Active,2020-12-21,5.7,680000,56667,79.1,Exceeds Expectations,False,93.2,7.8,71.3,60.2,80.1,23.3,3,60.0,13.9,False
10450,Aditi Reddy 10450,employee10450@examplecorp.com,6,Individual Contributor,Senior Sales Executive,Sales,Sales Team B - M2,10028,Arjun Patel 10028,10001|10020|10021|10026|10028|10450,6,0,0,Pune Office,08:30,18:00,Contract,Active,2023-09-05,3.0,620000,51667,80.3,Exceeds Expectations,False,97.7,8.4,59.0,78.5,91.4,18.5,6,75.9,7.0,True
10451,Sana Reddy 10451,employee10451@examplecorp.com,6,Individual Contributor,Sales Executive,Sales,Sales Team C - M2,10029,Rohan Patel 10029,10001|10020|10021|10026|10029|10451,6,0,0,Chennai Office,09:30,19:00,Full-time,Active,2024-07-08,2.1,740000,61667,90.5,Outstanding,False,97.1,0.4,54.6,73.6,82.7,35.1,5,73.1,7.0,True
10452,Tanya Reddy 10452,employee10452@examplecorp.com,6,Individual Contributor,Senior Sales Executive,Sales,Sales Team A - M3,10031,Karan Patel 10031,10001|10020|10021|10030|10031|10452,6,0,0,Bengaluru Office,09:00,17:30,Full-time,Active,2017-09-15,9.0,450000,37500,85.4,Exceeds Expectations,False,94.0,8.7,48.2,71.0,87.4,37.9,4,75.5,7.0,True
10453,Pooja Reddy 10453,employee10453@examplecorp.com,6,Individual Contributor,Senior Sales Executive,Sales,Sales Team B - M3,10032,Vikram Patel 10032,10001|10020|10021|10030|10032|10453,6,0,0,Delhi Office,09:00,17:30,Full-time,Active,2024-06-18,2.2,1060000,88333,64.6,Developing,False,91.3,8.2,78.8,61.8,73.6,7.5,4,65.5,12.9,False
10454,Simran Reddy 10454,employee10454@examplecorp.com,6,Individual Contributor,Senior Sales Executive,Sales,Sales Team C - M3,10033,Ananya Patel 10033,10001|10020|10021|10030|10033|10454,6,0,0,Bengaluru Office,10:00,18:00,Full-time,Active,2019-04-01,7.4,580000,48333,78.9,Meets Expectations,False,93.4,6.6,59.7,72.6,70.9,19.2,4,76.3,7.0,False
10455,Diya Reddy 10455,employee10455@examplecorp.com,6,Individual Contributor,Account Executive,Sales,Sales Team A - M4,10035,Priya Patel 10035,10001|10020|10021|10034|10035|10455,6,0,0,Chennai Office,10:00,18:30,Contract,Active,2024-09-15,2.0,1100000,91667,91.5,Outstanding,False,94.1,9.7,30.6,80.3,82.8,48.6,4,75.1,7.0,True
10456,Maya Reddy 10456,employee10456@examplecorp.com,6,Individual Contributor,Senior Sales Executive,Sales,Sales Team B - M4,10036,Neha Patel 10036,10001|10020|10021|10034|10036|10456,6,0,0,Chennai Office,09:00,19:00,Full-time,Probation,2023-10-13,2.9,1120000,93333,70.2,Meets Expectations,False,94.9,4.7,60.3,70.3,70.0,25.6,4,76.5,7.0,False
10457,Aarav Iyer 10457,employee10457@examplecorp.com,6,Individual Contributor,Account Executive,Sales,Sales Team C - M4,10037,Sneha Patel 10037,10001|10020|10021|10034|10037|10457,6,0,0,Chennai Office,10:00,19:00,Full-time,Active,2017-03-07,9.5,620000,51667,90.2,Outstanding,False,97.9,6.2,66.6,89.9,92.0,54.2,3,71.4,7.0,True
10458,Vivaan Iyer 10458,employee10458@examplecorp.com,6,Individual Contributor,Marketing Executive,Marketing,Marketing Team A - M1,10041,Riya Patel 10041,10001|10038|10039|10040|10041|10458,6,0,0,Pune Office,10:00,18:30,Full-time,Active,2020-02-21,6.5,560000,46667,80.9,Exceeds Expectations,False,96.4,14.1,39.8,72.6,77.2,28.3,3,75.8,7.0,False
10459,Aditya Iyer 10459,employee10459@examplecorp.com,6,Individual Contributor,Marketing Analyst,Marketing,Marketing Team B - M1,10042,Aditi Patel 10042,10001|10038|10039|10040|10042|10459,6,0,0,Chennai Office,09:30,19:00,Full-time,On Leave,2020-11-07,5.8,600000,50000,81.5,Exceeds Expectations,False,95.3,13.2,61.8,58.5,70.1,25.7,4,76.6,15.1,False
10460,Arjun Iyer 10460,employee10460@examplecorp.com,6,Individual Contributor,Marketing Executive,Marketing,Marketing Team C - M1,10043,Sana Patel 10043,10001|10038|10039|10040|10043|10460,6,0,0,Bengaluru Office,08:30,17:30,Full-time,Active,2018-01-03,8.7,890000,74167,83.2,Exceeds Expectations,False,94.2,2.4,40.8,76.5,88.7,22.6,3,80.1,7.0,True
10461,Rohan Iyer 10461,employee10461@examplecorp.com,6,Individual Contributor,Marketing Specialist,Marketing,Marketing Team A - M2,10045,Pooja Patel 10045,10001|10038|10039|10044|10045|10461,6,0,0,Delhi Office,09:00,17:30,Full-time,Active,2015-10-06,10.9,910000,75833,80.2,Exceeds Expectations,False,94.5,7.9,0.4,86.4,81.5,22.7,5,74.9,7.0,True
10462,Rahul Iyer 10462,employee10462@examplecorp.com,6,Individual Contributor,Marketing Analyst,Marketing,Marketing Team B - M2,10046,Simran Patel 10046,10001|10038|10039|10044|10046|10462,6,0,0,Chennai Office,08:30,17:30,Full-time,Active,2024-05-23,2.3,490000,40833,78.8,Meets Expectations,False,95.0,4.7,49.5,71.3,63.9,43.3,4,69.3,7.0,False
10463,Karan Iyer 10463,employee10463@examplecorp.com,6,Individual Contributor,Marketing Executive,Marketing,Marketing Team C - M2,10047,Diya Patel 10047,10001|10038|10039|10044|10047|10463,6,0,0,Chennai Office,09:00,19:00,Full-time,Active,2019-04-23,7.4,490000,40833,77.5,Meets Expectations,False,97.5,7.8,45.9,64.1,62.9,9.8,5,81.6,11.1,False
10464,Vikram Iyer 10464,employee10464@examplecorp.com,6,Individual Contributor,Marketing Analyst,Marketing,Marketing Team A - M3,10049,Aarav Reddy 10049,10001|10038|10039|10048|10049|10464,6,0,0,Bengaluru Office,10:00,18:30,Contract,Active,2019-09-08,7.0,460000,38333,81.1,Exceeds Expectations,False,93.7,8.7,2.5,72.7,85.7,30.8,4,76.1,7.0,True
10465,Ananya Iyer 10465,employee10465@examplecorp.com,6,Individual Contributor,Marketing Executive,Marketing,Marketing Team B - M3,10050,Vivaan Reddy 10050,10001|10038|10039|10048|10050|10465,6,0,0,Chennai Office,09:30,18:00,Full-time,Active,2019-06-27,7.2,590000,49167,82.2,Exceeds Expectations,False,94.3,8.5,39.3,70.3,87.3,13.0,5,74.1,7.0,True
10466,Isha Iyer 10466,employee10466@examplecorp.com,6,Individual Contributor,Marketing Specialist,Marketing,Marketing Team C - M3,10051,Aditya Reddy 10051,10001|10038|10039|10048|10051|10466,6,0,0,Hyderabad Office,08:30,19:00,Full-time,Active,2021-12-31,4.7,1090000,90833,81.8,Exceeds Expectations,False,96.6,12.5,84.5,77.5,77.4,27.9,4,79.3,7.0,False
10467,Priya Iyer 10467,employee10467@examplecorp.com,6,Individual Contributor,Marketing Specialist,Marketing,Marketing Team A - M4,10053,Rohan Reddy 10053,10001|10038|10039|10052|10053|10467,6,0,0,Pune Office,09:30,19:00,Full-time,Active,2018-02-02,8.6,1020000,85000,82.3,Exceeds Expectations,False,92.5,15.1,43.3,84.4,86.4,56.5,3,72.5,7.0,True
10468,Neha Iyer 10468,employee10468@examplecorp.com,6,Individual Contributor,Marketing Analyst,Marketing,Marketing Team B - M4,10054,Rahul Reddy 10054,10001|10038|10039|10052|10054|10468,6,0,0,Bengaluru Office,09:30,17:30,Full-time,Active,2016-05-09,10.3,1200000,100000,80.3,Exceeds Expectations,False,95.6,13.0,9.6,61.5,88.4,29.7,5,75.8,13.0,True
10469,Sneha Iyer 10469,employee10469@examplecorp.com,6,Individual Contributor,Marketing Executive,Marketing,Marketing Team C - M4,10055,Karan Reddy 10055,10001|10038|10039|10052|10055|10469,6,0,0,Pune Office,10:00,17:30,Full-time,Active,2019-03-19,7.5,730000,60833,84.8,Exceeds Expectations,False,91.5,13.7,32.5,79.3,77.5,32.8,6,73.3,7.0,False
10470,Kavya Iyer 10470,employee10470@examplecorp.com,6,Individual Contributor,Senior Financial Analyst,Finance,Finance Team A - M1,10059,Priya Reddy 10059,10001|10056|10057|10058|10059|10470,6,0,0,Bengaluru Office,10:00,18:30,Full-time,Active,2015-10-20,10.9,480000,40000,75.6,Meets Expectations,False,92.1,10.5,44.4,72.8,82.0,23.8,5,72.6,7.0,False
10471,Meera Iyer 10471,employee10471@examplecorp.com,6,Individual Contributor,Senior Financial Analyst,Finance,Finance Team B - M1,10060,Neha Reddy 10060,10001|10056|10057|10058|10060|10471,6,0,0,Chennai Office,09:00,17:30,Full-time,Active,2015-07-08,11.2,530000,44167,74.8,Meets Expectations,False,95.5,11.8,45.8,77.8,68.7,37.5,4,72.1,7.0,False
10472,Nisha Iyer 10472,employee10472@examplecorp.com,6,Individual Contributor,Finance Analyst,Finance,Finance Team C - M1,10061,Sneha Reddy 10061,10001|10056|10057|10058|10061|10472,6,0,0,Pune Office,10:00,18:00,Full-time,Active,2022-06-14,4.2,1000000,83333,83.1,Exceeds Expectations,False,94.1,12.2,80.3,73.9,84.1,34.4,6,76.8,7.0,True
10473,Riya Iyer 10473,employee10473@examplecorp.com,6,Individual Contributor,Finance Analyst,Finance,Finance Team A - M2,10063,Meera Reddy 10063,10001|10056|10057|10062|10063|10473,6,0,0,Hyderabad Office,09:30,18:00,Full-time,Active,2018-03-05,8.5,570000,47500,95.1,Outstanding,False,94.5,13.6,65.6,82.7,86.5,29.0,4,88.0,7.0,True
10474,Aditi Iyer 10474,employee10474@examplecorp.com,6,Individual Contributor,Senior Financial Analyst,Finance,Finance Team B - M2,10064,Nisha Reddy 10064,10001|10056|10057|10062|10064|10474,6,0,0,Chennai Office,10:00,18:30,Full-time,Active,2019-10-28,6.8,610000,50833,84.6,Exceeds Expectations,False,95.8,5.3,76.1,73.5,100.9,39.1,5,74.6,7.0,True
10475,Sana Iyer 10475,employee10475@examplecorp.com,6,Individual Contributor,Finance Analyst,Finance,Finance Team C - M2,10065,Riya Reddy 10065,10001|10056|10057|10062|10065|10475,6,0,0,Hyderabad Office,09:00,19:00,Full-time,Active,2024-09-11,2.0,670000,55833,80.7,Exceeds Expectations,False,92.6,8.1,27.1,65.1,87.9,44.4,5,71.6,10.4,True
10476,Tanya Iyer 10476,employee10476@examplecorp.com,6,Individual Contributor,Finance Analyst,Finance,Finance Team A - M3,10067,Sana Reddy 10067,10001|10056|10057|10066|10067|10476,6,0,0,Pune Office,10:00,18:00,Full-time,Active,2021-01-01,5.7,450000,37500,76.3,Meets Expectations,False,92.8,8.4,22.8,81.2,80.7,34.0,3,75.5,7.0,False
10477,Pooja Iyer 10477,employee10477@examplecorp.com,6,Individual Contributor,Financial Analyst,Finance,Finance Team B - M3,10068,Tanya Reddy 10068,10001|10056|10057|10066|10068|10477,6,0,0,Delhi Office,08:30,18:30,Full-time,Active,2024-02-06,2.6,530000,44167,71.6,Meets Expectations,False,96.2,3.2,37.8,61.6,90.2,37.1,4,78.2,12.9,False
10478,Simran Iyer 10478,employee10478@examplecorp.com,6,Individual Contributor,Finance Analyst,Finance,Finance Team C - M3,10069,Pooja Reddy 10069,10001|10056|10057|10066|10069|10478,6,0,0,Hyderabad Office,08:30,19:00,Full-time,Active,2016-02-20,10.5,1160000,96667,74.7,Meets Expectations,False,95.6,10.4,6.3,82.2,89.8,27.5,7,71.4,7.0,False
10479,Diya Iyer 10479,employee10479@examplecorp.com,6,Individual Contributor,Finance Analyst,Finance,Finance Team A - M4,10071,Diya Reddy 10071,10001|10056|10057|10070|10071|10479,6,0,0,Hyderabad Office,08:30,19:00,Full-time,Active,2020-05-01,6.3,850000,70833,81.4,Exceeds Expectations,False,93.4,8.2,38.5,66.1,82.0,36.5,5,82.5,9.7,True
10480,Maya Iyer 10480,employee10480@examplecorp.com,6,Individual Contributor,Financial Analyst,Finance,Finance Team B - M4,10072,Maya Reddy 10072,10001|10056|10057|10070|10072|10480,6,0,0,Pune Office,10:00,19:00,Full-time,Active,2024-11-20,1.8,980000,81667,78.5,Meets Expectations,False,92.6,4.1,48.1,80.9,95.8,38.3,6,74.1,7.0,False
10481,Aarav Nair 10481,employee10481@examplecorp.com,6,Individual Contributor,Senior Financial Analyst,Finance,Finance Team C - M4,10073,Aarav Iyer 10073,10001|10056|10057|10070|10073|10481,6,0,0,Mumbai Office,10:00,17:30,Full-time,Active,2015-06-25,11.2,920000,76667,87.1,Exceeds Expectations,False,95.2,8.3,40.4,85.4,80.9,30.8,4,71.9,7.0,True
10482,Vivaan Nair 10482,employee10482@examplecorp.com,6,Individual Contributor,HR Specialist,Human Resources,Human Resources Team A - M1,10077,Rohan Iyer 10077,10001|10074|10075|10076|10077|10482,6,0,0,Pune Office,08:30,19:00,Full-time,Active,2020-11-08,5.8,530000,44167,86.5,Exceeds Expectations,False,92.3,13.0,44.2,77.4,78.8,16.1,4,52.8,7.0,False
10483,Aditya Nair 10483,employee10483@examplecorp.com,6,Individual Contributor,HR Analyst,Human Resources,Human Resources Team B - M1,10078,Rahul Iyer 10078,10001|10074|10075|10076|10078|10483,6,0,0,Mumbai Office,09:00,18:30,Full-time,Active,2017-11-19,8.8,1020000,85000,72.4,Meets Expectations,False,93.1,7.5,29.7,61.9,78.9,19.9,4,79.6,12.7,False
10484,Arjun Nair 10484,employee10484@examplecorp.com,6,Individual Contributor,HR Analyst,Human Resources,Human Resources Team C - M1,10079,Karan Iyer 10079,10001|10074|10075|10076|10079|10484,6,0,0,Chennai Office,08:30,18:00,Full-time,Active,2023-09-14,3.0,1200000,100000,52.7,Needs Improvement,True,91.0,4.8,66.1,71.4,47.9,29.7,5,78.9,11.9,False
10485,Rohan Nair 10485,employee10485@examplecorp.com,6,Individual Contributor,HR Specialist,Human Resources,Human Resources Team A - M2,10081,Ananya Iyer 10081,10001|10074|10075|10080|10081|10485,6,0,0,Hyderabad Office,10:00,19:00,Contract,Active,2025-09-27,0.9,1110000,92500,99.0,Outstanding,False,95.4,7.4,87.9,83.8,84.4,25.5,4,76.2,7.0,False
10486,Rahul Nair 10486,employee10486@examplecorp.com,6,Individual Contributor,HR Specialist,Human Resources,Human Resources Team B - M2,10082,Isha Iyer 10082,10001|10074|10075|10080|10082|10486,6,0,0,Mumbai Office,10:00,19:00,Full-time,Active,2022-10-27,3.8,500000,41667,91.2,Outstanding,False,95.6,9.5,57.7,78.8,72.8,33.9,5,75.5,7.0,False
10487,Karan Nair 10487,employee10487@examplecorp.com,6,Individual Contributor,HR Executive,Human Resources,Human Resources Team C - M2,10083,Priya Iyer 10083,10001|10074|10075|10080|10083|10487,6,0,0,Pune Office,10:00,18:00,Contract,Active,2025-09-07,1.0,530000,44167,80.4,Exceeds Expectations,False,96.5,9.5,46.7,75.1,84.4,39.1,4,72.9,7.0,False
10488,Vikram Nair 10488,employee10488@examplecorp.com,6,Individual Contributor,HR Specialist,Human Resources,Human Resources Team A - M3,10085,Sneha Iyer 10085,10001|10074|10075|10084|10085|10488,6,0,0,Chennai Office,10:00,18:30,Contract,Active,2017-09-03,9.0,1060000,88333,83.0,Exceeds Expectations,False,96.4,10.6,12.1,82.3,93.9,24.9,3,67.2,7.0,True
10489,Ananya Nair 10489,employee10489@examplecorp.com,6,Individual Contributor,HR Executive,Human Resources,Human Resources Team B - M3,10086,Kavya Iyer 10086,10001|10074|10075|10084|10086|10489,6,0,0,Mumbai Office,09:30,18:30,Full-time,Active,2024-03-15,2.5,1160000,96667,76.9,Meets Expectations,False,96.1,7.1,26.0,76.4,85.5,26.8,5,67.1,7.0,False
10490,Isha Nair 10490,employee10490@examplecorp.com,6,Individual Contributor,HR Executive,Human Resources,Human Resources Team C - M3,10087,Meera Iyer 10087,10001|10074|10075|10084|10087|10490,6,0,0,Chennai Office,08:30,18:00,Contract,Active,2020-08-08,6.1,820000,68333,67.3,Developing,False,95.9,14.2,61.6,74.0,74.6,13.3,3,78.1,7.0,False
10491,Priya Nair 10491,employee10491@examplecorp.com,6,Individual Contributor,HR Analyst,Human Resources,Human Resources Team A - M4,10089,Riya Iyer 10089,10001|10074|10075|10088|10089|10491,6,0,0,Hyderabad Office,09:00,19:00,Full-time,Active,2024-07-20,2.1,660000,55000,89.1,Outstanding,False,96.6,8.9,40.2,70.8,89.7,27.1,5,82.3,7.0,True
10492,Neha Nair 10492,employee10492@examplecorp.com,6,Individual Contributor,HR Specialist,Human Resources,Human Resources Team B - M4,10090,Aditi Iyer 10090,10001|10074|10075|10088|10090|10492,6,0,0,Delhi Office,09:00,18:30,Full-time,Active,2018-08-18,8.0,1020000,85000,84.8,Exceeds Expectations,False,97.1,2.9,43.0,75.4,95.8,43.2,4,86.3,7.0,True
10493,Sneha Nair 10493,employee10493@examplecorp.com,6,Individual Contributor,HR Specialist,Human Resources,Human Resources Team C - M4,10091,Sana Iyer 10091,10001|10074|10075|10088|10091|10493,6,0,0,Pune Office,10:00,18:00,Full-time,Active,2021-12-06,4.7,600000,50000,91.7,Outstanding,False,95.1,10.4,52.0,75.4,83.8,31.7,4,73.4,7.0,True
10494,Kavya Nair 10494,employee10494@examplecorp.com,6,Individual Contributor,Operations Analyst,Operations,Operations Team A - M1,10095,Diya Iyer 10095,10001|10092|10093|10094|10095|10494,6,0,0,Mumbai Office,09:30,19:00,Full-time,Active,2023-11-18,2.8,460000,38333,78.4,Meets Expectations,False,92.9,10.4,34.8,74.1,73.7,23.9,5,77.5,7.0,False
10495,Meera Nair 10495,employee10495@examplecorp.com,6,Individual Contributor,Operations Analyst,Operations,Operations Team B - M1,10096,Maya Iyer 10096,10001|10092|10093|10094|10096|10495,6,0,0,Delhi Office,08:30,18:00,Contract,Active,2025-02-07,1.6,1130000,94167,90.2,Outstanding,False,93.9,10.6,0.0,68.7,93.5,25.9,4,65.9,7.9,False
10496,Nisha Nair 10496,employee10496@examplecorp.com,6,Individual Contributor,Operations Analyst,Operations,Operations Team C - M1,10097,Aarav Nair 10097,10001|10092|10093|10094|10097|10496,6,0,0,Pune Office,09:30,18:00,Full-time,Active,2017-11-23,8.8,800000,66667,86.4,Exceeds Expectations,False,95.4,4.3,60.9,74.1,87.3,25.0,4,75.3,7.0,True
10497,Riya Nair 10497,employee10497@examplecorp.com,6,Individual Contributor,Operations Specialist,Operations,Operations Team A - M2,10099,Aditya Nair 10099,10001|10092|10093|10098|10099|10497,6,0,0,Pune Office,10:00,18:30,Full-time,Active,2019-09-18,7.0,620000,51667,68.9,Developing,False,94.6,7.3,96.7,70.1,72.9,30.7,4,71.9,7.0,False
10498,Aditi Nair 10498,employee10498@examplecorp.com,6,Individual Contributor,Operations Analyst,Operations,Operations Team B - M2,10100,Arjun Nair 10100,10001|10092|10093|10098|10100|10498,6,0,0,Mumbai Office,09:30,18:00,Full-time,Active,2024-05-19,2.3,840000,70000,85.4,Exceeds Expectations,False,95.1,4.3,55.7,68.6,83.6,39.7,4,69.8,8.0,True
10499,Sana Nair 10499,employee10499@examplecorp.com,6,Individual Contributor,Operations Analyst,Operations,Operations Team C - M2,10101,Rohan Nair 10101,10001|10092|10093|10098|10101|10499,6,0,0,Mumbai Office,09:00,18:30,Full-time,Active,2021-03-05,5.5,1130000,94167,86.2,Exceeds Expectations,False,93.4,12.1,45.7,73.9,87.3,52.1,4,72.9,7.0,True
10500,Tanya Nair 10500,employee10500@examplecorp.com,6,Individual Contributor,Operations Executive,Operations,Operations Team A - M3,10103,Karan Nair 10103,10001|10092|10093|10102|10103|10500,6,0,0,Delhi Office,09:30,17:30,Contract,Active,2017-06-14,9.2,890000,74167,72.0,Meets Expectations,False,98.4,1.7,69.9,57.3,80.2,26.5,5,65.5,15.9,False
10501,Pooja Nair 10501,employee10501@examplecorp.com,6,Individual Contributor,Operations Specialist,Operations,Operations Team B - M3,10104,Vikram Nair 10104,10001|10092|10093|10102|10104|10501,6,0,0,Pune Office,09:30,18:00,Full-time,Active,2025-09-22,0.9,920000,76667,81.0,Exceeds Expectations,False,93.1,1.3,41.0,66.1,72.6,39.4,4,70.5,9.7,False
10502,Simran Nair 10502,employee10502@examplecorp.com,6,Individual Contributor,Operations Executive,Operations,Operations Team C - M3,10105,Ananya Nair 10105,10001|10092|10093|10102|10105|10502,6,0,0,Pune Office,08:30,18:00,Full-time,Active,2026-01-27,0.6,840000,70000,87.8,Exceeds Expectations,False,95.3,3.7,28.1,81.1,80.5,31.9,4,69.0,7.0,False
10503,Diya Nair 10503,employee10503@examplecorp.com,6,Individual Contributor,Operations Analyst,Operations,Operations Team A - M4,10107,Priya Nair 10107,10001|10092|10093|10106|10107|10503,6,0,0,Pune Office,09:00,19:00,Full-time,Active,2025-09-24,0.9,490000,40833,98.9,Outstanding,False,97.8,7.9,39.8,72.1,98.9,25.7,4,65.4,7.0,False
10504,Maya Nair 10504,employee10504@examplecorp.com,6,Individual Contributor,Operations Specialist,Operations,Operations Team B - M4,10108,Neha Nair 10108,10001|10092|10093|10106|10108|10504,6,0,0,Pune Office,09:00,18:00,Full-time,Active,2016-07-14,10.1,640000,53333,72.7,Meets Expectations,False,91.4,4.2,34.5,79.7,61.0,25.6,5,82.0,7.0,False
10505,Aarav Mehta 10505,employee10505@examplecorp.com,6,Individual Contributor,Operations Analyst,Operations,Operations Team C - M4,10109,Sneha Nair 10109,10001|10092|10093|10106|10109|10505,6,0,0,Delhi Office,09:30,18:30,Contract,Active,2025-11-05,0.8,710000,59167,73.5,Meets Expectations,False,95.6,4.8,32.9,69.8,68.7,35.1,5,84.3,7.1,False
10506,Vivaan Mehta 10506,employee10506@examplecorp.com,6,Individual Contributor,Product Specialist,Product,Product Team A - M1,10113,Riya Nair 10113,10001|10110|10111|10112|10113|10506,6,0,0,Chennai Office,08:30,17:30,Full-time,Active,2018-05-08,8.3,870000,72500,91.6,Outstanding,False,93.2,7.4,65.3,75.0,65.4,36.3,4,71.0,7.0,False
10507,Aditya Mehta 10507,employee10507@examplecorp.com,6,Individual Contributor,Product Specialist,Product,Product Team B - M1,10114,Aditi Nair 10114,10001|10110|10111|10112|10114|10507,6,0,0,Bengaluru Office,09:30,17:30,Full-time,Active,2018-01-23,8.6,490000,40833,73.3,Meets Expectations,False,95.8,9.4,34.9,67.0,80.1,36.5,3,69.7,9.1,False
10508,Arjun Mehta 10508,employee10508@examplecorp.com,6,Individual Contributor,Product Specialist,Product,Product Team C - M1,10115,Sana Nair 10115,10001|10110|10111|10112|10115|10508,6,0,0,Mumbai Office,09:00,17:30,Full-time,Active,2025-01-06,1.7,820000,68333,62.1,Developing,False,92.8,7.2,38.1,73.4,75.3,40.4,5,77.8,8.2,False
10509,Rohan Mehta 10509,employee10509@examplecorp.com,6,Individual Contributor,Product Analyst,Product,Product Team A - M2,10117,Pooja Nair 10117,10001|10110|10111|10116|10117|10509,6,0,0,Chennai Office,08:30,19:00,Full-time,Active,2017-04-18,9.4,700000,58333,70.8,Meets Expectations,False,95.6,12.5,59.3,68.2,71.1,4.0,5,63.1,8.3,False
10510,Rahul Mehta 10510,employee10510@examplecorp.com,6,Individual Contributor,Product Specialist,Product,Product Team B - M2,10118,Simran Nair 10118,10001|10110|10111|10116|10118|10510,6,0,0,Mumbai Office,09:30,17:30,Full-time,Active,2019-10-21,6.9,680000,56667,83.7,Exceeds Expectations,False,92.4,6.8,35.2,84.7,82.6,46.5,3,74.4,7.0,True
10511,Karan Mehta 10511,employee10511@examplecorp.com,6,Individual Contributor,Product Analyst,Product,Product Team C - M2,10119,Diya Nair 10119,10001|10110|10111|10116|10119|10511,6,0,0,Delhi Office,09:00,18:30,Full-time,Active,2017-04-27,9.3,1180000,98333,89.9,Outstanding,False,94.4,6.7,59.0,69.4,91.2,36.6,5,72.2,7.4,True
10512,Vikram Mehta 10512,employee10512@examplecorp.com,6,Individual Contributor,Product Analyst,Product,Product Team A - M3,10121,Aarav Mehta 10121,10001|10110|10111|10120|10121|10512,6,0,0,Hyderabad Office,09:30,17:30,Full-time,Active,2016-05-23,10.3,870000,72500,69.5,Meets Expectations,False,93.1,11.5,75.9,74.1,77.3,17.7,6,69.0,7.0,False
10513,Ananya Mehta 10513,employee10513@examplecorp.com,6,Individual Contributor,Product Manager,Product,Product Team B - M3,10122,Vivaan Mehta 10122,10001|10110|10111|10120|10122|10513,6,0,0,Hyderabad Office,08:30,17:30,Full-time,Active,2017-07-19,9.1,650000,54167,77.1,Meets Expectations,False,95.6,10.8,38.9,89.8,84.7,28.6,3,80.4,7.0,False
10514,Isha Mehta 10514,employee10514@examplecorp.com,6,Individual Contributor,Product Specialist,Product,Product Team C - M3,10123,Aditya Mehta 10123,10001|10110|10111|10120|10123|10514,6,0,0,Pune Office,09:30,18:00,Full-time,Active,2026-03-01,0.5,920000,76667,85.5,Exceeds Expectations,False,94.3,6.7,61.6,76.4,87.6,39.4,2,74.7,7.0,False
10515,Priya Mehta 10515,employee10515@examplecorp.com,6,Individual Contributor,Product Specialist,Product,Product Team A - M4,10125,Rohan Mehta 10125,10001|10110|10111|10124|10125|10515,6,0,0,Delhi Office,08:30,19:00,Contract,Active,2024-10-28,1.8,920000,76667,75.3,Meets Expectations,False,94.7,5.2,0.2,75.0,87.3,9.5,3,82.7,7.0,False
10516,Neha Mehta 10516,employee10516@examplecorp.com,6,Individual Contributor,Product Specialist,Product,Product Team B - M4,10126,Rahul Mehta 10126,10001|10110|10111|10124|10126|10516,6,0,0,Pune Office,09:30,19:00,Full-time,Active,2022-08-17,4.0,830000,69167,59.3,Developing,True,90.6,10.8,20.4,67.0,71.5,27.3,4,67.7,11.4,False
10517,Sneha Mehta 10517,employee10517@examplecorp.com,6,Individual Contributor,Product Specialist,Product,Product Team C - M4,10127,Karan Mehta 10127,10001|10110|10111|10124|10127|10517,6,0,0,Delhi Office,09:30,18:00,Full-time,Active,2017-08-27,9.0,700000,58333,81.5,Exceeds Expectations,False,92.9,7.4,38.3,75.8,74.6,46.9,5,76.8,7.0,False
10518,Kavya Mehta 10518,employee10518@examplecorp.com,6,Individual Contributor,Systems Administrator,IT,IT Team A - M1,10131,Priya Mehta 10131,10001|10128|10129|10130|10131|10518,6,0,0,Mumbai Office,10:00,18:30,Full-time,Active,2022-12-05,3.7,820000,68333,90.4,Outstanding,False,95.2,0.0,41.9,68.9,89.4,38.8,5,77.5,7.8,True
10519,Meera Mehta 10519,employee10519@examplecorp.com,6,Individual Contributor,IT Support Engineer,IT,IT Team B - M1,10132,Neha Mehta 10132,10001|10128|10129|10130|10132|10519,6,0,0,Mumbai Office,09:00,17:30,Contract,Active,2016-05-18,10.3,970000,80833,65.7,Developing,False,94.3,8.0,61.4,65.2,51.2,36.7,5,66.5,10.4,False
10520,Nisha Mehta 10520,employee10520@examplecorp.com,6,Individual Contributor,IT Support Engineer,IT,IT Team C - M1,10133,Sneha Mehta 10133,10001|10128|10129|10130|10133|10520,6,0,0,Mumbai Office,09:30,17:30,Full-time,Active,2019-04-15,7.4,1040000,86667,73.8,Meets Expectations,False,91.6,9.7,72.7,67.2,74.0,18.6,4,71.9,9.0,False
10521,Riya Mehta 10521,employee10521@examplecorp.com,6,Individual Contributor,Systems Administrator,IT,IT Team A - M2,10135,Meera Mehta 10135,10001|10128|10129|10134|10135|10521,6,0,0,Mumbai Office,09:30,18:00,Contract,Active,2021-07-23,5.1,850000,70833,87.7,Exceeds Expectations,False,94.9,9.8,65.6,72.5,79.6,27.2,5,91.7,7.0,False
10522,Aditi Mehta 10522,employee10522@examplecorp.com,6,Individual Contributor,IT Specialist,IT,IT Team B - M2,10136,Nisha Mehta 10136,10001|10128|10129|10134|10136|10522,6,0,0,Delhi Office,09:30,18:00,Full-time,Active,2017-10-18,8.9,970000,80833,89.9,Outstanding,False,93.2,8.6,47.5,72.1,90.6,38.6,4,77.7,7.0,True
10523,Sana Mehta 10523,employee10523@examplecorp.com,6,Individual Contributor,IT Specialist,IT,IT Team C - M2,10137,Riya Mehta 10137,10001|10128|10129|10134|10137|10523,6,0,0,Hyderabad Office,09:30,18:00,Full-time,Active,2024-05-04,2.3,1100000,91667,79.3,Exceeds Expectations,False,92.7,7.0,11.0,69.7,83.6,31.7,5,86.3,7.2,False
10524,Tanya Mehta 10524,employee10524@examplecorp.com,6,Individual Contributor,Systems Administrator,IT,IT Team A - M3,10139,Sana Mehta 10139,10001|10128|10129|10138|10139|10524,6,0,0,Mumbai Office,09:00,18:00,Full-time,Active,2016-12-17,9.7,800000,66667,88.7,Exceeds Expectations,False,95.3,9.3,29.3,68.7,83.1,27.3,4,74.9,7.9,True
10525,Pooja Mehta 10525,employee10525@examplecorp.com,6,Individual Contributor,IT Specialist,IT,IT Team B - M3,10140,Tanya Mehta 10140,10001|10128|10129|10138|10140|10525,6,0,0,Hyderabad Office,09:00,18:30,Contract,Active,2020-05-22,6.3,1040000,86667,77.3,Meets Expectations,False,95.2,8.7,25.5,64.8,70.4,10.7,4,65.9,10.6,False
10526,Simran Mehta 10526,employee10526@examplecorp.com,6,Individual Contributor,Systems Administrator,IT,IT Team C - M3,10141,Pooja Mehta 10141,10001|10128|10129|10138|10141|10526,6,0,0,Chennai Office,09:30,17:30,Full-time,Active,2025-07-18,1.1,700000,58333,78.4,Meets Expectations,False,94.7,9.0,51.6,66.4,76.3,35.6,3,72.2,9.5,False
10527,Diya Mehta 10527,employee10527@examplecorp.com,6,Individual Contributor,IT Specialist,IT,IT Team A - M4,10143,Diya Mehta 10143,10001|10128|10129|10142|10143|10527,6,0,0,Chennai Office,10:00,18:30,Full-time,Active,2025-07-04,1.2,530000,44167,72.8,Meets Expectations,False,93.8,10.0,53.5,68.1,63.9,45.6,6,74.4,8.3,False
10528,Maya Mehta 10528,employee10528@examplecorp.com,6,Individual Contributor,IT Support Engineer,IT,IT Team B - M4,10144,Maya Mehta 10144,10001|10128|10129|10142|10144|10528,6,0,0,Pune Office,09:30,18:30,Full-time,Active,2016-01-22,10.6,780000,65000,78.1,Meets Expectations,False,94.5,11.9,79.9,80.9,81.5,8.8,4,65.2,7.0,False
10529,Aarav Gupta 10529,employee10529@examplecorp.com,6,Individual Contributor,IT Specialist,IT,IT Team C - M4,10145,Aarav Gupta 10145,10001|10128|10129|10142|10145|10529,6,0,0,Delhi Office,09:00,17:30,Full-time,Active,2019-07-10,7.1,970000,80833,76.6,Meets Expectations,False,95.0,4.4,71.0,59.6,76.1,41.4,4,78.8,14.3,False
10530,Vivaan Gupta 10530,employee10530@examplecorp.com,6,Individual Contributor,Tech Lead,Engineering,Engineering Team A - M1,10005,Rohan Sharma 10005,10001|10002|10003|10004|10005|10530,6,0,0,Delhi Office,09:00,19:00,Full-time,Active,2019-10-22,6.9,730000,60833,75.3,Meets Expectations,False,93.7,9.6,68.0,73.9,79.7,9.8,5,78.6,7.0,False
10531,Aditya Gupta 10531,employee10531@examplecorp.com,6,Individual Contributor,Senior Software Engineer,Engineering,Engineering Team B - M1,10006,Rahul Sharma 10006,10001|10002|10003|10004|10006|10531,6,0,0,Mumbai Office,09:30,18:30,Full-time,Active,2025-08-07,1.1,510000,42500,64.0,Developing,False,92.6,15.3,52.7,65.0,77.3,9.0,6,69.4,10.9,False
10532,Arjun Gupta 10532,employee10532@examplecorp.com,6,Individual Contributor,Tech Lead,Engineering,Engineering Team C - M1,10007,Karan Sharma 10007,10001|10002|10003|10004|10007|10532,6,0,0,Hyderabad Office,09:00,17:30,Full-time,Active,2019-04-23,7.4,1000000,83333,87.9,Exceeds Expectations,False,92.9,10.7,55.5,78.1,80.9,6.8,5,75.7,7.0,True
10533,Rohan Gupta 10533,employee10533@examplecorp.com,6,Individual Contributor,Tech Lead,Engineering,Engineering Team A - M2,10009,Ananya Sharma 10009,10001|10002|10003|10008|10009|10533,6,0,0,Mumbai Office,09:30,17:30,Contract,Active,2021-12-11,4.7,840000,70000,87.4,Exceeds Expectations,False,93.1,15.1,38.2,73.0,75.0,36.6,5,71.4,7.0,False
10534,Rahul Gupta 10534,employee10534@examplecorp.com,6,Individual Contributor,Software Engineer,Engineering,Engineering Team B - M2,10010,Isha Sharma 10010,10001|10002|10003|10008|10010|10534,6,0,0,Chennai Office,09:30,17:30,Full-time,Active,2022-12-25,3.7,930000,77500,71.2,Meets Expectations,False,94.4,11.4,51.2,85.0,95.0,11.3,3,75.1,7.0,False
10535,Karan Gupta 10535,employee10535@examplecorp.com,6,Individual Contributor,Software Engineer,Engineering,Engineering Team C - M2,10011,Priya Sharma 10011,10001|10002|10003|10008|10011|10535,6,0,0,Delhi Office,09:30,19:00,Full-time,Active,2021-03-13,5.5,750000,62500,73.9,Meets Expectations,False,94.3,6.2,18.6,74.5,88.3,32.5,3,77.5,7.0,False
10536,Vikram Gupta 10536,employee10536@examplecorp.com,6,Individual Contributor,Software Engineer,Engineering,Engineering Team A - M3,10013,Sneha Sharma 10013,10001|10002|10003|10012|10013|10536,6,0,0,Mumbai Office,09:30,18:00,Full-time,Active,2021-08-16,5.0,660000,55000,70.9,Meets Expectations,False,94.7,8.9,32.0,68.2,79.5,27.0,4,68.5,8.3,False
10537,Ananya Gupta 10537,employee10537@examplecorp.com,6,Individual Contributor,Software Engineer,Engineering,Engineering Team B - M3,10014,Kavya Sharma 10014,10001|10002|10003|10012|10014|10537,6,0,0,Mumbai Office,09:30,17:30,Full-time,Active,2023-07-13,3.1,560000,46667,75.3,Meets Expectations,False,94.4,10.6,26.2,72.9,80.3,61.1,5,73.0,7.0,False
10538,Isha Gupta 10538,employee10538@examplecorp.com,6,Individual Contributor,Software Engineer,Engineering,Engineering Team C - M3,10015,Meera Sharma 10015,10001|10002|10003|10012|10015|10538,6,0,0,Mumbai Office,09:30,17:30,Full-time,Active,2024-09-02,2.0,1020000,85000,78.2,Meets Expectations,False,96.3,4.0,60.6,72.5,101.8,21.2,3,73.8,7.0,False
10539,Priya Gupta 10539,employee10539@examplecorp.com,6,Individual Contributor,Senior Software Engineer,Engineering,Engineering Team A - M4,10017,Riya Sharma 10017,10001|10002|10003|10016|10017|10539,6,0,0,Pune Office,09:00,19:00,Full-time,Active,2016-05-01,10.3,960000,80000,79.8,Exceeds Expectations,False,95.2,8.6,71.3,58.1,79.4,25.6,4,67.0,15.3,False
10540,Neha Gupta 10540,employee10540@examplecorp.com,6,Individual Contributor,Software Engineer,Engineering,Engineering Team B - M4,10018,Aditi Sharma 10018,10001|10002|10003|10016|10018|10540,6,0,0,Chennai Office,09:00,18:00,Full-time,Active,2016-09-20,9.9,470000,39167,81.0,Exceeds Expectations,False,95.2,12.8,49.1,65.3,78.4,19.0,5,70.8,10.3,False
10541,Sneha Gupta 10541,employee10541@examplecorp.com,6,Individual Contributor,Senior Software Engineer,Engineering,Engineering Team C - M4,10019,Sana Sharma 10019,10001|10002|10003|10016|10019|10541,6,0,0,Pune Office,09:00,18:00,Full-time,Active,2020-08-22,6.0,750000,62500,74.2,Meets Expectations,False,93.8,3.9,65.1,67.5,82.0,20.8,4,66.3,8.8,False
10542,Kavya Gupta 10542,employee10542@examplecorp.com,6,Individual Contributor,Senior Sales Executive,Sales,Sales Team A - M1,10023,Diya Sharma 10023,10001|10020|10021|10022|10023|10542,6,0,0,Mumbai Office,08:30,18:30,Full-time,Active,2019-10-28,6.8,1000000,83333,71.5,Meets Expectations,False,94.7,8.5,50.9,77.6,72.5,26.4,4,82.5,7.0,False
10543,Meera Gupta 10543,employee10543@examplecorp.com,6,Individual Contributor,Account Executive,Sales,Sales Team B - M1,10024,Maya Sharma 10024,10001|10020|10021|10022|10024|10543,6,0,0,Pune Office,09:00,18:30,Full-time,Active,2015-04-13,11.4,520000,43333,75.0,Meets Expectations,False,93.6,7.5,24.7,62.2,85.4,30.5,5,87.2,12.5,False
10544,Nisha Gupta 10544,employee10544@examplecorp.com,6,Individual Contributor,Sales Executive,Sales,Sales Team C - M1,10025,Aarav Patel 10025,10001|10020|10021|10022|10025|10544,6,0,0,Hyderabad Office,09:30,18:30,Full-time,Active,2023-12-01,2.8,890000,74167,77.6,Meets Expectations,False,94.6,7.7,45.5,82.9,76.5,37.5,4,74.1,7.0,False
10545,Riya Gupta 10545,employee10545@examplecorp.com,6,Individual Contributor,Account Executive,Sales,Sales Team A - M2,10027,Aditya Patel 10027,10001|10020|10021|10026|10027|10545,6,0,0,Hyderabad Office,09:00,17:30,Full-time,Active,2025-03-31,1.4,580000,48333,75.0,Meets Expectations,False,97.0,7.3,27.3,74.3,78.8,39.5,4,74.0,7.0,False
10546,Aditi Gupta 10546,employee10546@examplecorp.com,6,Individual Contributor,Account Executive,Sales,Sales Team B - M2,10028,Arjun Patel 10028,10001|10020|10021|10026|10028|10546,6,0,0,Chennai Office,08:30,18:00,Full-time,Active,2020-01-12,6.6,780000,65000,72.7,Meets Expectations,False,93.3,15.8,20.3,75.2,74.7,19.9,5,70.2,7.0,False
10547,Sana Gupta 10547,employee10547@examplecorp.com,6,Individual Contributor,Account Executive,Sales,Sales Team C - M2,10029,Rohan Patel 10029,10001|10020|10021|10026|10029|10547,6,0,0,Delhi Office,09:00,19:00,Full-time,Active,2016-04-01,10.4,530000,44167,84.1,Exceeds Expectations,False,97.3,13.4,37.8,66.8,97.5,30.0,6,76.0,9.2,True
10548,Tanya Gupta 10548,employee10548@examplecorp.com,6,Individual Contributor,Account Executive,Sales,Sales Team A - M3,10031,Karan Patel 10031,10001|10020|10021|10030|10031|10548,6,0,0,Bengaluru Office,09:30,17:30,Full-time,Active,2024-04-07,2.4,910000,75833,85.6,Exceeds Expectations,False,94.3,12.0,17.9,75.3,96.6,33.7,4,78.1,7.0,True
10549,Pooja Gupta 10549,employee10549@examplecorp.com,6,Individual Contributor,Account Executive,Sales,Sales Team B - M3,10032,Vikram Patel 10032,10001|10020|10021|10030|10032|10549,6,0,0,Mumbai Office,08:30,18:00,Full-time,Active,2024-04-26,2.3,990000,82500,77.4,Meets Expectations,False,93.6,8.0,0.0,65.2,73.7,12.3,4,79.6,10.4,False
10550,Simran Gupta 10550,employee10550@examplecorp.com,6,Individual Contributor,Sales Executive,Sales,Sales Team C - M3,10033,Ananya Patel 10033,10001|10020|10021|10030|10033|10550,6,0,0,Hyderabad Office,09:00,18:00,Full-time,Active,2016-09-07,10.0,800000,66667,99.0,Outstanding,False,95.3,0.4,32.2,78.6,98.2,33.7,5,81.9,7.0,True
10551,Diya Gupta 10551,employee10551@examplecorp.com,6,Individual Contributor,Account Executive,Sales,Sales Team A - M4,10035,Priya Patel 10035,10001|10020|10021|10034|10035|10551,6,0,0,Chennai Office,09:00,17:30,Full-time,Active,2022-04-18,4.4,950000,79167,76.1,Meets Expectations,False,95.7,10.6,48.7,72.0,70.0,23.4,3,82.3,7.0,False
10552,Maya Gupta 10552,employee10552@examplecorp.com,6,Individual Contributor,Senior Sales Executive,Sales,Sales Team B - M4,10036,Neha Patel 10036,10001|10020|10021|10034|10036|10552,6,0,0,Hyderabad Office,08:30,18:00,Full-time,Active,2015-10-26,10.9,930000,77500,90.6,Outstanding,False,96.9,0.0,51.6,91.0,68.9,41.6,4,70.9,7.0,False
10553,Aarav Verma 10553,employee10553@examplecorp.com,6,Individual Contributor,Senior Sales Executive,Sales,Sales Team C - M4,10037,Sneha Patel 10037,10001|10020|10021|10034|10037|10553,6,0,0,Bengaluru Office,09:00,18:00,Full-time,Active,2020-04-06,6.4,760000,63333,86.1,Exceeds Expectations,False,95.4,7.1,51.8,70.3,92.0,30.0,5,68.7,7.0,True
10554,Vivaan Verma 10554,employee10554@examplecorp.com,6,Individual Contributor,Marketing Analyst,Marketing,Marketing Team A - M1,10041,Riya Patel 10041,10001|10038|10039|10040|10041|10554,6,0,0,Bengaluru Office,08:30,17:30,Full-time,On Leave,2016-07-02,10.2,800000,66667,84.8,Exceeds Expectations,False,95.5,9.2,12.6,74.4,71.8,42.4,6,66.3,7.0,False
10555,Aditya Verma 10555,employee10555@examplecorp.com,6,Individual Contributor,Marketing Specialist,Marketing,Marketing Team B - M1,10042,Aditi Patel 10042,10001|10038|10039|10040|10042|10555,6,0,0,Chennai Office,09:30,18:30,Full-time,Active,2024-09-26,1.9,530000,44167,83.1,Exceeds Expectations,False,95.2,8.5,56.6,77.8,93.7,40.3,7,78.1,7.0,False
10556,Arjun Verma 10556,employee10556@examplecorp.com,6,Individual Contributor,Marketing Executive,Marketing,Marketing Team C - M1,10043,Sana Patel 10043,10001|10038|10039|10040|10043|10556,6,0,0,Delhi Office,09:00,18:00,Contract,Active,2026-04-26,0.4,1080000,90000,93.4,Outstanding,False,95.7,12.5,86.3,79.7,77.9,27.2,4,63.7,7.0,False
10557,Rohan Verma 10557,employee10557@examplecorp.com,6,Individual Contributor,Marketing Executive,Marketing,Marketing Team A - M2,10045,Pooja Patel 10045,10001|10038|10039|10044|10045|10557,6,0,0,Bengaluru Office,09:30,19:00,Full-time,Active,2021-10-03,4.9,610000,50833,84.4,Exceeds Expectations,False,97.7,1.7,52.6,82.4,93.5,22.6,3,83.6,7.0,True
10558,Rahul Verma 10558,employee10558@examplecorp.com,6,Individual Contributor,Marketing Analyst,Marketing,Marketing Team B - M2,10046,Simran Patel 10046,10001|10038|10039|10044|10046|10558,6,0,0,Hyderabad Office,09:00,18:00,Full-time,Active,2020-06-24,6.2,1080000,90000,76.9,Meets Expectations,False,93.6,7.1,55.2,59.2,75.7,33.7,4,79.8,14.6,False
10559,Karan Verma 10559,employee10559@examplecorp.com,6,Individual Contributor,Marketing Specialist,Marketing,Marketing Team C - M2,10047,Diya Patel 10047,10001|10038|10039|10044|10047|10559,6,0,0,Delhi Office,09:00,19:00,Full-time,Probation,2026-03-06,0.5,1070000,89167,72.0,Meets Expectations,False,95.0,5.5,31.8,65.9,80.9,15.4,3,81.1,9.9,False
10560,Vikram Verma 10560,employee10560@examplecorp.com,6,Individual Contributor,Marketing Executive,Marketing,Marketing Team A - M3,10049,Aarav Reddy 10049,10001|10038|10039|10048|10049|10560,6,0,0,Hyderabad Office,10:00,19:00,Full-time,Active,2018-06-15,8.2,540000,45000,79.4,Exceeds Expectations,False,95.1,5.8,0.0,73.5,78.5,30.3,5,69.7,7.0,False
10561,Ananya Verma 10561,employee10561@examplecorp.com,6,Individual Contributor,Marketing Executive,Marketing,Marketing Team B - M3,10050,Vivaan Reddy 10050,10001|10038|10039|10048|10050|10561,6,0,0,Mumbai Office,09:00,18:30,Full-time,On Leave,2022-06-17,4.2,690000,57500,75.2,Meets Expectations,False,94.0,5.8,65.1,73.8,71.6,25.2,3,68.9,7.0,False
10562,Isha Verma 10562,employee10562@examplecorp.com,6,Individual Contributor,Marketing Analyst,Marketing,Marketing Team C - M3,10051,Aditya Reddy 10051,10001|10038|10039|10048|10051|10562,6,0,0,Chennai Office,08:30,18:00,Full-time,Active,2017-10-18,8.9,470000,39167,91.7,Outstanding,False,96.3,3.6,60.4,79.9,73.5,38.8,5,70.9,7.0,False
10563,Priya Verma 10563,employee10563@examplecorp.com,6,Individual Contributor,Marketing Executive,Marketing,Marketing Team A - M4,10053,Rohan Reddy 10053,10001|10038|10039|10052|10053|10563,6,0,0,Chennai Office,08:30,18:30,Full-time,Active,2018-07-11,8.1,850000,70833,87.0,Exceeds Expectations,False,95.0,8.1,88.5,87.1,84.6,28.5,3,67.9,7.0,True
10564,Neha Verma 10564,employee10564@examplecorp.com,6,Individual Contributor,Marketing Specialist,Marketing,Marketing Team B - M4,10054,Rahul Reddy 10054,10001|10038|10039|10052|10054|10564,6,0,0,Hyderabad Office,09:00,19:00,Full-time,Active,2025-10-04,0.9,940000,78333,77.1,Meets Expectations,False,97.0,11.6,60.9,84.5,89.5,25.8,5,78.3,7.0,False
10565,Sneha Verma 10565,employee10565@examplecorp.com,6,Individual Contributor,Marketing Analyst,Marketing,Marketing Team C - M4,10055,Karan Reddy 10055,10001|10038|10039|10052|10055|10565,6,0,0,Delhi Office,08:30,19:00,Contract,Active,2022-06-20,4.2,640000,53333,73.5,Meets Expectations,False,91.5,2.8,87.3,67.3,80.4,30.1,5,73.7,8.9,False
10566,Kavya Verma 10566,employee10566@examplecorp.com,6,Individual Contributor,Financial Analyst,Finance,Finance Team A - M1,10059,Priya Reddy 10059,10001|10056|10057|10058|10059|10566,6,0,0,Hyderabad Office,10:00,19:00,Contract,Active,2017-11-11,8.8,1160000,96667,80.2,Exceeds Expectations,False,96.7,1.2,0.2,81.4,90.5,44.6,4,74.6,7.0,True
10567,Meera Verma 10567,employee10567@examplecorp.com,6,Individual Contributor,Senior Financial Analyst,Finance,Finance Team B - M1,10060,Neha Reddy 10060,10001|10056|10057|10058|10060|10567,6,0,0,Chennai Office,09:30,18:30,Full-time,Active,2023-02-19,3.5,800000,66667,71.8,Meets Expectations,False,93.4,5.7,69.8,83.1,72.1,40.2,5,76.7,7.0,False
10568,Nisha Verma 10568,employee10568@examplecorp.com,6,Individual Contributor,Financial Analyst,Finance,Finance Team C - M1,10061,Sneha Reddy 10061,10001|10056|10057|10058|10061|10568,6,0,0,Hyderabad Office,08:30,18:00,Full-time,Active,2020-11-22,5.8,920000,76667,85.6,Exceeds Expectations,False,95.1,0.1,47.4,71.9,92.6,27.5,6,71.3,7.0,True
10569,Riya Verma 10569,employee10569@examplecorp.com,6,Individual Contributor,Finance Analyst,Finance,Finance Team A - M2,10063,Meera Reddy 10063,10001|10056|10057|10062|10063|10569,6,0,0,Bengaluru Office,10:00,18:00,Full-time,Active,2016-12-16,9.7,710000,59167,78.8,Meets Expectations,False,94.0,5.6,82.0,75.6,82.3,15.0,4,84.3,7.0,False
10570,Aditi Verma 10570,employee10570@examplecorp.com,6,Individual Contributor,Finance Analyst,Finance,Finance Team B - M2,10064,Nisha Reddy 10064,10001|10056|10057|10062|10064|10570,6,0,0,Pune Office,08:30,17:30,Full-time,Active,2020-02-19,6.5,970000,80833,75.7,Meets Expectations,False,91.1,8.0,61.1,79.5,71.8,25.3,3,67.8,7.0,False
10571,Sana Verma 10571,employee10571@examplecorp.com,6,Individual Contributor,Senior Financial Analyst,Finance,Finance Team C - M2,10065,Riya Reddy 10065,10001|10056|10057|10062|10065|10571,6,0,0,Hyderabad Office,08:30,17:30,Full-time,Active,2016-06-21,10.2,980000,81667,83.0,Exceeds Expectations,False,97.0,3.3,50.0,72.5,65.8,38.1,4,65.5,7.0,False
10572,Tanya Verma 10572,employee10572@examplecorp.com,6,Individual Contributor,Finance Analyst,Finance,Finance Team A - M3,10067,Sana Reddy 10067,10001|10056|10057|10066|10067|10572,6,0,0,Bengaluru Office,08:30,18:30,Full-time,Active,2017-09-06,9.0,580000,48333,74.0,Meets Expectations,False,95.9,1.8,79.3,74.9,59.6,19.2,5,72.9,7.0,False
10573,Pooja Verma 10573,employee10573@examplecorp.com,6,Individual Contributor,Financial Analyst,Finance,Finance Team B - M3,10068,Tanya Reddy 10068,10001|10056|10057|10066|10068|10573,6,0,0,Pune Office,09:30,17:30,Full-time,Active,2016-05-28,10.3,640000,53333,83.9,Exceeds Expectations,False,93.9,9.6,109.9,69.1,89.3,17.8,4,73.4,8.6,True
10574,Simran Verma 10574,employee10574@examplecorp.com,6,Individual Contributor,Financial Analyst,Finance,Finance Team C - M3,10069,Pooja Reddy 10069,10001|10056|10057|10066|10069|10574,6,0,0,Hyderabad Office,10:00,18:30,Full-time,Active,2015-09-06,11.0,850000,70833,71.1,Meets Expectations,False,93.9,11.6,31.0,76.2,76.0,25.9,4,80.2,7.0,False
10575,Diya Verma 10575,employee10575@examplecorp.com,6,Individual Contributor,Financial Analyst,Finance,Finance Team A - M4,10071,Diya Reddy 10071,10001|10056|10057|10070|10071|10575,6,0,0,Mumbai Office,10:00,17:30,Full-time,Active,2024-09-05,2.0,530000,44167,82.0,Exceeds Expectations,False,93.5,8.2,56.2,83.3,69.9,40.4,3,70.6,7.0,False
10576,Maya Verma 10576,employee10576@examplecorp.com,6,Individual Contributor,Senior Financial Analyst,Finance,Finance Team B - M4,10072,Maya Reddy 10072,10001|10056|10057|10070|10072|10576,6,0,0,Hyderabad Office,10:00,19:00,Contract,Active,2019-08-20,7.0,740000,61667,76.9,Meets Expectations,False,94.4,10.0,56.6,77.3,73.3,7.6,3,83.5,7.0,False
10577,Aarav Kapoor 10577,employee10577@examplecorp.com,6,Individual Contributor,Senior Financial Analyst,Finance,Finance Team C - M4,10073,Aarav Iyer 10073,10001|10056|10057|10070|10073|10577,6,0,0,Chennai Office,08:30,19:00,Full-time,Active,2021-04-28,5.3,810000,67500,92.2,Outstanding,False,96.4,1.8,39.2,82.5,81.2,41.2,5,77.2,7.0,True
10578,Vivaan Kapoor 10578,employee10578@examplecorp.com,6,Individual Contributor,HR Specialist,Human Resources,Human Resources Team A - M1,10077,Rohan Iyer 10077,10001|10074|10075|10076|10077|10578,6,0,0,Chennai Office,09:30,19:00,Full-time,Active,2024-12-28,1.7,800000,66667,68.4,Developing,False,91.9,8.3,31.3,82.1,69.5,21.2,5,65.7,7.0,False
10579,Aditya Kapoor 10579,employee10579@examplecorp.com,6,Individual Contributor,HR Executive,Human Resources,Human Resources Team B - M1,10078,Rahul Iyer 10078,10001|10074|10075|10076|10078|10579,6,0,0,Pune Office,09:30,18:00,Full-time,Active,2021-11-16,4.8,740000,61667,79.6,Exceeds Expectations,False,94.6,7.2,4.4,69.7,79.4,50.7,6,78.6,7.2,False
10580,Arjun Kapoor 10580,employee10580@examplecorp.com,6,Individual Contributor,HR Specialist,Human Resources,Human Resources Team C - M1,10079,Karan Iyer 10079,10001|10074|10075|10076|10079|10580,6,0,0,Mumbai Office,09:30,18:00,Full-time,Active,2022-05-13,4.3,450000,37500,81.1,Exceeds Expectations,False,93.3,10.6,0.0,75.6,78.0,21.7,4,70.1,7.0,False
10581,Rohan Kapoor 10581,employee10581@examplecorp.com,6,Individual Contributor,HR Executive,Human Resources,Human Resources Team A - M2,10081,Ananya Iyer 10081,10001|10074|10075|10080|10081|10581,6,0,0,Delhi Office,09:00,18:30,Full-time,Active,2021-06-10,5.2,1200000,100000,91.2,Outstanding,False,94.7,5.2,43.2,73.0,84.5,18.2,6,75.3,7.0,True
10582,Rahul Kapoor 10582,employee10582@examplecorp.com,6,Individual Contributor,HR Specialist,Human Resources,Human Resources Team B - M2,10082,Isha Iyer 10082,10001|10074|10075|10080|10082|10582,6,0,0,Hyderabad Office,09:00,17:30,Contract,Active,2015-05-19,11.3,470000,39167,90.6,Outstanding,False,97.3,12.0,42.1,76.8,110.0,34.3,3,81.8,7.0,True
10583,Karan Kapoor 10583,employee10583@examplecorp.com,6,Individual Contributor,HR Executive,Human Resources,Human Resources Team C - M2,10083,Priya Iyer 10083,10001|10074|10075|10080|10083|10583,6,0,0,Bengaluru Office,09:00,17:30,Contract,Active,2015-10-04,10.9,530000,44167,72.2,Meets Expectations,False,94.5,12.2,57.3,80.2,65.6,27.7,4,73.7,7.0,False
10584,Vikram Kapoor 10584,employee10584@examplecorp.com,6,Individual Contributor,HR Specialist,Human Resources,Human Resources Team A - M3,10085,Sneha Iyer 10085,10001|10074|10075|10084|10085|10584,6,0,0,Bengaluru Office,08:30,18:00,Full-time,Active,2019-07-15,7.1,570000,47500,83.7,Exceeds Expectations,False,98.2,8.8,58.6,72.5,89.5,12.9,4,79.8,7.0,True
10585,Ananya Kapoor 10585,employee10585@examplecorp.com,6,Individual Contributor,HR Analyst,Human Resources,Human Resources Team B - M3,10086,Kavya Iyer 10086,10001|10074|10075|10084|10086|10585,6,0,0,Pune Office,09:30,18:00,Contract,Active,2025-04-03,1.4,1140000,95000,68.1,Developing,False,94.2,5.2,43.4,67.5,78.7,45.2,4,82.9,8.8,False
10586,Isha Kapoor 10586,employee10586@examplecorp.com,6,Individual Contributor,HR Specialist,Human Resources,Human Resources Team C - M3,10087,Meera Iyer 10087,10001|10074|10075|10084|10087|10586,6,0,0,Delhi Office,09:30,17:30,Contract,Active,2016-02-26,10.5,1080000,90000,80.6,Exceeds Expectations,False,93.3,12.0,21.9,62.0,81.5,31.4,4,83.1,12.6,True
10587,Priya Kapoor 10587,employee10587@examplecorp.com,6,Individual Contributor,HR Executive,Human Resources,Human Resources Team A - M4,10089,Riya Iyer 10089,10001|10074|10075|10088|10089|10587,6,0,0,Hyderabad Office,09:00,17:30,Full-time,Active,2016-11-10,9.8,930000,77500,70.3,Meets Expectations,False,93.1,11.7,26.0,70.6,77.5,29.6,3,66.9,7.0,False
10588,Neha Kapoor 10588,employee10588@examplecorp.com,6,Individual Contributor,HR Specialist,Human Resources,Human Resources Team B - M4,10090,Aditi Iyer 10090,10001|10074|10075|10088|10090|10588,6,0,0,Delhi Office,09:00,18:30,Contract,Active,2025-11-08,0.8,690000,57500,84.9,Exceeds Expectations,False,96.0,5.8,94.1,69.5,53.5,27.9,4,59.2,7.4,False
10589,Sneha Kapoor 10589,employee10589@examplecorp.com,6,Individual Contributor,HR Analyst,Human Resources,Human Resources Team C - M4,10091,Sana Iyer 10091,10001|10074|10075|10088|10091|10589,6,0,0,Mumbai Office,09:30,19:00,Full-time,Active,2017-12-08,8.7,1040000,86667,96.4,Outstanding,False,98.1,9.0,40.7,91.4,86.1,34.8,5,85.0,7.0,True
10590,Kavya Kapoor 10590,employee10590@examplecorp.com,6,Individual Contributor,Operations Executive,Operations,Operations Team A - M1,10095,Diya Iyer 10095,10001|10092|10093|10094|10095|10590,6,0,0,Pune Office,09:00,18:00,Full-time,Active,2017-09-02,9.0,1150000,95833,93.8,Outstanding,False,95.5,9.3,18.0,68.0,83.7,36.8,6,67.9,8.4,True
10591,Meera Kapoor 10591,employee10591@examplecorp.com,6,Individual Contributor,Operations Specialist,Operations,Operations Team B - M1,10096,Maya Iyer 10096,10001|10092|10093|10094|10096|10591,6,0,0,Chennai Office,09:30,17:30,Contract,Active,2024-10-04,1.9,760000,63333,70.2,Meets Expectations,False,94.4,12.7,63.6,69.2,86.1,34.3,4,67.0,7.6,False
10592,Nisha Kapoor 10592,employee10592@examplecorp.com,6,Individual Contributor,Operations Specialist,Operations,Operations Team C - M1,10097,Aarav Nair 10097,10001|10092|10093|10094|10097|10592,6,0,0,Delhi Office,09:30,19:00,Full-time,Active,2023-09-05,3.0,670000,55833,87.5,Exceeds Expectations,False,93.8,7.6,0.0,79.9,70.1,27.8,3,86.8,7.0,False
10593,Riya Kapoor 10593,employee10593@examplecorp.com,6,Individual Contributor,Operations Analyst,Operations,Operations Team A - M2,10099,Aditya Nair 10099,10001|10092|10093|10098|10099|10593,6,0,0,Hyderabad Office,10:00,17:30,Full-time,Active,2024-12-01,1.7,1120000,93333,52.1,Needs Improvement,True,92.2,11.4,65.3,70.4,71.5,37.7,5,76.8,12.2,False
10594,Aditi Kapoor 10594,employee10594@examplecorp.com,6,Individual Contributor,Operations Executive,Operations,Operations Team B - M2,10100,Arjun Nair 10100,10001|10092|10093|10098|10100|10594,6,0,0,Chennai Office,09:00,19:00,Full-time,Active,2021-03-01,5.5,480000,40000,61.7,Developing,False,89.0,4.6,66.4,76.4,62.2,20.3,4,66.0,8.3,False
10595,Sana Kapoor 10595,employee10595@examplecorp.com,6,Individual Contributor,Operations Analyst,Operations,Operations Team C - M2,10101,Rohan Nair 10101,10001|10092|10093|10098|10101|10595,6,0,0,Pune Office,10:00,17:30,Full-time,Active,2015-12-25,10.7,1180000,98333,76.8,Meets Expectations,False,94.4,8.8,47.7,65.9,74.7,4.0,5,77.1,9.9,False
10596,Tanya Kapoor 10596,employee10596@examplecorp.com,6,Individual Contributor,Operations Executive,Operations,Operations Team A - M3,10103,Karan Nair 10103,10001|10092|10093|10102|10103|10596,6,0,0,Mumbai Office,08:30,18:30,Full-time,Active,2022-12-29,3.7,890000,74167,83.3,Exceeds Expectations,False,95.2,4.5,43.8,69.3,85.6,33.1,5,79.7,7.5,True
10597,Pooja Kapoor 10597,employee10597@examplecorp.com,6,Individual Contributor,Operations Executive,Operations,Operations Team B - M3,10104,Vikram Nair 10104,10001|10092|10093|10102|10104|10597,6,0,0,Hyderabad Office,09:30,17:30,Full-time,Active,2023-03-04,3.5,960000,80000,84.4,Exceeds Expectations,False,92.2,9.2,59.9,74.7,74.6,22.2,4,75.9,7.0,False
10598,Simran Kapoor 10598,employee10598@examplecorp.com,6,Individual Contributor,Operations Specialist,Operations,Operations Team C - M3,10105,Ananya Nair 10105,10001|10092|10093|10102|10105|10598,6,0,0,Pune Office,09:00,18:00,Full-time,Active,2025-01-12,1.6,940000,78333,88.3,Exceeds Expectations,False,95.9,9.8,75.8,75.3,99.3,41.7,5,68.6,7.0,False
10599,Diya Kapoor 10599,employee10599@examplecorp.com,6,Individual Contributor,Operations Executive,Operations,Operations Team A - M4,10107,Priya Nair 10107,10001|10092|10093|10106|10107|10599,6,0,0,Mumbai Office,10:00,18:30,Full-time,Active,2021-04-24,5.4,1110000,92500,87.2,Exceeds Expectations,False,95.2,8.8,15.5,84.2,95.2,23.4,5,83.5,7.0,True
10600,Maya Kapoor 10600,employee10600@examplecorp.com,6,Individual Contributor,Operations Specialist,Operations,Operations Team B - M4,10108,Neha Nair 10108,10001|10092|10093|10106|10108|10600,6,0,0,Chennai Office,10:00,18:00,Full-time,Active,2015-12-31,10.7,510000,42500,78.3,Meets Expectations,False,95.1,12.5,0.8,69.5,74.5,46.1,6,65.7,7.4,False
10601,Aarav Singh 10601,employee10601@examplecorp.com,6,Individual Contributor,Operations Analyst,Operations,Operations Team C - M4,10109,Sneha Nair 10109,10001|10092|10093|10106|10109|10601,6,0,0,Chennai Office,09:30,18:00,Full-time,Active,2020-03-19,6.5,1150000,95833,89.7,Outstanding,False,97.0,10.2,86.0,75.1,93.8,21.5,4,70.5,7.0,True
10602,Vivaan Singh 10602,employee10602@examplecorp.com,6,Individual Contributor,Product Manager,Product,Product Team A - M1,10113,Riya Nair 10113,10001|10110|10111|10112|10113|10602,6,0,0,Delhi Office,10:00,18:00,Contract,Active,2023-09-05,3.0,740000,61667,87.3,Exceeds Expectations,False,93.8,7.0,45.3,76.5,92.9,41.7,3,87.1,7.0,True
10603,Aditya Singh 10603,employee10603@examplecorp.com,6,Individual Contributor,Product Manager,Product,Product Team B - M1,10114,Aditi Nair 10114,10001|10110|10111|10112|10114|10603,6,0,0,Delhi Office,09:00,19:00,Full-time,Active,2015-12-18,10.7,700000,58333,80.4,Exceeds Expectations,False,93.7,8.7,0.0,72.5,74.4,36.4,4,82.1,7.0,False
10604,Arjun Singh 10604,employee10604@examplecorp.com,6,Individual Contributor,Product Analyst,Product,Product Team C - M1,10115,Sana Nair 10115,10001|10110|10111|10112|10115|10604,6,0,0,Pune Office,09:30,18:30,Full-time,Active,2022-05-19,4.3,460000,38333,71.9,Meets Expectations,False,95.4,5.8,50.6,63.8,76.6,20.7,4,71.2,11.3,False
10605,Rohan Singh 10605,employee10605@examplecorp.com,6,Individual Contributor,Product Manager,Product,Product Team A - M2,10117,Pooja Nair 10117,10001|10110|10111|10116|10117|10605,6,0,0,Pune Office,10:00,18:30,Full-time,Active,2017-06-06,9.2,530000,44167,87.9,Exceeds Expectations,False,94.2,4.8,15.1,61.4,81.6,19.6,4,86.1,13.0,True
10606,Rahul Singh 10606,employee10606@examplecorp.com,6,Individual Contributor,Product Manager,Product,Product Team B - M2,10118,Simran Nair 10118,10001|10110|10111|10116|10118|10606,6,0,0,Mumbai Office,09:00,18:00,Full-time,Active,2017-02-16,9.5,1000000,83333,64.0,Developing,False,93.2,9.2,55.8,69.2,71.3,42.0,4,76.2,8.0,False
10607,Karan Singh 10607,employee10607@examplecorp.com,6,Individual Contributor,Product Analyst,Product,Product Team C - M2,10119,Diya Nair 10119,10001|10110|10111|10116|10119|10607,6,0,0,Hyderabad Office,09:00,18:30,Contract,Active,2019-02-04,7.6,670000,55833,90.8,Outstanding,False,93.4,8.3,75.5,80.8,90.2,36.9,4,85.7,7.0,True
10608,Vikram Singh 10608,employee10608@examplecorp.com,6,Individual Contributor,Product Specialist,Product,Product Team A - M3,10121,Aarav Mehta 10121,10001|10110|10111|10120|10121|10608,6,0,0,Hyderabad Office,08:30,19:00,Contract,Active,2019-07-13,7.1,450000,37500,83.4,Exceeds Expectations,False,94.7,6.5,58.7,68.0,84.5,23.6,5,70.9,8.4,True
10609,Ananya Singh 10609,employee10609@examplecorp.com,6,Individual Contributor,Product Specialist,Product,Product Team B - M3,10122,Vivaan Mehta 10122,10001|10110|10111|10120|10122|10609,6,0,0,Pune Office,08:30,18:30,Full-time,Active,2022-03-17,4.5,1180000,98333,75.7,Meets Expectations,False,94.4,0.2,17.3,59.8,94.7,26.1,2,78.4,14.1,False
10610,Isha Singh 10610,employee10610@examplecorp.com,6,Individual Contributor,Product Specialist,Product,Product Team C - M3,10123,Aditya Mehta 10123,10001|10110|10111|10120|10123|10610,6,0,0,Hyderabad Office,09:00,18:30,Full-time,Active,2025-10-15,0.9,540000,45000,65.4,Developing,False,93.2,4.4,16.8,76.7,76.9,35.3,5,63.2,7.0,False
10611,Priya Singh 10611,employee10611@examplecorp.com,6,Individual Contributor,Product Analyst,Product,Product Team A - M4,10125,Rohan Mehta 10125,10001|10110|10111|10124|10125|10611,6,0,0,Chennai Office,08:30,18:30,Contract,Active,2017-04-15,9.4,750000,62500,87.7,Exceeds Expectations,False,93.3,4.4,101.8,61.8,81.9,42.5,4,71.2,12.9,True
10612,Neha Singh 10612,employee10612@examplecorp.com,6,Individual Contributor,Product Manager,Product,Product Team B - M4,10126,Rahul Mehta 10126,10001|10110|10111|10124|10126|10612,6,0,0,Chennai Office,09:00,18:30,Full-time,Active,2024-05-23,2.3,1020000,85000,87.2,Exceeds Expectations,False,96.9,6.2,57.3,68.8,79.1,38.7,2,90.5,7.8,False
10613,Sneha Singh 10613,employee10613@examplecorp.com,6,Individual Contributor,Product Manager,Product,Product Team C - M4,10127,Karan Mehta 10127,10001|10110|10111|10124|10127|10613,6,0,0,Chennai Office,09:00,18:30,Full-time,Active,2020-10-18,5.9,1010000,84167,81.5,Exceeds Expectations,False,96.9,3.1,53.4,74.3,87.9,19.5,5,84.5,7.0,True
10614,Kavya Singh 10614,employee10614@examplecorp.com,6,Individual Contributor,Systems Administrator,IT,IT Team A - M1,10131,Priya Mehta 10131,10001|10128|10129|10130|10131|10614,6,0,0,Hyderabad Office,09:00,18:30,Contract,Active,2017-10-11,8.9,1200000,100000,84.5,Exceeds Expectations,False,94.3,7.0,31.5,69.9,98.2,21.1,5,70.4,7.1,True
10615,Meera Singh 10615,employee10615@examplecorp.com,6,Individual Contributor,Systems Administrator,IT,IT Team B - M1,10132,Neha Mehta 10132,10001|10128|10129|10130|10132|10615,6,0,0,Mumbai Office,08:30,18:00,Full-time,Active,2026-03-22,0.4,800000,66667,84.2,Exceeds Expectations,False,94.3,7.4,52.3,68.8,81.3,37.6,4,68.0,7.8,False
10616,Nisha Singh 10616,employee10616@examplecorp.com,6,Individual Contributor,Systems Administrator,IT,IT Team C - M1,10133,Sneha Mehta 10133,10001|10128|10129|10130|10133|10616,6,0,0,Pune Office,09:00,19:00,Full-time,Active,2017-04-13,9.4,670000,55833,89.3,Outstanding,False,93.4,4.6,41.5,85.0,92.2,36.4,3,74.1,7.0,True
10617,Riya Singh 10617,employee10617@examplecorp.com,6,Individual Contributor,IT Specialist,IT,IT Team A - M2,10135,Meera Mehta 10135,10001|10128|10129|10134|10135|10617,6,0,0,Pune Office,09:30,19:00,Contract,Active,2018-11-17,7.8,1120000,93333,79.6,Exceeds Expectations,False,94.7,6.0,58.0,83.5,66.3,18.0,3,72.6,7.0,False
10618,Aditi Singh 10618,employee10618@examplecorp.com,6,Individual Contributor,IT Support Engineer,IT,IT Team B - M2,10136,Nisha Mehta 10136,10001|10128|10129|10134|10136|10618,6,0,0,Chennai Office,09:30,18:30,Full-time,Active,2023-04-18,3.4,540000,45000,90.2,Outstanding,False,95.8,10.5,14.2,78.7,83.5,31.7,5,63.5,7.0,True
10619,Sana Singh 10619,employee10619@examplecorp.com,6,Individual Contributor,Systems Administrator,IT,IT Team C - M2,10137,Riya Mehta 10137,10001|10128|10129|10134|10137|10619,6,0,0,Chennai Office,09:30,17:30,Full-time,Active,2021-03-23,5.4,450000,37500,90.3,Outstanding,False,96.8,9.4,48.5,73.4,79.1,30.2,3,72.4,7.0,False
10620,Tanya Singh 10620,employee10620@examplecorp.com,6,Individual Contributor,IT Specialist,IT,IT Team A - M3,10139,Sana Mehta 10139,10001|10128|10129|10138|10139|10620,6,0,0,Delhi Office,09:30,18:30,Contract,Active,2021-05-22,5.3,850000,70833,94.3,Outstanding,False,94.5,6.4,41.1,89.8,91.9,44.5,6,88.0,7.0,True
10621,Pooja Singh 10621,employee10621@examplecorp.com,6,Individual Contributor,IT Specialist,IT,IT Team B - M3,10140,Tanya Mehta 10140,10001|10128|10129|10138|10140|10621,6,0,0,Bengaluru Office,08:30,18:30,Full-time,Active,2022-04-23,4.4,810000,67500,69.6,Meets Expectations,False,94.1,9.6,24.9,69.0,78.6,23.7,5,81.6,7.7,False
10622,Simran Singh 10622,employee10622@examplecorp.com,6,Individual Contributor,Systems Administrator,IT,IT Team C - M3,10141,Pooja Mehta 10141,10001|10128|10129|10138|10141|10622,6,0,0,Hyderabad Office,08:30,17:30,Contract,Active,2016-10-04,9.9,750000,62500,81.7,Exceeds Expectations,False,95.9,15.9,52.7,79.8,90.5,11.7,5,58.2,7.0,True
10623,Diya Singh 10623,employee10623@examplecorp.com,6,Individual Contributor,Systems Administrator,IT,IT Team A - M4,10143,Diya Mehta 10143,10001|10128|10129|10142|10143|10623,6,0,0,Chennai Office,10:00,18:00,Contract,Active,2023-04-12,3.4,520000,43333,74.1,Meets Expectations,False,95.0,12.2,73.8,80.5,85.1,23.5,5,69.0,7.0,False
10624,Maya Singh 10624,employee10624@examplecorp.com,6,Individual Contributor,IT Specialist,IT,IT Team B - M4,10144,Maya Mehta 10144,10001|10128|10129|10142|10144|10624,6,0,0,Bengaluru Office,08:30,17:30,Full-time,Active,2020-09-28,5.9,520000,43333,85.4,Exceeds Expectations,False,94.4,4.6,45.7,73.6,74.7,40.8,7,68.9,7.0,False
10625,Aarav Das 10625,employee10625@examplecorp.com,6,Individual Contributor,IT Support Engineer,IT,IT Team C - M4,10145,Aarav Gupta 10145,10001|10128|10129|10142|10145|10625,6,0,0,Delhi Office,09:30,18:30,Full-time,Active,2025-11-22,0.8,560000,46667,83.5,Exceeds Expectations,False,92.0,10.8,55.0,66.3,92.6,42.6,3,71.3,9.6,False
10626,Vivaan Das 10626,employee10626@examplecorp.com,6,Individual Contributor,Tech Lead,Engineering,Engineering Team A - M1,10005,Rohan Sharma 10005,10001|10002|10003|10004|10005|10626,6,0,0,Pune Office,09:30,17:30,Contract,Active,2015-03-15,11.5,1190000,99167,74.1,Meets Expectations,False,94.7,2.2,13.7,69.7,88.1,35.4,3,65.1,7.2,False
10627,Aditya Das 10627,employee10627@examplecorp.com,6,Individual Contributor,Software Engineer,Engineering,Engineering Team B - M1,10006,Rahul Sharma 10006,10001|10002|10003|10004|10006|10627,6,0,0,Bengaluru Office,08:30,19:00,Full-time,Active,2017-02-27,9.5,730000,60833,81.5,Exceeds Expectations,False,95.7,10.5,74.9,76.3,82.0,4.0,4,73.8,7.0,True
10628,Arjun Das 10628,employee10628@examplecorp.com,6,Individual Contributor,Tech Lead,Engineering,Engineering Team C - M1,10007,Karan Sharma 10007,10001|10002|10003|10004|10007|10628,6,0,0,Bengaluru Office,10:00,19:00,Full-time,Active,2026-03-19,0.5,640000,53333,70.9,Meets Expectations,False,92.6,3.0,91.5,80.1,92.1,17.5,6,79.7,7.0,False
10629,Rohan Das 10629,employee10629@examplecorp.com,6,Individual Contributor,Tech Lead,Engineering,Engineering Team A - M2,10009,Ananya Sharma 10009,10001|10002|10003|10008|10009|10629,6,0,0,Bengaluru Office,09:30,19:00,Full-time,Active,2019-02-08,7.6,1100000,91667,78.5,Meets Expectations,False,93.2,7.7,31.1,63.3,69.8,31.2,5,75.0,11.7,False
10630,Rahul Das 10630,employee10630@examplecorp.com,6,Individual Contributor,Senior Software Engineer,Engineering,Engineering Team B - M2,10010,Isha Sharma 10010,10001|10002|10003|10008|10010|10630,6,0,0,Bengaluru Office,09:30,19:00,Full-time,Active,2023-01-20,3.6,960000,80000,89.7,Outstanding,False,96.4,4.8,18.3,74.2,90.9,31.3,4,80.3,7.0,True
10631,Karan Das 10631,employee10631@examplecorp.com,6,Individual Contributor,Tech Lead,Engineering,Engineering Team C - M2,10011,Priya Sharma 10011,10001|10002|10003|10008|10011|10631,6,0,0,Delhi Office,08:30,19:00,Full-time,Active,2018-11-27,7.8,1100000,91667,69.5,Meets Expectations,False,92.4,5.2,43.2,81.8,81.5,19.7,5,71.2,7.0,False
10632,Vikram Das 10632,employee10632@examplecorp.com,6,Individual Contributor,Tech Lead,Engineering,Engineering Team A - M3,10013,Sneha Sharma 10013,10001|10002|10003|10012|10013|10632,6,0,0,Bengaluru Office,09:30,19:00,Full-time,Active,2015-03-11,11.5,510000,42500,71.0,Meets Expectations,False,94.4,7.5,19.2,72.9,79.2,18.5,4,76.5,7.0,False
10633,Ananya Das 10633,employee10633@examplecorp.com,6,Individual Contributor,Senior Software Engineer,Engineering,Engineering Team B - M3,10014,Kavya Sharma 10014,10001|10002|10003|10012|10014|10633,6,0,0,Bengaluru Office,10:00,18:30,Full-time,Active,2018-01-27,8.6,890000,74167,71.8,Meets Expectations,False,93.6,11.8,67.7,62.2,65.2,34.2,4,65.5,12.5,False
10634,Isha Das 10634,employee10634@examplecorp.com,6,Individual Contributor,Tech Lead,Engineering,Engineering Team C - M3,10015,Meera Sharma 10015,10001|10002|10003|10012|10015|10634,6,0,0,Mumbai Office,09:00,18:00,Full-time,Active,2025-07-11,1.1,1170000,97500,86.0,Exceeds Expectations,False,92.6,1.8,31.3,82.1,87.9,25.1,6,80.7,7.0,False
10635,Priya Das 10635,employee10635@examplecorp.com,6,Individual Contributor,Tech Lead,Engineering,Engineering Team A - M4,10017,Riya Sharma 10017,10001|10002|10003|10016|10017|10635,6,0,0,Hyderabad Office,08:30,19:00,Full-time,Active,2017-06-16,9.2,1000000,83333,99.0,Outstanding,False,93.7,10.2,40.7,88.9,87.1,17.0,6,71.9,7.0,True
10636,Neha Das 10636,employee10636@examplecorp.com,6,Individual Contributor,Tech Lead,Engineering,Engineering Team B - M4,10018,Aditi Sharma 10018,10001|10002|10003|10016|10018|10636,6,0,0,Hyderabad Office,10:00,18:00,Contract,Active,2025-09-23,0.9,650000,54167,75.4,Meets Expectations,False,94.5,9.5,42.0,74.8,83.8,24.5,5,74.5,7.0,False
10637,Sneha Das 10637,employee10637@examplecorp.com,6,Individual Contributor,Tech Lead,Engineering,Engineering Team C - M4,10019,Sana Sharma 10019,10001|10002|10003|10016|10019|10637,6,0,0,Chennai Office,10:00,18:00,Full-time,Active,2016-02-20,10.5,750000,62500,81.0,Exceeds Expectations,False,94.9,5.6,39.3,69.5,69.0,32.1,4,62.6,7.4,False
10638,Kavya Das 10638,employee10638@examplecorp.com,6,Individual Contributor,Senior Sales Executive,Sales,Sales Team A - M1,10023,Diya Sharma 10023,10001|10020|10021|10022|10023|10638,6,0,0,Hyderabad Office,09:30,18:00,Full-time,Active,2017-03-18,9.5,1030000,85833,65.3,Developing,False,95.2,10.6,20.4,70.3,90.9,34.9,5,62.6,7.0,False
10639,Meera Das 10639,employee10639@examplecorp.com,6,Individual Contributor,Senior Sales Executive,Sales,Sales Team B - M1,10024,Maya Sharma 10024,10001|10020|10021|10022|10024|10639,6,0,0,Pune Office,09:30,17:30,Full-time,Active,2019-04-15,7.4,520000,43333,76.1,Meets Expectations,False,92.4,10.8,50.8,67.3,101.8,52.3,5,81.1,8.9,False
10640,Nisha Das 10640,employee10640@examplecorp.com,6,Individual Contributor,Sales Executive,Sales,Sales Team C - M1,10025,Aarav Patel 10025,10001|10020|10021|10022|10025|10640,6,0,0,Hyderabad Office,09:00,18:00,Full-time,Active,2020-12-03,5.7,770000,64167,81.1,Exceeds Expectations,False,95.0,11.4,62.3,81.1,78.9,33.3,6,80.1,7.0,False
10641,Riya Das 10641,employee10641@examplecorp.com,6,Individual Contributor,Senior Sales Executive,Sales,Sales Team A - M2,10027,Aditya Patel 10027,10001|10020|10021|10026|10027|10641,6,0,0,Chennai Office,10:00,18:30,Full-time,On Leave,2018-09-01,8.0,1170000,97500,77.1,Meets Expectations,False,95.7,13.1,75.1,72.2,77.8,23.4,4,77.1,7.0,False
10642,Aditi Das 10642,employee10642@examplecorp.com,6,Individual Contributor,Senior Sales Executive,Sales,Sales Team B - M2,10028,Arjun Patel 10028,10001|10020|10021|10026|10028|10642,6,0,0,Hyderabad Office,09:30,18:00,Contract,Active,2025-09-23,0.9,860000,71667,83.4,Exceeds Expectations,False,94.4,10.0,65.0,62.9,80.1,24.7,5,80.9,12.0,False
10643,Sana Das 10643,employee10643@examplecorp.com,6,Individual Contributor,Account Executive,Sales,Sales Team C - M2,10029,Rohan Patel 10029,10001|10020|10021|10026|10029|10643,6,0,0,Pune Office,08:30,19:00,Full-time,Active,2025-01-26,1.6,980000,81667,58.9,Needs Improvement,True,93.6,6.9,34.5,54.2,82.0,17.3,5,62.3,20.5,False
10644,Tanya Das 10644,employee10644@examplecorp.com,6,Individual Contributor,Sales Executive,Sales,Sales Team A - M3,10031,Karan Patel 10031,10001|10020|10021|10030|10031|10644,6,0,0,Hyderabad Office,09:30,19:00,Full-time,Active,2026-02-28,0.5,1140000,95000,82.5,Exceeds Expectations,False,93.7,9.5,76.3,67.7,60.5,9.4,4,76.4,8.6,False
10645,Pooja Das 10645,employee10645@examplecorp.com,6,Individual Contributor,Account Executive,Sales,Sales Team B - M3,10032,Vikram Patel 10032,10001|10020|10021|10030|10032|10645,6,0,0,Pune Office,09:30,18:00,Full-time,Active,2021-09-01,5.0,780000,65000,79.3,Exceeds Expectations,False,93.7,7.0,86.0,77.4,88.2,54.5,5,69.1,7.0,False
10646,Simran Das 10646,employee10646@examplecorp.com,6,Individual Contributor,Sales Executive,Sales,Sales Team C - M3,10033,Ananya Patel 10033,10001|10020|10021|10030|10033|10646,6,0,0,Bengaluru Office,09:00,19:00,Full-time,Active,2022-11-04,3.8,950000,79167,58.3,Needs Improvement,True,94.0,11.9,89.2,67.1,82.1,18.7,4,67.8,11.7,False
10647,Diya Das 10647,employee10647@examplecorp.com,6,Individual Contributor,Account Executive,Sales,Sales Team A - M4,10035,Priya Patel 10035,10001|10020|10021|10034|10035|10647,6,0,0,Chennai Office,09:00,18:00,Full-time,Active,2023-05-31,3.3,640000,53333,87.9,Exceeds Expectations,False,92.9,9.3,41.5,79.3,86.1,19.2,5,78.2,7.0,True
10648,Maya Das 10648,employee10648@examplecorp.com,6,Individual Contributor,Account Executive,Sales,Sales Team B - M4,10036,Neha Patel 10036,10001|10020|10021|10034|10036|10648,6,0,0,Mumbai Office,09:30,18:00,Full-time,Active,2019-07-29,7.1,550000,45833,92.5,Outstanding,False,96.5,10.4,48.5,82.7,77.9,25.1,4,76.8,7.0,False
10649,Aarav Rao 10649,employee10649@examplecorp.com,6,Individual Contributor,Account Executive,Sales,Sales Team C - M4,10037,Sneha Patel 10037,10001|10020|10021|10034|10037|10649,6,0,0,Chennai Office,08:30,17:30,Full-time,On Leave,2023-11-07,2.8,700000,58333,71.2,Meets Expectations,False,92.3,4.6,71.1,75.3,77.4,41.5,4,69.1,7.0,False
10650,Vivaan Rao 10650,employee10650@examplecorp.com,6,Individual Contributor,Marketing Analyst,Marketing,Marketing Team A - M1,10041,Riya Patel 10041,10001|10038|10039|10040|10041|10650,6,0,0,Chennai Office,09:00,18:00,Full-time,Active,2021-08-20,5.0,500000,41667,79.7,Exceeds Expectations,False,93.3,7.8,73.8,73.2,83.9,15.7,5,76.9,7.0,False
10651,Aditya Rao 10651,employee10651@examplecorp.com,6,Individual Contributor,Marketing Executive,Marketing,Marketing Team B - M1,10042,Aditi Patel 10042,10001|10038|10039|10040|10042|10651,6,0,0,Chennai Office,10:00,18:00,Full-time,Active,2019-12-25,6.7,730000,60833,66.0,Developing,False,92.3,10.1,36.5,66.4,67.0,50.1,4,62.2,9.5,False
10652,Arjun Rao 10652,employee10652@examplecorp.com,6,Individual Contributor,Marketing Executive,Marketing,Marketing Team C - M1,10043,Sana Patel 10043,10001|10038|10039|10040|10043|10652,6,0,0,Pune Office,09:00,19:00,Full-time,Active,2018-02-14,8.5,960000,80000,91.5,Outstanding,False,98.5,11.8,34.0,81.7,82.5,33.9,4,77.4,7.0,True
10653,Rohan Rao 10653,employee10653@examplecorp.com,6,Individual Contributor,Marketing Specialist,Marketing,Marketing Team A - M2,10045,Pooja Patel 10045,10001|10038|10039|10044|10045|10653,6,0,0,Chennai Office,09:30,18:00,Full-time,Active,2015-03-29,11.4,890000,74167,77.4,Meets Expectations,False,94.0,1.1,21.1,65.4,79.7,37.3,5,65.1,10.2,False
10654,Rahul Rao 10654,employee10654@examplecorp.com,6,Individual Contributor,Marketing Executive,Marketing,Marketing Team B - M2,10046,Simran Patel 10046,10001|10038|10039|10044|10046|10654,6,0,0,Bengaluru Office,09:00,17:30,Full-time,Active,2017-12-15,8.7,1010000,84167,77.5,Meets Expectations,False,92.6,11.5,57.5,74.8,78.8,24.3,4,78.2,7.0,False
10655,Karan Rao 10655,employee10655@examplecorp.com,6,Individual Contributor,Marketing Analyst,Marketing,Marketing Team C - M2,10047,Diya Patel 10047,10001|10038|10039|10044|10047|10655,6,0,0,Bengaluru Office,09:00,19:00,Contract,Active,2019-04-25,7.4,1090000,90833,94.1,Outstanding,False,95.2,11.5,0.8,74.1,79.7,34.5,5,86.3,7.0,False
10656,Vikram Rao 10656,employee10656@examplecorp.com,6,Individual Contributor,Marketing Specialist,Marketing,Marketing Team A - M3,10049,Aarav Reddy 10049,10001|10038|10039|10048|10049|10656,6,0,0,Mumbai Office,09:00,19:00,Full-time,Active,2017-06-08,9.2,1010000,84167,68.4,Developing,False,95.1,6.3,39.4,68.2,65.2,45.5,4,76.5,8.3,False
10657,Ananya Rao 10657,employee10657@examplecorp.com,6,Individual Contributor,Marketing Specialist,Marketing,Marketing Team B - M3,10050,Vivaan Reddy 10050,10001|10038|10039|10048|10050|10657,6,0,0,Bengaluru Office,08:30,18:30,Full-time,Active,2025-06-28,1.2,1010000,84167,99.0,Outstanding,False,96.0,9.4,56.4,90.0,89.0,22.8,4,80.0,7.0,False
10658,Isha Rao 10658,employee10658@examplecorp.com,6,Individual Contributor,Marketing Analyst,Marketing,Marketing Team C - M3,10051,Aditya Reddy 10051,10001|10038|10039|10048|10051|10658,6,0,0,Delhi Office,09:30,19:00,Contract,Active,2015-09-05,11.0,540000,45000,88.0,Exceeds Expectations,False,94.9,4.4,35.2,80.7,70.2,33.5,4,64.6,7.0,False
10659,Priya Rao 10659,employee10659@examplecorp.com,6,Individual Contributor,Marketing Executive,Marketing,Marketing Team A - M4,10053,Rohan Reddy 10053,10001|10038|10039|10052|10053|10659,6,0,0,Chennai Office,10:00,18:00,Full-time,Active,2018-01-10,8.6,940000,78333,72.4,Meets Expectations,False,94.9,0.3,34.4,61.6,74.1,19.4,5,60.7,12.9,False
10660,Neha Rao 10660,employee10660@examplecorp.com,6,Individual Contributor,Marketing Executive,Marketing,Marketing Team B - M4,10054,Rahul Reddy 10054,10001|10038|10039|10052|10054|10660,6,0,0,Hyderabad Office,09:00,19:00,Full-time,Active,2019-10-25,6.9,680000,56667,84.9,Exceeds Expectations,False,93.1,10.6,93.3,78.9,92.4,21.5,3,66.5,7.0,True
10661,Sneha Rao 10661,employee10661@examplecorp.com,6,Individual Contributor,Marketing Analyst,Marketing,Marketing Team C - M4,10055,Karan Reddy 10055,10001|10038|10039|10052|10055|10661,6,0,0,Bengaluru Office,10:00,18:00,Full-time,Active,2020-01-27,6.6,700000,58333,66.7,Developing,False,92.5,8.6,55.8,69.8,79.9,18.6,4,65.4,7.1,False
10662,Kavya Rao 10662,employee10662@examplecorp.com,6,Individual Contributor,Senior Financial Analyst,Finance,Finance Team A - M1,10059,Priya Reddy 10059,10001|10056|10057|10058|10059|10662,6,0,0,Delhi Office,09:00,17:30,Full-time,Active,2020-09-06,6.0,720000,60000,80.4,Exceeds Expectations,False,94.1,4.7,17.4,73.4,70.7,44.7,4,61.4,7.0,False
10663,Meera Rao 10663,employee10663@examplecorp.com,6,Individual Contributor,Financial Analyst,Finance,Finance Team B - M1,10060,Neha Reddy 10060,10001|10056|10057|10058|10060|10663,6,0,0,Delhi Office,09:00,17:30,Full-time,Active,2021-07-30,5.1,580000,48333,77.9,Meets Expectations,False,92.5,11.4,13.5,67.0,76.0,4.0,6,70.1,9.1,False
10664,Nisha Rao 10664,employee10664@examplecorp.com,6,Individual Contributor,Finance Analyst,Finance,Finance Team C - M1,10061,Sneha Reddy 10061,10001|10056|10057|10058|10061|10664,6,0,0,Mumbai Office,09:00,19:00,Full-time,Active,2024-06-23,2.2,790000,65833,99.0,Outstanding,False,91.2,4.8,75.5,79.0,101.8,22.5,4,78.9,7.0,True
10665,Riya Rao 10665,employee10665@examplecorp.com,6,Individual Contributor,Finance Analyst,Finance,Finance Team A - M2,10063,Meera Reddy 10063,10001|10056|10057|10062|10063|10665,6,0,0,Mumbai Office,09:00,19:00,Full-time,Active,2017-11-04,8.8,920000,76667,82.9,Exceeds Expectations,False,94.4,5.0,76.7,88.1,91.2,36.2,5,73.9,7.0,True
10666,Aditi Rao 10666,employee10666@examplecorp.com,6,Individual Contributor,Senior Financial Analyst,Finance,Finance Team B - M2,10064,Nisha Reddy 10064,10001|10056|10057|10062|10064|10666,6,0,0,Pune Office,10:00,18:30,Full-time,Active,2022-12-11,3.7,690000,57500,84.8,Exceeds Expectations,False,94.0,8.4,26.5,68.2,81.0,47.6,2,66.2,8.3,True
10667,Sana Rao 10667,employee10667@examplecorp.com,6,Individual Contributor,Finance Analyst,Finance,Finance Team C - M2,10065,Riya Reddy 10065,10001|10056|10057|10062|10065|10667,6,0,0,Delhi Office,09:30,17:30,Full-time,Active,2019-02-15,7.5,780000,65000,68.4,Developing,False,93.0,7.8,79.8,68.2,78.1,15.4,3,68.5,8.3,False
10668,Tanya Rao 10668,employee10668@examplecorp.com,6,Individual Contributor,Finance Analyst,Finance,Finance Team A - M3,10067,Sana Reddy 10067,10001|10056|10057|10066|10067|10668,6,0,0,Bengaluru Office,10:00,19:00,Contract,Active,2020-05-23,6.3,880000,73333,82.5,Exceeds Expectations,False,94.4,6.4,68.7,78.7,86.1,31.2,5,79.5,7.0,True
10669,Pooja Rao 10669,employee10669@examplecorp.com,6,Individual Contributor,Financial Analyst,Finance,Finance Team B - M3,10068,Tanya Reddy 10068,10001|10056|10057|10066|10068|10669,6,0,0,Bengaluru Office,09:00,19:00,Full-time,Active,2021-02-25,5.5,1140000,95000,71.8,Meets Expectations,False,94.7,8.4,6.4,70.2,75.7,46.4,4,70.1,7.0,False
10670,Simran Rao 10670,employee10670@examplecorp.com,6,Individual Contributor,Senior Financial Analyst,Finance,Finance Team C - M3,10069,Pooja Reddy 10069,10001|10056|10057|10066|10069|10670,6,0,0,Pune Office,09:30,18:30,Full-time,On Leave,2022-09-21,3.9,1050000,87500,76.9,Meets Expectations,False,93.2,5.2,53.1,73.4,87.0,25.3,4,75.8,7.0,False
10671,Diya Rao 10671,employee10671@examplecorp.com,6,Individual Contributor,Finance Analyst,Finance,Finance Team A - M4,10071,Diya Reddy 10071,10001|10056|10057|10070|10071|10671,6,0,0,Bengaluru Office,09:00,19:00,Full-time,On Leave,2016-11-06,9.8,650000,54167,75.2,Meets Expectations,False,93.7,0.5,13.1,74.6,90.1,23.9,6,72.6,7.0,False
10672,Maya Rao 10672,employee10672@examplecorp.com,6,Individual Contributor,Senior Financial Analyst,Finance,Finance Team B - M4,10072,Maya Reddy 10072,10001|10056|10057|10070|10072|10672,6,0,0,Delhi Office,09:00,19:00,Full-time,Active,2016-06-04,10.2,890000,74167,70.9,Meets Expectations,False,92.6,3.8,78.9,62.4,64.1,25.4,4,69.3,12.3,False
10673,Aarav Joshi 10673,employee10673@examplecorp.com,6,Individual Contributor,Financial Analyst,Finance,Finance Team C - M4,10073,Aarav Iyer 10073,10001|10056|10057|10070|10073|10673,6,0,0,Chennai Office,09:30,19:00,Full-time,Active,2016-12-24,9.7,920000,76667,73.4,Meets Expectations,False,93.7,7.0,34.4,59.2,100.3,39.8,3,70.2,14.6,False
10674,Vivaan Joshi 10674,employee10674@examplecorp.com,6,Individual Contributor,HR Specialist,Human Resources,Human Resources Team A - M1,10077,Rohan Iyer 10077,10001|10074|10075|10076|10077|10674,6,0,0,Pune Office,10:00,19:00,Full-time,Active,2025-11-18,0.8,770000,64167,84.0,Exceeds Expectations,False,93.6,6.3,53.1,70.0,88.4,27.2,3,79.4,7.0,False
10675,Aditya Joshi 10675,employee10675@examplecorp.com,6,Individual Contributor,HR Specialist,Human Resources,Human Resources Team B - M1,10078,Rahul Iyer 10078,10001|10074|10075|10076|10078|10675,6,0,0,Bengaluru Office,09:30,18:00,Full-time,Active,2020-08-31,6.0,510000,42500,75.0,Meets Expectations,False,93.3,9.2,58.2,66.2,80.2,29.1,5,66.8,9.7,False
10676,Arjun Joshi 10676,employee10676@examplecorp.com,6,Individual Contributor,HR Executive,Human Resources,Human Resources Team C - M1,10079,Karan Iyer 10079,10001|10074|10075|10076|10079|10676,6,0,0,Pune Office,08:30,19:00,Contract,Active,2020-10-31,5.8,780000,65000,83.7,Exceeds Expectations,False,93.9,9.1,61.6,81.1,68.1,41.9,4,84.5,7.0,False
10677,Rohan Joshi 10677,employee10677@examplecorp.com,6,Individual Contributor,HR Executive,Human Resources,Human Resources Team A - M2,10081,Ananya Iyer 10081,10001|10074|10075|10080|10081|10677,6,0,0,Pune Office,09:30,19:00,Full-time,Active,2020-07-30,6.1,590000,49167,79.8,Exceeds Expectations,False,95.0,4.7,41.3,77.3,76.9,28.1,4,74.6,7.0,False
10678,Rahul Joshi 10678,employee10678@examplecorp.com,6,Individual Contributor,HR Analyst,Human Resources,Human Resources Team B - M2,10082,Isha Iyer 10082,10001|10074|10075|10080|10082|10678,6,0,0,Bengaluru Office,09:00,19:00,Full-time,Active,2025-07-21,1.1,720000,60000,68.3,Developing,False,96.3,7.0,18.7,62.4,70.7,44.1,4,85.7,12.3,False
10679,Karan Joshi 10679,employee10679@examplecorp.com,6,Individual Contributor,HR Executive,Human Resources,Human Resources Team C - M2,10083,Priya Iyer 10083,10001|10074|10075|10080|10083|10679,6,0,0,Delhi Office,09:00,17:30,Full-time,Active,2024-04-17,2.4,500000,41667,73.0,Meets Expectations,False,94.9,15.0,26.2,70.9,90.6,27.4,5,73.3,7.0,False
10680,Vikram Joshi 10680,employee10680@examplecorp.com,6,Individual Contributor,HR Executive,Human Resources,Human Resources Team A - M3,10085,Sneha Iyer 10085,10001|10074|10075|10084|10085|10680,6,0,0,Chennai Office,08:30,19:00,Full-time,Active,2021-11-12,4.8,1050000,87500,87.4,Exceeds Expectations,False,96.0,4.0,110.0,87.4,91.7,43.0,3,78.4,8.0,True
10681,Ananya Joshi 10681,employee10681@examplecorp.com,6,Individual Contributor,HR Specialist,Human Resources,Human Resources Team B - M3,10086,Kavya Iyer 10086,10001|10074|10075|10084|10086|10681,6,0,0,Bengaluru Office,09:00,18:30,Full-time,Active,2026-02-24,0.5,1150000,95833,82.0,Exceeds Expectations,False,91.1,13.9,33.5,71.0,79.6,28.4,4,65.5,7.0,False
10682,Isha Joshi 10682,employee10682@examplecorp.com,6,Individual Contributor,HR Specialist,Human Resources,Human Resources Team C - M3,10087,Meera Iyer 10087,10001|10074|10075|10084|10087|10682,6,0,0,Bengaluru Office,09:30,19:00,Full-time,Active,2018-02-25,8.5,1030000,85833,83.2,Exceeds Expectations,False,96.3,5.9,64.1,75.7,61.7,41.2,5,66.3,7.0,False
10683,Priya Joshi 10683,employee10683@examplecorp.com,6,Individual Contributor,HR Executive,Human Resources,Human Resources Team A - M4,10089,Riya Iyer 10089,10001|10074|10075|10088|10089|10683,6,0,0,Chennai Office,08:30,18:30,Full-time,Active,2025-12-23,0.7,860000,71667,92.4,Outstanding,False,96.7,11.6,94.7,88.0,99.2,48.9,3,70.5,7.0,False
10684,Neha Joshi 10684,employee10684@examplecorp.com,6,Individual Contributor,HR Specialist,Human Resources,Human Resources Team B - M4,10090,Aditi Iyer 10090,10001|10074|10075|10088|10090|10684,6,0,0,Pune Office,09:30,19:00,Full-time,Active,2024-06-29,2.2,520000,43333,66.1,Developing,False,95.1,6.6,76.7,61.7,71.8,29.4,2,70.3,12.8,False
10685,Sneha Joshi 10685,employee10685@examplecorp.com,6,Individual Contributor,HR Executive,Human Resources,Human Resources Team C - M4,10091,Sana Iyer 10091,10001|10074|10075|10088|10091|10685,6,0,0,Chennai Office,09:30,17:30,Full-time,Active,2019-10-12,6.9,840000,70000,86.5,Exceeds Expectations,False,97.4,4.3,38.5,77.9,87.5,31.2,5,80.4,7.0,True
10686,Kavya Joshi 10686,employee10686@examplecorp.com,6,Individual Contributor,Operations Executive,Operations,Operations Team A - M1,10095,Diya Iyer 10095,10001|10092|10093|10094|10095|10686,6,0,0,Chennai Office,09:00,18:30,Full-time,Active,2019-08-14,7.0,1070000,89167,92.3,Outstanding,False,99.1,8.9,33.8,90.2,77.3,15.7,4,69.2,7.0,False
10687,Meera Joshi 10687,employee10687@examplecorp.com,6,Individual Contributor,Operations Analyst,Operations,Operations Team B - M1,10096,Maya Iyer 10096,10001|10092|10093|10094|10096|10687,6,0,0,Pune Office,09:00,18:00,Contract,Active,2017-05-02,9.3,960000,80000,93.9,Outstanding,False,96.6,6.1,32.7,75.4,81.1,31.1,3,88.2,7.0,True
10688,Nisha Joshi 10688,employee10688@examplecorp.com,6,Individual Contributor,Operations Executive,Operations,Operations Team C - M1,10097,Aarav Nair 10097,10001|10092|10093|10094|10097|10688,6,0,0,Delhi Office,08:30,18:00,Full-time,Active,2015-11-17,10.8,1190000,99167,75.2,Meets Expectations,False,92.9,7.9,52.0,71.8,79.1,15.6,4,67.3,7.0,False
10689,Riya Joshi 10689,employee10689@examplecorp.com,6,Individual Contributor,Operations Analyst,Operations,Operations Team A - M2,10099,Aditya Nair 10099,10001|10092|10093|10098|10099|10689,6,0,0,Delhi Office,08:30,17:30,Contract,Active,2017-05-29,9.3,740000,61667,88.9,Exceeds Expectations,False,95.8,6.8,56.3,81.3,89.0,47.2,4,74.4,7.0,True
10690,Aditi Joshi 10690,employee10690@examplecorp.com,6,Individual Contributor,Operations Analyst,Operations,Operations Team B - M2,10100,Arjun Nair 10100,10001|10092|10093|10098|10100|10690,6,0,0,Hyderabad Office,08:30,17:30,Full-time,Active,2024-02-17,2.5,1130000,94167,77.6,Meets Expectations,False,95.7,4.0,39.5,71.6,95.1,36.1,3,67.4,7.0,False
10691,Sana Joshi 10691,employee10691@examplecorp.com,6,Individual Contributor,Operations Executive,Operations,Operations Team C - M2,10101,Rohan Nair 10101,10001|10092|10093|10098|10101|10691,6,0,0,Hyderabad Office,10:00,18:30,Contract,Active,2024-10-28,1.8,560000,46667,90.1,Outstanding,False,98.5,8.8,52.5,79.4,87.0,40.4,5,80.2,7.0,False
10692,Tanya Joshi 10692,employee10692@examplecorp.com,6,Individual Contributor,Operations Executive,Operations,Operations Team A - M3,10103,Karan Nair 10103,10001|10092|10093|10102|10103|10692,6,0,0,Delhi Office,10:00,18:30,Contract,Active,2021-08-02,5.1,560000,46667,70.1,Meets Expectations,False,93.9,9.9,16.5,69.2,74.1,32.4,6,73.4,7.6,False
10693,Pooja Joshi 10693,employee10693@examplecorp.com,6,Individual Contributor,Operations Executive,Operations,Operations Team B - M3,10104,Vikram Nair 10104,10001|10092|10093|10102|10104|10693,6,0,0,Delhi Office,09:00,19:00,Full-time,Active,2017-04-22,9.4,660000,55000,81.0,Exceeds Expectations,False,94.6,7.2,73.6,68.3,91.5,8.4,5,72.7,8.2,True
10694,Simran Joshi 10694,employee10694@examplecorp.com,6,Individual Contributor,Operations Specialist,Operations,Operations Team C - M3,10105,Ananya Nair 10105,10001|10092|10093|10102|10105|10694,6,0,0,Delhi Office,10:00,18:30,Full-time,Active,2025-04-11,1.4,760000,63333,86.1,Exceeds Expectations,False,94.7,7.5,51.7,81.5,88.1,34.2,3,68.4,7.0,False
10695,Diya Joshi 10695,employee10695@examplecorp.com,6,Individual Contributor,Operations Executive,Operations,Operations Team A - M4,10107,Priya Nair 10107,10001|10092|10093|10106|10107|10695,6,0,0,Mumbai Office,09:00,18:00,Full-time,On Leave,2020-11-07,5.8,700000,58333,76.9,Meets Expectations,False,92.9,8.7,78.8,70.6,77.6,29.2,4,80.0,7.0,False
10696,Maya Joshi 10696,employee10696@examplecorp.com,6,Individual Contributor,Operations Specialist,Operations,Operations Team B - M4,10108,Neha Nair 10108,10001|10092|10093|10106|10108|10696,6,0,0,Chennai Office,09:00,17:30,Full-time,Active,2024-05-24,2.3,600000,50000,69.0,Developing,False,95.7,10.5,48.6,80.7,66.6,47.1,4,67.7,7.0,False
10697,Aarav Bose 10697,employee10697@examplecorp.com,6,Individual Contributor,Operations Executive,Operations,Operations Team C - M4,10109,Sneha Nair 10109,10001|10092|10093|10106|10109|10697,6,0,0,Delhi Office,09:30,19:00,Full-time,Active,2015-03-29,11.4,500000,41667,71.9,Meets Expectations,False,95.7,7.6,37.2,72.5,83.9,25.2,3,78.6,7.0,False
10698,Vivaan Bose 10698,employee10698@examplecorp.com,6,Individual Contributor,Product Manager,Product,Product Team A - M1,10113,Riya Nair 10113,10001|10110|10111|10112|10113|10698,6,0,0,Mumbai Office,08:30,18:30,Contract,Active,2025-12-09,0.7,1080000,90000,92.7,Outstanding,False,94.3,1.5,40.1,70.9,88.2,17.1,5,75.7,7.0,False
10699,Aditya Bose 10699,employee10699@examplecorp.com,6,Individual Contributor,Product Analyst,Product,Product Team B - M1,10114,Aditi Nair 10114,10001|10110|10111|10112|10114|10699,6,0,0,Pune Office,10:00,19:00,Contract,Active,2017-02-21,9.5,450000,37500,95.8,Outstanding,False,97.1,6.7,16.6,70.7,83.1,47.1,4,71.9,7.0,True
10700,Arjun Bose 10700,employee10700@examplecorp.com,6,Individual Contributor,Product Manager,Product,Product Team C - M1,10115,Sana Nair 10115,10001|10110|10111|10112|10115|10700,6,0,0,Hyderabad Office,08:30,18:30,Full-time,Active,2019-12-24,6.7,1110000,92500,64.6,Developing,False,96.3,7.7,59.2,70.1,73.5,38.4,4,69.2,7.2,False
10701,Rohan Bose 10701,employee10701@examplecorp.com,6,Individual Contributor,Product Specialist,Product,Product Team A - M2,10117,Pooja Nair 10117,10001|10110|10111|10116|10117|10701,6,0,0,Delhi Office,10:00,19:00,Full-time,Active,2022-07-19,4.1,570000,47500,71.7,Meets Expectations,False,93.4,12.7,49.5,57.9,79.1,26.1,4,65.4,15.5,False
10702,Rahul Bose 10702,employee10702@examplecorp.com,6,Individual Contributor,Product Manager,Product,Product Team B - M2,10118,Simran Nair 10118,10001|10110|10111|10116|10118|10702,6,0,0,Delhi Office,08:30,19:00,Full-time,Active,2020-05-26,6.3,720000,60000,81.1,Exceeds Expectations,False,94.9,10.9,73.4,67.2,76.7,31.8,2,78.4,9.0,False
10703,Karan Bose 10703,employee10703@examplecorp.com,6,Individual Contributor,Product Manager,Product,Product Team C - M2,10119,Diya Nair 10119,10001|10110|10111|10116|10119|10703,6,0,0,Hyderabad Office,09:30,17:30,Full-time,Active,2020-08-11,6.1,1200000,100000,77.3,Meets Expectations,False,94.8,5.1,54.5,66.1,78.0,29.3,5,72.8,9.7,False
10704,Vikram Bose 10704,employee10704@examplecorp.com,6,Individual Contributor,Product Manager,Product,Product Team A - M3,10121,Aarav Mehta 10121,10001|10110|10111|10120|10121|10704,6,0,0,Hyderabad Office,10:00,17:30,Full-time,Active,2020-09-28,5.9,750000,62500,79.9,Exceeds Expectations,False,94.0,11.0,65.5,81.9,80.8,24.7,6,78.2,7.0,False
10705,Ananya Bose 10705,employee10705@examplecorp.com,6,Individual Contributor,Product Specialist,Product,Product Team B - M3,10122,Vivaan Mehta 10122,10001|10110|10111|10120|10122|10705,6,0,0,Pune Office,09:00,18:30,Contract,Active,2020-11-27,5.8,790000,65833,87.7,Exceeds Expectations,False,92.0,1.6,67.7,76.4,90.5,32.1,5,83.8,7.0,True
10706,Isha Bose 10706,employee10706@examplecorp.com,6,Individual Contributor,Product Specialist,Product,Product Team C - M3,10123,Aditya Mehta 10123,10001|10110|10111|10120|10123|10706,6,0,0,Pune Office,10:00,19:00,Full-time,Active,2021-02-04,5.6,1040000,86667,74.2,Meets Expectations,False,93.2,0.8,59.8,79.8,81.6,32.9,4,69.0,7.0,False
10707,Priya Bose 10707,employee10707@examplecorp.com,6,Individual Contributor,Product Analyst,Product,Product Team A - M4,10125,Rohan Mehta 10125,10001|10110|10111|10124|10125|10707,6,0,0,Pune Office,10:00,17:30,Full-time,Active,2025-02-24,1.5,660000,55000,71.7,Meets Expectations,False,88.3,8.5,58.6,69.0,70.4,43.3,4,62.8,7.7,False
10708,Neha Bose 10708,employee10708@examplecorp.com,6,Individual Contributor,Product Specialist,Product,Product Team B - M4,10126,Rahul Mehta 10126,10001|10110|10111|10124|10126|10708,6,0,0,Delhi Office,09:00,18:30,Contract,Active,2023-04-02,3.4,1050000,87500,73.5,Meets Expectations,False,92.3,8.8,34.6,72.4,89.8,20.9,4,70.9,7.0,False
10709,Sneha Bose 10709,employee10709@examplecorp.com,6,Individual Contributor,Product Analyst,Product,Product Team C - M4,10127,Karan Mehta 10127,10001|10110|10111|10124|10127|10709,6,0,0,Delhi Office,09:00,18:30,Full-time,Active,2018-09-17,8.0,1030000,85833,88.0,Exceeds Expectations,False,92.6,14.0,87.1,73.5,82.3,33.9,4,82.7,7.0,True
10710,Kavya Bose 10710,employee10710@examplecorp.com,6,Individual Contributor,IT Specialist,IT,IT Team A - M1,10131,Priya Mehta 10131,10001|10128|10129|10130|10131|10710,6,0,0,Delhi Office,10:00,18:00,Full-time,Active,2023-02-28,3.5,940000,78333,83.6,Exceeds Expectations,False,91.9,13.3,0.0,73.4,80.8,27.8,4,75.4,7.0,True
10711,Meera Bose 10711,employee10711@examplecorp.com,6,Individual Contributor,Systems Administrator,IT,IT Team B - M1,10132,Neha Mehta 10132,10001|10128|10129|10130|10132|10711,6,0,0,Hyderabad Office,09:00,18:00,Full-time,Active,2019-06-24,7.2,990000,82500,87.2,Exceeds Expectations,False,93.6,13.0,75.8,77.4,88.5,31.9,4,84.4,7.0,True
10712,Nisha Bose 10712,employee10712@examplecorp.com,6,Individual Contributor,IT Support Engineer,IT,IT Team C - M1,10133,Sneha Mehta 10133,10001|10128|10129|10130|10133|10712,6,0,0,Hyderabad Office,09:30,18:30,Full-time,Active,2017-08-10,9.1,560000,46667,77.4,Meets Expectations,False,92.6,5.8,84.8,65.6,89.8,40.3,5,65.9,10.1,False
10713,Riya Bose 10713,employee10713@examplecorp.com,6,Individual Contributor,IT Specialist,IT,IT Team A - M2,10135,Meera Mehta 10135,10001|10128|10129|10134|10135|10713,6,0,0,Delhi Office,08:30,19:00,Full-time,Active,2025-12-04,0.7,690000,57500,70.3,Meets Expectations,False,97.0,5.0,69.9,69.4,62.0,44.0,5,73.5,7.4,False
10714,Aditi Bose 10714,employee10714@examplecorp.com,6,Individual Contributor,IT Support Engineer,IT,IT Team B - M2,10136,Nisha Mehta 10136,10001|10128|10129|10134|10136|10714,6,0,0,Chennai Office,09:00,17:30,Full-time,Active,2017-02-06,9.6,460000,38333,71.9,Meets Expectations,False,96.1,3.5,26.9,73.2,81.4,30.2,4,80.7,7.0,False
10715,Sana Bose 10715,employee10715@examplecorp.com,6,Individual Contributor,IT Support Engineer,IT,IT Team C - M2,10137,Riya Mehta 10137,10001|10128|10129|10134|10137|10715,6,0,0,Mumbai Office,10:00,19:00,Full-time,Active,2024-05-10,2.3,1100000,91667,88.7,Exceeds Expectations,False,97.8,8.6,75.0,75.5,93.8,26.5,3,74.9,7.0,True
10716,Tanya Bose 10716,employee10716@examplecorp.com,6,Individual Contributor,IT Support Engineer,IT,IT Team A - M3,10139,Sana Mehta 10139,10001|10128|10129|10138|10139|10716,6,0,0,Bengaluru Office,09:00,17:30,Contract,Active,2016-06-26,10.2,700000,58333,79.8,Exceeds Expectations,False,93.6,9.8,28.7,83.2,76.9,32.3,3,78.8,7.0,False
10717,Pooja Bose 10717,employee10717@examplecorp.com,6,Individual Contributor,IT Support Engineer,IT,IT Team B - M3,10140,Tanya Mehta 10140,10001|10128|10129|10138|10140|10717,6,0,0,Bengaluru Office,09:00,18:00,Full-time,Active,2025-03-26,1.4,1010000,84167,65.9,Developing,False,92.9,11.3,62.9,68.4,81.0,9.3,5,69.5,8.1,False
10718,Simran Bose 10718,employee10718@examplecorp.com,6,Individual Contributor,IT Support Engineer,IT,IT Team C - M3,10141,Pooja Mehta 10141,10001|10128|10129|10138|10141|10718,6,0,0,Chennai Office,10:00,18:00,Full-time,Active,2021-09-06,5.0,600000,50000,75.0,Meets Expectations,False,95.7,4.3,22.6,63.7,75.9,20.4,4,76.7,11.4,False
10719,Diya Bose 10719,employee10719@examplecorp.com,6,Individual Contributor,IT Specialist,IT,IT Team A - M4,10143,Diya Mehta 10143,10001|10128|10129|10142|10143|10719,6,0,0,Hyderabad Office,09:30,17:30,Full-time,Active,2016-12-30,9.7,1200000,100000,69.7,Meets Expectations,False,93.7,4.4,62.2,72.7,75.2,21.6,3,73.8,7.0,False
10720,Maya Bose 10720,employee10720@examplecorp.com,6,Individual Contributor,IT Specialist,IT,IT Team B - M4,10144,Maya Mehta 10144,10001|10128|10129|10142|10144|10720,6,0,0,Hyderabad Office,09:30,18:30,Full-time,Active,2022-08-08,4.1,1020000,85000,79.7,Exceeds Expectations,False,96.6,13.2,62.9,69.1,80.6,12.5,5,79.8,7.6,False
10721,Aarav Malhotra 10721,employee10721@examplecorp.com,6,Individual Contributor,Systems Administrator,IT,IT Team C - M4,10145,Aarav Gupta 10145,10001|10128|10129|10142|10145|10721,6,0,0,Hyderabad Office,10:00,17:30,Full-time,Active,2023-04-12,3.4,600000,50000,81.1,Exceeds Expectations,False,94.1,2.4,43.7,57.5,77.5,25.2,5,79.1,15.8,False
10722,Vivaan Malhotra 10722,employee10722@examplecorp.com,6,Individual Contributor,Senior Software Engineer,Engineering,Engineering Team A - M1,10005,Rohan Sharma 10005,10001|10002|10003|10004|10005|10722,6,0,0,Hyderabad Office,10:00,19:00,Contract,Active,2025-02-06,1.6,1000000,83333,74.2,Meets Expectations,False,93.8,6.7,24.4,63.8,84.3,32.6,5,78.4,11.3,False
10723,Aditya Malhotra 10723,employee10723@examplecorp.com,6,Individual Contributor,Senior Software Engineer,Engineering,Engineering Team B - M1,10006,Rahul Sharma 10006,10001|10002|10003|10004|10006|10723,6,0,0,Bengaluru Office,09:30,17:30,Full-time,Active,2015-05-25,11.3,640000,53333,80.8,Exceeds Expectations,False,94.3,10.0,24.2,75.9,90.7,56.8,5,86.0,7.0,True
10724,Arjun Malhotra 10724,employee10724@examplecorp.com,6,Individual Contributor,Software Engineer,Engineering,Engineering Team C - M1,10007,Karan Sharma 10007,10001|10002|10003|10004|10007|10724,6,0,0,Delhi Office,10:00,18:30,Full-time,Active,2020-02-09,6.6,530000,44167,75.6,Meets Expectations,False,94.9,6.2,43.5,76.2,64.0,18.6,5,69.6,7.0,False
10725,Rohan Malhotra 10725,employee10725@examplecorp.com,6,Individual Contributor,Senior Software Engineer,Engineering,Engineering Team A - M2,10009,Ananya Sharma 10009,10001|10002|10003|10008|10009|10725,6,0,0,Pune Office,09:00,17:30,Full-time,Active,2016-06-02,10.2,490000,40833,78.4,Meets Expectations,False,95.9,1.6,17.8,73.3,70.4,28.9,4,78.1,7.0,False
10726,Rahul Malhotra 10726,employee10726@examplecorp.com,6,Individual Contributor,Senior Software Engineer,Engineering,Engineering Team B - M2,10010,Isha Sharma 10010,10001|10002|10003|10008|10010|10726,6,0,0,Chennai Office,09:30,18:00,Contract,Active,2017-07-16,9.1,530000,44167,81.0,Exceeds Expectations,False,95.7,10.8,40.2,77.4,91.7,32.8,6,79.7,7.0,True
10727,Karan Malhotra 10727,employee10727@examplecorp.com,6,Individual Contributor,Tech Lead,Engineering,Engineering Team C - M2,10011,Priya Sharma 10011,10001|10002|10003|10008|10011|10727,6,0,0,Mumbai Office,10:00,19:00,Full-time,Active,2022-04-30,4.3,1200000,100000,81.3,Exceeds Expectations,False,96.8,5.2,38.8,71.9,89.9,48.2,3,69.4,7.0,True
10728,Vikram Malhotra 10728,employee10728@examplecorp.com,6,Individual Contributor,Senior Software Engineer,Engineering,Engineering Team A - M3,10013,Sneha Sharma 10013,10001|10002|10003|10012|10013|10728,6,0,0,Bengaluru Office,09:00,18:00,Full-time,Active,2022-12-30,3.7,860000,71667,78.4,Meets Expectations,False,94.8,16.7,112.7,71.4,64.6,26.2,3,70.4,8.3,False
10729,Ananya Malhotra 10729,employee10729@examplecorp.com,6,Individual Contributor,Software Engineer,Engineering,Engineering Team B - M3,10014,Kavya Sharma 10014,10001|10002|10003|10012|10014|10729,6,0,0,Chennai Office,09:00,17:30,Full-time,Active,2019-03-16,7.5,780000,65000,61.7,Developing,False,93.0,10.5,84.6,64.9,52.3,40.6,6,62.7,11.9,False
10730,Isha Malhotra 10730,employee10730@examplecorp.com,6,Individual Contributor,Software Engineer,Engineering,Engineering Team C - M3,10015,Meera Sharma 10015,10001|10002|10003|10012|10015|10730,6,0,0,Pune Office,09:00,19:00,Full-time,Active,2019-08-28,7.0,840000,70000,72.7,Meets Expectations,False,95.3,7.6,42.6,69.4,84.8,50.6,5,74.2,7.4,False
10731,Priya Malhotra 10731,employee10731@examplecorp.com,6,Individual Contributor,Senior Software Engineer,Engineering,Engineering Team A - M4,10017,Riya Sharma 10017,10001|10002|10003|10016|10017|10731,6,0,0,Chennai Office,10:00,18:30,Contract,Active,2023-11-18,2.8,930000,77500,79.6,Exceeds Expectations,False,92.4,10.5,51.6,76.3,54.9,23.5,3,76.8,7.0,False
10732,Neha Malhotra 10732,employee10732@examplecorp.com,6,Individual Contributor,Tech Lead,Engineering,Engineering Team B - M4,10018,Aditi Sharma 10018,10001|10002|10003|10016|10018|10732,6,0,0,Pune Office,09:00,18:00,Contract,Active,2024-01-14,2.6,470000,39167,69.0,Developing,False,94.4,2.6,35.0,66.0,68.4,40.8,4,77.6,9.8,False
10733,Sneha Malhotra 10733,employee10733@examplecorp.com,6,Individual Contributor,Senior Software Engineer,Engineering,Engineering Team C - M4,10019,Sana Sharma 10019,10001|10002|10003|10016|10019|10733,6,0,0,Mumbai Office,09:00,17:30,Full-time,Active,2018-05-29,8.3,460000,38333,77.8,Meets Expectations,False,96.5,1.9,58.5,82.6,83.4,38.3,4,66.5,7.0,False
10734,Kavya Malhotra 10734,employee10734@examplecorp.com,6,Individual Contributor,Account Executive,Sales,Sales Team A - M1,10023,Diya Sharma 10023,10001|10020|10021|10022|10023|10734,6,0,0,Mumbai Office,08:30,18:00,Contract,Active,2016-12-14,9.7,580000,48333,77.6,Meets Expectations,False,94.2,8.9,30.1,67.7,77.5,39.6,4,51.8,8.6,False
10735,Meera Malhotra 10735,employee10735@examplecorp.com,6,Individual Contributor,Account Executive,Sales,Sales Team B - M1,10024,Maya Sharma 10024,10001|10020|10021|10022|10024|10735,6,0,0,Hyderabad Office,09:30,18:00,Full-time,Active,2023-05-22,3.3,720000,60000,61.7,Developing,False,92.6,7.5,35.7,74.1,68.1,40.9,5,65.9,8.3,False
10736,Nisha Malhotra 10736,employee10736@examplecorp.com,6,Individual Contributor,Account Executive,Sales,Sales Team C - M1,10025,Aarav Patel 10025,10001|10020|10021|10022|10025|10736,6,0,0,Bengaluru Office,08:30,19:00,Full-time,Active,2017-05-21,9.3,700000,58333,94.2,Outstanding,False,92.6,11.4,44.2,75.4,85.3,46.7,5,63.1,7.0,True
10737,Riya Malhotra 10737,employee10737@examplecorp.com,6,Individual Contributor,Sales Executive,Sales,Sales Team A - M2,10027,Aditya Patel 10027,10001|10020|10021|10026|10027|10737,6,0,0,Bengaluru Office,08:30,19:00,Full-time,Active,2016-07-28,10.1,1150000,95833,71.6,Meets Expectations,False,95.6,7.9,29.2,73.7,69.0,24.8,4,72.8,7.0,False
10738,Aditi Malhotra 10738,employee10738@examplecorp.com,6,Individual Contributor,Sales Executive,Sales,Sales Team B - M2,10028,Arjun Patel 10028,10001|10020|10021|10026|10028|10738,6,0,0,Mumbai Office,09:00,18:00,Contract,Active,2019-04-22,7.4,1200000,100000,76.8,Meets Expectations,False,92.2,8.1,38.2,66.3,58.3,17.8,5,62.7,9.6,False
10739,Sana Malhotra 10739,employee10739@examplecorp.com,6,Individual Contributor,Account Executive,Sales,Sales Team C - M2,10029,Rohan Patel 10029,10001|10020|10021|10026|10029|10739,6,0,0,Hyderabad Office,09:00,18:00,Contract,Active,2020-02-20,6.5,920000,76667,77.4,Meets Expectations,False,94.5,11.0,30.8,74.7,75.4,41.9,6,80.0,7.0,False
10740,Tanya Malhotra 10740,employee10740@examplecorp.com,6,Individual Contributor,Sales Executive,Sales,Sales Team A - M3,10031,Karan Patel 10031,10001|10020|10021|10030|10031|10740,6,0,0,Chennai Office,09:00,18:30,Contract,Active,2020-01-16,6.6,830000,69167,78.1,Meets Expectations,False,93.7,5.7,4.8,72.6,79.0,43.0,3,77.5,7.0,False
10741,Pooja Malhotra 10741,employee10741@examplecorp.com,6,Individual Contributor,Senior Sales Executive,Sales,Sales Team B - M3,10032,Vikram Patel 10032,10001|10020|10021|10030|10032|10741,6,0,0,Chennai Office,09:00,19:00,Full-time,Active,2024-07-12,2.1,510000,42500,91.7,Outstanding,False,93.6,10.0,54.4,75.9,100.1,40.0,2,77.3,7.0,True
10742,Simran Malhotra 10742,employee10742@examplecorp.com,6,Individual Contributor,Senior Sales Executive,Sales,Sales Team C - M3,10033,Ananya Patel 10033,10001|10020|10021|10030|10033|10742,6,0,0,Bengaluru Office,10:00,17:30,Full-time,Active,2017-12-21,8.7,710000,59167,98.4,Outstanding,False,97.1,12.8,72.6,80.5,94.3,25.0,2,77.0,7.0,True
10743,Diya Malhotra 10743,employee10743@examplecorp.com,6,Individual Contributor,Account Executive,Sales,Sales Team A - M4,10035,Priya Patel 10035,10001|10020|10021|10034|10035|10743,6,0,0,Bengaluru Office,08:30,18:00,Full-time,Active,2024-12-19,1.7,980000,81667,95.1,Outstanding,False,93.6,4.6,63.5,82.1,82.1,26.9,6,83.9,7.0,False
10744,Maya Malhotra 10744,employee10744@examplecorp.com,6,Individual Contributor,Sales Executive,Sales,Sales Team B - M4,10036,Neha Patel 10036,10001|10020|10021|10034|10036|10744,6,0,0,Bengaluru Office,09:00,18:00,Full-time,Active,2018-07-24,8.1,940000,78333,94.2,Outstanding,False,95.6,12.1,37.7,79.5,98.3,41.7,4,73.7,7.0,True
10745,Aarav Chatterjee 10745,employee10745@examplecorp.com,6,Individual Contributor,Sales Executive,Sales,Sales Team C - M4,10037,Sneha Patel 10037,10001|10020|10021|10034|10037|10745,6,0,0,Chennai Office,09:00,19:00,Full-time,Active,2023-02-09,3.6,820000,68333,77.8,Meets Expectations,False,95.1,0.0,0.0,71.3,85.1,25.3,4,75.9,7.0,False
10746,Vivaan Chatterjee 10746,employee10746@examplecorp.com,6,Individual Contributor,Marketing Analyst,Marketing,Marketing Team A - M1,10041,Riya Patel 10041,10001|10038|10039|10040|10041|10746,6,0,0,Bengaluru Office,08:30,17:30,Contract,Active,2020-03-29,6.4,490000,40833,77.3,Meets Expectations,False,92.7,9.3,30.6,74.8,77.4,25.0,5,73.4,7.0,False
10747,Aditya Chatterjee 10747,employee10747@examplecorp.com,6,Individual Contributor,Marketing Specialist,Marketing,Marketing Team B - M1,10042,Aditi Patel 10042,10001|10038|10039|10040|10042|10747,6,0,0,Bengaluru Office,08:30,18:30,Full-time,Active,2016-11-19,9.8,840000,70000,88.3,Exceeds Expectations,False,96.3,7.0,30.4,78.0,95.2,15.7,5,76.1,7.0,True
10748,Arjun Chatterjee 10748,employee10748@examplecorp.com,6,Individual Contributor,Marketing Specialist,Marketing,Marketing Team C - M1,10043,Sana Patel 10043,10001|10038|10039|10040|10043|10748,6,0,0,Chennai Office,10:00,18:30,Full-time,Active,2017-11-09,8.8,990000,82500,75.5,Meets Expectations,False,92.8,15.2,62.3,69.2,70.4,47.6,4,63.7,7.6,False
10749,Rohan Chatterjee 10749,employee10749@examplecorp.com,6,Individual Contributor,Marketing Executive,Marketing,Marketing Team A - M2,10045,Pooja Patel 10045,10001|10038|10039|10044|10045|10749,6,0,0,Bengaluru Office,08:30,18:30,Full-time,Active,2025-05-06,1.3,900000,75000,73.8,Meets Expectations,False,89.8,9.1,48.1,70.4,78.4,45.5,4,67.9,7.0,False
10750,Rahul Chatterjee 10750,employee10750@examplecorp.com,6,Individual Contributor,Marketing Analyst,Marketing,Marketing Team B - M2,10046,Simran Patel 10046,10001|10038|10039|10044|10046|10750,6,0,0,Chennai Office,10:00,18:30,Full-time,Active,2019-05-01,7.3,790000,65833,79.3,Exceeds Expectations,False,96.5,10.1,43.7,65.5,71.0,29.8,3,75.8,10.2,False
10751,Karan Chatterjee 10751,employee10751@examplecorp.com,6,Individual Contributor,Marketing Specialist,Marketing,Marketing Team C - M2,10047,Diya Patel 10047,10001|10038|10039|10044|10047|10751,6,0,0,Bengaluru Office,09:00,17:30,Contract,Active,2020-06-30,6.2,870000,72500,84.5,Exceeds Expectations,False,92.4,12.9,0.0,67.7,84.4,34.8,3,70.2,8.6,True
10752,Vikram Chatterjee 10752,employee10752@examplecorp.com,6,Individual Contributor,Marketing Executive,Marketing,Marketing Team A - M3,10049,Aarav Reddy 10049,10001|10038|10039|10048|10049|10752,6,0,0,Hyderabad Office,08:30,18:30,Full-time,Active,2018-09-15,8.0,570000,47500,84.9,Exceeds Expectations,False,95.6,11.8,0.0,86.7,87.0,31.1,4,71.1,7.0,True
10753,Ananya Chatterjee 10753,employee10753@examplecorp.com,6,Individual Contributor,Marketing Specialist,Marketing,Marketing Team B - M3,10050,Vivaan Reddy 10050,10001|10038|10039|10048|10050|10753,6,0,0,Hyderabad Office,08:30,19:00,Full-time,Active,2025-06-04,1.2,720000,60000,64.3,Developing,False,90.9,13.9,46.7,69.6,75.5,30.2,5,78.2,7.6,False
10754,Isha Chatterjee 10754,employee10754@examplecorp.com,6,Individual Contributor,Marketing Specialist,Marketing,Marketing Team C - M3,10051,Aditya Reddy 10051,10001|10038|10039|10048|10051|10754,6,0,0,Chennai Office,10:00,18:00,Full-time,Active,2026-04-15,0.4,910000,75833,76.8,Meets Expectations,False,95.4,5.9,42.2,82.2,73.9,43.1,3,60.5,7.0,False
10755,Priya Chatterjee 10755,employee10755@examplecorp.com,6,Individual Contributor,Marketing Executive,Marketing,Marketing Team A - M4,10053,Rohan Reddy 10053,10001|10038|10039|10052|10053|10755,6,0,0,Chennai Office,10:00,18:30,Full-time,Active,2017-05-27,9.3,770000,64167,86.5,Exceeds Expectations,False,94.9,3.8,57.6,74.0,81.0,17.6,4,70.3,7.0,True
10756,Neha Chatterjee 10756,employee10756@examplecorp.com,6,Individual Contributor,Marketing Specialist,Marketing,Marketing Team B - M4,10054,Rahul Reddy 10054,10001|10038|10039|10052|10054|10756,6,0,0,Mumbai Office,08:30,18:30,Full-time,Active,2023-11-22,2.8,600000,50000,94.1,Outstanding,False,96.9,8.8,19.6,82.6,104.4,33.5,5,74.0,7.0,True
10757,Sneha Chatterjee 10757,employee10757@examplecorp.com,6,Individual Contributor,Marketing Analyst,Marketing,Marketing Team C - M4,10055,Karan Reddy 10055,10001|10038|10039|10052|10055|10757,6,0,0,Delhi Office,09:00,18:30,Full-time,Active,2015-04-03,11.4,810000,67500,71.1,Meets Expectations,False,92.3,7.7,27.1,69.9,86.1,38.0,4,59.4,7.1,False
10758,Kavya Chatterjee 10758,employee10758@examplecorp.com,6,Individual Contributor,Finance Analyst,Finance,Finance Team A - M1,10059,Priya Reddy 10059,10001|10056|10057|10058|10059|10758,6,0,0,Chennai Office,09:30,17:30,Full-time,Active,2019-10-03,6.9,1140000,95000,70.0,Meets Expectations,False,94.8,7.8,47.0,77.0,90.9,26.5,5,74.9,7.0,False
10759,Meera Chatterjee 10759,employee10759@examplecorp.com,6,Individual Contributor,Senior Financial Analyst,Finance,Finance Team B - M1,10060,Neha Reddy 10060,10001|10056|10057|10058|10060|10759,6,0,0,Chennai Office,09:30,19:00,Full-time,Active,2020-10-17,5.9,700000,58333,80.2,Exceeds Expectations,False,96.2,12.5,37.9,77.4,105.5,24.7,4,70.1,7.0,True
10760,Nisha Chatterjee 10760,employee10760@examplecorp.com,6,Individual Contributor,Senior Financial Analyst,Finance,Finance Team C - M1,10061,Sneha Reddy 10061,10001|10056|10057|10058|10061|10760,6,0,0,Mumbai Office,10:00,17:30,Contract,Active,2021-03-08,5.5,710000,59167,68.2,Developing,False,95.5,4.0,49.1,70.0,86.5,6.6,3,67.2,7.0,False
10761,Riya Chatterjee 10761,employee10761@examplecorp.com,6,Individual Contributor,Senior Financial Analyst,Finance,Finance Team A - M2,10063,Meera Reddy 10063,10001|10056|10057|10062|10063|10761,6,0,0,Delhi Office,09:30,17:30,Contract,Active,2023-09-04,3.0,470000,39167,72.2,Meets Expectations,False,93.0,9.9,73.1,83.8,61.7,41.4,3,78.3,7.0,False
10762,Aditi Chatterjee 10762,employee10762@examplecorp.com,6,Individual Contributor,Senior Financial Analyst,Finance,Finance Team B - M2,10064,Nisha Reddy 10064,10001|10056|10057|10062|10064|10762,6,0,0,Chennai Office,09:30,18:00,Full-time,Active,2026-01-29,0.6,570000,47500,78.3,Meets Expectations,False,93.0,7.0,43.2,72.9,76.0,24.7,4,80.1,7.0,False
10763,Sana Chatterjee 10763,employee10763@examplecorp.com,6,Individual Contributor,Financial Analyst,Finance,Finance Team C - M2,10065,Riya Reddy 10065,10001|10056|10057|10062|10065|10763,6,0,0,Pune Office,09:30,18:00,Contract,Active,2022-09-16,4.0,680000,56667,82.9,Exceeds Expectations,False,92.2,9.1,34.4,73.4,78.4,31.9,3,72.1,7.0,False
10764,Tanya Chatterjee 10764,employee10764@examplecorp.com,6,Individual Contributor,Financial Analyst,Finance,Finance Team A - M3,10067,Sana Reddy 10067,10001|10056|10057|10066|10067|10764,6,0,0,Hyderabad Office,08:30,18:00,Full-time,Active,2017-05-12,9.3,760000,63333,77.0,Meets Expectations,False,92.8,7.5,33.4,66.0,85.5,15.2,4,68.3,9.8,False
10765,Pooja Chatterjee 10765,employee10765@examplecorp.com,6,Individual Contributor,Senior Financial Analyst,Finance,Finance Team B - M3,10068,Tanya Reddy 10068,10001|10056|10057|10066|10068|10765,6,0,0,Mumbai Office,09:00,18:30,Full-time,Active,2022-03-06,4.5,1120000,93333,78.0,Meets Expectations,False,93.1,7.8,16.2,73.4,68.6,33.3,4,75.1,7.0,False
10766,Simran Chatterjee 10766,employee10766@examplecorp.com,6,Individual Contributor,Financial Analyst,Finance,Finance Team C - M3,10069,Pooja Reddy 10069,10001|10056|10057|10066|10069|10766,6,0,0,Pune Office,10:00,17:30,Full-time,Active,2022-01-18,4.6,1110000,92500,76.4,Meets Expectations,False,94.3,9.6,52.9,65.1,84.1,29.6,4,74.5,10.4,False
10767,Diya Chatterjee 10767,employee10767@examplecorp.com,6,Individual Contributor,Senior Financial Analyst,Finance,Finance Team A - M4,10071,Diya Reddy 10071,10001|10056|10057|10070|10071|10767,6,0,0,Hyderabad Office,09:30,18:00,Contract,Active,2024-11-16,1.8,770000,64167,86.4,Exceeds Expectations,False,94.8,5.6,11.4,81.3,86.4,22.9,3,68.4,7.0,False
10768,Maya Chatterjee 10768,employee10768@examplecorp.com,6,Individual Contributor,Financial Analyst,Finance,Finance Team B - M4,10072,Maya Reddy 10072,10001|10056|10057|10070|10072|10768,6,0,0,Hyderabad Office,09:30,17:30,Contract,Active,2021-04-21,5.4,750000,62500,86.2,Exceeds Expectations,False,96.2,8.1,37.0,70.9,94.5,17.8,5,65.7,7.0,True
10769,Aarav Sharma 10769,employee10769@examplecorp.com,6,Individual Contributor,Finance Analyst,Finance,Finance Team C - M4,10073,Aarav Iyer 10073,10001|10056|10057|10070|10073|10769,6,0,0,Chennai Office,08:30,18:00,Full-time,Active,2025-12-01,0.8,470000,39167,94.8,Outstanding,False,97.0,6.8,28.4,71.1,97.2,25.2,4,91.0,7.0,False
10770,Vivaan Sharma 10770,employee10770@examplecorp.com,6,Individual Contributor,HR Analyst,Human Resources,Human Resources Team A - M1,10077,Rohan Iyer 10077,10001|10074|10075|10076|10077|10770,6,0,0,Chennai Office,09:00,18:30,Full-time,Active,2021-12-19,4.7,490000,40833,71.2,Meets Expectations,False,92.3,10.3,39.8,72.6,68.5,27.2,3,76.2,7.0,False
10771,Aditya Sharma 10771,employee10771@examplecorp.com,6,Individual Contributor,HR Specialist,Human Resources,Human Resources Team B - M1,10078,Rahul Iyer 10078,10001|10074|10075|10076|10078|10771,6,0,0,Bengaluru Office,09:30,19:00,Full-time,Active,2019-02-04,7.6,1070000,89167,63.6,Developing,False,91.3,6.4,33.9,82.4,70.0,29.8,4,65.0,7.6,False
10772,Arjun Sharma 10772,employee10772@examplecorp.com,6,Individual Contributor,HR Specialist,Human Resources,Human Resources Team C - M1,10079,Karan Iyer 10079,10001|10074|10075|10076|10079|10772,6,0,0,Chennai Office,10:00,18:00,Contract,Active,2015-08-31,11.0,880000,73333,86.3,Exceeds Expectations,False,95.2,7.8,20.7,76.4,83.8,30.2,5,77.0,7.0,True
10773,Rohan Sharma 10773,employee10773@examplecorp.com,6,Individual Contributor,HR Specialist,Human Resources,Human Resources Team A - M2,10081,Ananya Iyer 10081,10001|10074|10075|10080|10081|10773,6,0,0,Hyderabad Office,09:00,17:30,Full-time,Active,2025-07-01,1.2,710000,59167,82.9,Exceeds Expectations,False,95.2,7.0,75.7,89.0,65.3,31.6,3,83.6,7.0,False
10774,Rahul Sharma 10774,employee10774@examplecorp.com,6,Individual Contributor,HR Analyst,Human Resources,Human Resources Team B - M2,10082,Isha Iyer 10082,10001|10074|10075|10080|10082|10774,6,0,0,Pune Office,08:30,17:30,Contract,Active,2026-03-16,0.5,570000,47500,71.0,Meets Expectations,False,93.3,6.9,38.5,76.0,81.4,18.1,3,72.3,7.0,False
10775,Karan Sharma 10775,employee10775@examplecorp.com,6,Individual Contributor,HR Analyst,Human Resources,Human Resources Team C - M2,10083,Priya Iyer 10083,10001|10074|10075|10080|10083|10775,6,0,0,Delhi Office,08:30,18:30,Contract,Active,2018-12-02,7.7,870000,72500,76.4,Meets Expectations,False,95.2,10.5,7.6,70.0,75.3,27.8,4,66.6,7.0,False
10776,Vikram Sharma 10776,employee10776@examplecorp.com,6,Individual Contributor,HR Specialist,Human Resources,Human Resources Team A - M3,10085,Sneha Iyer 10085,10001|10074|10075|10084|10085|10776,6,0,0,Hyderabad Office,09:30,18:00,Contract,Active,2020-05-20,6.3,460000,38333,79.2,Exceeds Expectations,False,96.8,7.2,22.4,75.7,69.9,21.0,4,68.5,7.0,False
10777,Ananya Sharma 10777,employee10777@examplecorp.com,6,Individual Contributor,HR Specialist,Human Resources,Human Resources Team B - M3,10086,Kavya Iyer 10086,10001|10074|10075|10084|10086|10777,6,0,0,Chennai Office,10:00,18:30,Contract,Active,2023-02-25,3.5,600000,50000,69.0,Developing,False,94.4,9.0,99.0,75.3,73.7,11.5,4,72.2,7.0,False
10778,Isha Sharma 10778,employee10778@examplecorp.com,6,Individual Contributor,HR Analyst,Human Resources,Human Resources Team C - M3,10087,Meera Iyer 10087,10001|10074|10075|10084|10087|10778,6,0,0,Mumbai Office,09:30,19:00,Contract,Active,2017-10-15,8.9,1050000,87500,79.1,Exceeds Expectations,False,95.3,10.0,34.7,55.8,86.1,20.3,5,68.2,16.9,False
10779,Priya Sharma 10779,employee10779@examplecorp.com,6,Individual Contributor,HR Executive,Human Resources,Human Resources Team A - M4,10089,Riya Iyer 10089,10001|10074|10075|10088|10089|10779,6,0,0,Chennai Office,10:00,18:00,Full-time,Active,2020-04-25,6.4,750000,62500,64.8,Developing,False,94.8,12.2,48.3,78.1,74.0,51.9,3,70.0,7.1,False
10780,Neha Sharma 10780,employee10780@examplecorp.com,6,Individual Contributor,HR Specialist,Human Resources,Human Resources Team B - M4,10090,Aditi Iyer 10090,10001|10074|10075|10088|10090|10780,6,0,0,Chennai Office,09:00,18:00,Contract,Active,2016-05-08,10.3,600000,50000,69.6,Meets Expectations,False,95.6,9.7,33.1,61.7,77.3,49.8,4,77.6,12.8,False
10781,Sneha Sharma 10781,employee10781@examplecorp.com,6,Individual Contributor,HR Executive,Human Resources,Human Resources Team C - M4,10091,Sana Iyer 10091,10001|10074|10075|10088|10091|10781,6,0,0,Bengaluru Office,08:30,18:00,Full-time,Active,2024-09-14,2.0,1120000,93333,71.7,Meets Expectations,False,95.4,7.5,31.3,56.9,79.1,52.3,4,64.2,16.2,False
10782,Kavya Sharma 10782,employee10782@examplecorp.com,6,Individual Contributor,Operations Specialist,Operations,Operations Team A - M1,10095,Diya Iyer 10095,10001|10092|10093|10094|10095|10782,6,0,0,Delhi Office,09:30,19:00,Contract,Active,2025-04-09,1.4,1140000,95000,77.7,Meets Expectations,False,95.2,8.9,51.0,65.1,63.1,13.5,4,65.7,10.4,False
10783,Meera Sharma 10783,employee10783@examplecorp.com,6,Individual Contributor,Operations Analyst,Operations,Operations Team B - M1,10096,Maya Iyer 10096,10001|10092|10093|10094|10096|10783,6,0,0,Pune Office,08:30,17:30,Full-time,Active,2021-05-24,5.3,1060000,88333,75.9,Meets Expectations,False,97.2,9.2,26.9,63.3,74.9,49.1,3,83.9,11.7,False
10784,Nisha Sharma 10784,employee10784@examplecorp.com,6,Individual Contributor,Operations Specialist,Operations,Operations Team C - M1,10097,Aarav Nair 10097,10001|10092|10093|10094|10097|10784,6,0,0,Bengaluru Office,09:00,18:30,Full-time,On Leave,2020-11-03,5.8,920000,76667,78.8,Meets Expectations,False,95.5,10.0,7.4,72.6,79.0,28.0,4,73.7,7.0,False
10785,Riya Sharma 10785,employee10785@examplecorp.com,6,Individual Contributor,Operations Analyst,Operations,Operations Team A - M2,10099,Aditya Nair 10099,10001|10092|10093|10098|10099|10785,6,0,0,Bengaluru Office,08:30,18:30,Contract,Active,2017-08-18,9.0,1180000,98333,69.7,Meets Expectations,False,92.1,10.5,57.2,73.2,76.7,20.4,5,71.2,7.0,False
10786,Aditi Sharma 10786,employee10786@examplecorp.com,6,Individual Contributor,Operations Specialist,Operations,Operations Team B - M2,10100,Arjun Nair 10100,10001|10092|10093|10098|10100|10786,6,0,0,Chennai Office,10:00,18:30,Full-time,Active,2015-07-26,11.1,1000000,83333,80.3,Exceeds Expectations,False,94.2,4.3,32.8,79.1,79.3,39.7,4,69.2,7.0,False
10787,Sana Sharma 10787,employee10787@examplecorp.com,6,Individual Contributor,Operations Executive,Operations,Operations Team C - M2,10101,Rohan Nair 10101,10001|10092|10093|10098|10101|10787,6,0,0,Chennai Office,09:00,19:00,Full-time,Active,2017-12-09,8.7,980000,81667,65.3,Developing,False,93.3,12.4,45.4,80.6,72.0,27.1,3,66.8,7.0,False
10788,Tanya Sharma 10788,employee10788@examplecorp.com,6,Individual Contributor,Operations Executive,Operations,Operations Team A - M3,10103,Karan Nair 10103,10001|10092|10093|10102|10103|10788,6,0,0,Chennai Office,09:30,17:30,Full-time,Active,2016-10-24,9.9,870000,72500,80.0,Exceeds Expectations,False,93.8,11.1,20.7,79.4,76.6,27.1,4,80.2,7.0,False
10789,Pooja Sharma 10789,employee10789@examplecorp.com,6,Individual Contributor,Operations Analyst,Operations,Operations Team B - M3,10104,Vikram Nair 10104,10001|10092|10093|10102|10104|10789,6,0,0,Delhi Office,08:30,19:00,Full-time,Active,2021-08-07,5.1,580000,48333,75.6,Meets Expectations,False,94.5,5.3,54.8,77.2,88.9,32.4,6,69.4,7.0,False
10790,Simran Sharma 10790,employee10790@examplecorp.com,6,Individual Contributor,Operations Specialist,Operations,Operations Team C - M3,10105,Ananya Nair 10105,10001|10092|10093|10102|10105|10790,6,0,0,Mumbai Office,08:30,19:00,Full-time,Active,2020-09-06,6.0,710000,59167,96.0,Outstanding,False,95.9,8.8,59.2,55.6,75.8,35.7,3,85.8,17.1,False
10791,Diya Sharma 10791,employee10791@examplecorp.com,6,Individual Contributor,Operations Executive,Operations,Operations Team A - M4,10107,Priya Nair 10107,10001|10092|10093|10106|10107|10791,6,0,0,Bengaluru Office,08:30,18:00,Full-time,Active,2018-06-07,8.2,500000,41667,85.3,Exceeds Expectations,False,92.8,3.9,72.2,90.8,80.5,27.4,6,79.3,7.0,True
10792,Maya Sharma 10792,employee10792@examplecorp.com,6,Individual Contributor,Operations Specialist,Operations,Operations Team B - M4,10108,Neha Nair 10108,10001|10092|10093|10106|10108|10792,6,0,0,Delhi Office,10:00,18:30,Full-time,Active,2025-11-01,0.8,790000,65833,85.2,Exceeds Expectations,False,95.0,6.0,62.2,80.1,72.0,22.0,5,81.5,7.0,False
10793,Aarav Patel 10793,employee10793@examplecorp.com,6,Individual Contributor,Operations Analyst,Operations,Operations Team C - M4,10109,Sneha Nair 10109,10001|10092|10093|10106|10109|10793,6,0,0,Hyderabad Office,09:00,18:30,Full-time,Active,2017-07-30,9.1,690000,57500,79.4,Exceeds Expectations,False,91.7,5.9,0.7,62.5,71.3,27.0,5,83.8,12.2,False
10794,Vivaan Patel 10794,employee10794@examplecorp.com,6,Individual Contributor,Product Specialist,Product,Product Team A - M1,10113,Riya Nair 10113,10001|10110|10111|10112|10113|10794,6,0,0,Chennai Office,10:00,19:00,Full-time,Active,2018-09-20,7.9,1180000,98333,82.4,Exceeds Expectations,False,95.9,1.6,63.5,70.2,81.6,27.2,2,64.0,7.0,True
10795,Aditya Patel 10795,employee10795@examplecorp.com,6,Individual Contributor,Product Analyst,Product,Product Team B - M1,10114,Aditi Nair 10114,10001|10110|10111|10112|10114|10795,6,0,0,Delhi Office,08:30,18:00,Full-time,Active,2020-12-14,5.7,620000,51667,75.4,Meets Expectations,False,97.0,5.7,72.5,76.3,86.0,44.2,5,76.3,7.0,False
10796,Arjun Patel 10796,employee10796@examplecorp.com,6,Individual Contributor,Product Manager,Product,Product Team C - M1,10115,Sana Nair 10115,10001|10110|10111|10112|10115|10796,6,0,0,Mumbai Office,09:30,18:00,Contract,Active,2018-01-09,8.6,940000,78333,84.1,Exceeds Expectations,False,95.1,4.3,27.5,82.1,55.8,22.3,4,65.8,7.0,False
10797,Rohan Patel 10797,employee10797@examplecorp.com,6,Individual Contributor,Product Analyst,Product,Product Team A - M2,10117,Pooja Nair 10117,10001|10110|10111|10116|10117|10797,6,0,0,Hyderabad Office,09:30,17:30,Contract,Active,2023-05-19,3.3,620000,51667,89.3,Outstanding,False,93.8,10.3,7.0,71.7,86.0,44.6,4,73.4,7.0,True
10798,Rahul Patel 10798,employee10798@examplecorp.com,6,Individual Contributor,Product Analyst,Product,Product Team B - M2,10118,Simran Nair 10118,10001|10110|10111|10116|10118|10798,6,0,0,Hyderabad Office,08:30,19:00,Full-time,Active,2015-10-28,10.8,1160000,96667,78.2,Meets Expectations,False,95.9,6.6,46.9,77.5,66.4,37.2,4,72.2,7.0,False
10799,Karan Patel 10799,employee10799@examplecorp.com,6,Individual Contributor,Product Specialist,Product,Product Team C - M2,10119,Diya Nair 10119,10001|10110|10111|10116|10119|10799,6,0,0,Pune Office,09:30,18:00,Full-time,Active,2017-10-06,8.9,890000,74167,96.1,Outstanding,False,95.4,7.2,19.9,76.7,78.5,39.9,4,70.8,7.0,False
10800,Vikram Patel 10800,employee10800@examplecorp.com,6,Individual Contributor,Product Analyst,Product,Product Team A - M3,10121,Aarav Mehta 10121,10001|10110|10111|10120|10121|10800,6,0,0,Pune Office,10:00,17:30,Full-time,Active,2024-11-04,1.8,660000,55000,87.1,Exceeds Expectations,False,93.3,5.0,9.6,68.1,70.2,36.6,4,72.3,8.3,False
10801,Ananya Patel 10801,employee10801@examplecorp.com,6,Individual Contributor,Product Specialist,Product,Product Team B - M3,10122,Vivaan Mehta 10122,10001|10110|10111|10120|10122|10801,6,0,0,Chennai Office,08:30,17:30,Full-time,Active,2020-02-09,6.6,510000,42500,84.5,Exceeds Expectations,False,95.1,11.7,75.2,72.6,65.2,10.8,4,69.8,7.0,False
10802,Isha Patel 10802,employee10802@examplecorp.com,6,Individual Contributor,Product Analyst,Product,Product Team C - M3,10123,Aditya Mehta 10123,10001|10110|10111|10120|10123|10802,6,0,0,Hyderabad Office,08:30,18:00,Full-time,Active,2021-08-21,5.0,1100000,91667,74.2,Meets Expectations,False,95.4,8.3,25.2,70.4,76.4,33.6,5,72.0,7.0,False
10803,Priya Patel 10803,employee10803@examplecorp.com,6,Individual Contributor,Product Manager,Product,Product Team A - M4,10125,Rohan Mehta 10125,10001|10110|10111|10124|10125|10803,6,0,0,Pune Office,09:00,18:30,Full-time,Active,2019-04-11,7.4,650000,54167,68.2,Developing,False,92.7,7.7,55.1,70.5,85.1,4.0,5,76.9,7.0,False
10804,Neha Patel 10804,employee10804@examplecorp.com,6,Individual Contributor,Product Analyst,Product,Product Team B - M4,10126,Rahul Mehta 10126,10001|10110|10111|10124|10126|10804,6,0,0,Delhi Office,10:00,18:00,Full-time,Active,2018-03-24,8.4,970000,80833,87.1,Exceeds Expectations,False,95.9,10.6,27.8,73.5,90.7,35.8,6,75.2,7.0,True
10805,Sneha Patel 10805,employee10805@examplecorp.com,6,Individual Contributor,Product Specialist,Product,Product Team C - M4,10127,Karan Mehta 10127,10001|10110|10111|10124|10127|10805,6,0,0,Delhi Office,09:30,19:00,Full-time,Active,2018-08-04,8.1,980000,81667,82.9,Exceeds Expectations,False,94.1,6.6,41.0,67.5,72.3,27.9,4,75.2,8.8,False
10806,Kavya Patel 10806,employee10806@examplecorp.com,6,Individual Contributor,Systems Administrator,IT,IT Team A - M1,10131,Priya Mehta 10131,10001|10128|10129|10130|10131|10806,6,0,0,Hyderabad Office,08:30,18:30,Full-time,Active,2017-05-10,9.3,1190000,99167,91.0,Outstanding,False,94.4,8.7,65.9,64.6,85.7,30.4,4,71.8,10.8,True
10807,Meera Patel 10807,employee10807@examplecorp.com,6,Individual Contributor,Systems Administrator,IT,IT Team B - M1,10132,Neha Mehta 10132,10001|10128|10129|10130|10132|10807,6,0,0,Delhi Office,09:00,18:00,Full-time,Active,2017-06-22,9.2,470000,39167,67.0,Developing,False,93.9,7.6,71.7,75.1,68.7,31.2,4,76.2,7.0,False
10808,Nisha Patel 10808,employee10808@examplecorp.com,6,Individual Contributor,IT Specialist,IT,IT Team C - M1,10133,Sneha Mehta 10133,10001|10128|10129|10130|10133|10808,6,0,0,Pune Office,08:30,18:30,Full-time,Active,2025-03-04,1.5,930000,77500,86.4,Exceeds Expectations,False,95.9,7.8,72.4,60.0,74.4,30.0,6,67.0,14.0,False
10809,Riya Patel 10809,employee10809@examplecorp.com,6,Individual Contributor,Systems Administrator,IT,IT Team A - M2,10135,Meera Mehta 10135,10001|10128|10129|10134|10135|10809,6,0,0,Delhi Office,10:00,17:30,Full-time,Active,2018-08-29,8.0,620000,51667,94.4,Outstanding,False,95.2,4.5,75.7,78.9,104.2,39.7,3,65.7,7.0,True
10810,Aditi Patel 10810,employee10810@examplecorp.com,6,Individual Contributor,Systems Administrator,IT,IT Team B - M2,10136,Nisha Mehta 10136,10001|10128|10129|10134|10136|10810,6,0,0,Mumbai Office,09:00,19:00,Full-time,Active,2026-02-02,0.6,1080000,90000,73.8,Meets Expectations,False,94.6,11.5,38.9,72.7,91.6,22.1,4,68.3,7.0,False
10811,Sana Patel 10811,employee10811@examplecorp.com,6,Individual Contributor,IT Support Engineer,IT,IT Team C - M2,10137,Riya Mehta 10137,10001|10128|10129|10134|10137|10811,6,0,0,Hyderabad Office,09:30,17:30,Full-time,Active,2018-01-13,8.6,930000,77500,77.9,Meets Expectations,False,97.9,7.3,0.0,68.8,82.4,12.5,5,79.3,7.8,False
10812,Tanya Patel 10812,employee10812@examplecorp.com,6,Individual Contributor,Systems Administrator,IT,IT Team A - M3,10139,Sana Mehta 10139,10001|10128|10129|10138|10139|10812,6,0,0,Delhi Office,08:30,18:00,Full-time,Active,2016-03-21,10.4,1100000,91667,83.4,Exceeds Expectations,False,93.7,8.9,46.4,68.9,68.1,23.2,4,76.3,7.8,False
10813,Pooja Patel 10813,employee10813@examplecorp.com,6,Individual Contributor,IT Support Engineer,IT,IT Team B - M3,10140,Tanya Mehta 10140,10001|10128|10129|10138|10140|10813,6,0,0,Delhi Office,10:00,18:30,Full-time,Active,2015-05-05,11.3,830000,69167,59.1,Developing,True,92.6,8.1,74.5,75.8,71.7,20.6,4,69.7,9.4,False
10814,Simran Patel 10814,employee10814@examplecorp.com,6,Individual Contributor,IT Support Engineer,IT,IT Team C - M3,10141,Pooja Mehta 10141,10001|10128|10129|10138|10141|10814,6,0,0,Delhi Office,10:00,18:30,Contract,Active,2021-12-21,4.7,930000,77500,76.5,Meets Expectations,False,96.1,1.5,99.3,65.6,84.5,24.9,3,78.4,10.1,False
10815,Diya Patel 10815,employee10815@examplecorp.com,6,Individual Contributor,Systems Administrator,IT,IT Team A - M4,10143,Diya Mehta 10143,10001|10128|10129|10142|10143|10815,6,0,0,Hyderabad Office,10:00,18:30,Full-time,Active,2023-08-22,3.0,590000,49167,77.7,Meets Expectations,False,93.5,13.7,26.7,76.6,67.1,50.0,5,63.5,7.0,False
10816,Maya Patel 10816,employee10816@examplecorp.com,6,Individual Contributor,Systems Administrator,IT,IT Team B - M4,10144,Maya Mehta 10144,10001|10128|10129|10142|10144|10816,6,0,0,Hyderabad Office,08:30,18:30,Contract,Active,2017-10-21,8.9,900000,75000,86.9,Exceeds Expectations,False,93.3,9.5,61.0,95.2,76.8,26.6,3,77.4,7.0,False
10817,Aarav Reddy 10817,employee10817@examplecorp.com,6,Individual Contributor,IT Specialist,IT,IT Team C - M4,10145,Aarav Gupta 10145,10001|10128|10129|10142|10145|10817,6,0,0,Chennai Office,08:30,17:30,Full-time,Active,2021-09-11,5.0,600000,50000,82.1,Exceeds Expectations,False,97.4,8.1,94.0,76.2,92.2,34.9,4,70.6,7.0,True
10818,Vivaan Reddy 10818,employee10818@examplecorp.com,6,Individual Contributor,Senior Software Engineer,Engineering,Engineering Team A - M1,10005,Rohan Sharma 10005,10001|10002|10003|10004|10005|10818,6,0,0,Delhi Office,09:30,17:30,Full-time,Active,2019-09-08,7.0,590000,49167,87.0,Exceeds Expectations,False,94.9,10.7,19.9,63.2,87.7,26.2,5,71.9,11.8,True
10819,Aditya Reddy 10819,employee10819@examplecorp.com,6,Individual Contributor,Tech Lead,Engineering,Engineering Team B - M1,10006,Rahul Sharma 10006,10001|10002|10003|10004|10006|10819,6,0,0,Pune Office,09:00,18:00,Contract,Active,2015-07-10,11.1,700000,58333,78.8,Meets Expectations,False,95.4,5.2,8.0,78.2,67.4,46.3,3,90.3,7.0,False
10820,Arjun Reddy 10820,employee10820@examplecorp.com,6,Individual Contributor,Tech Lead,Engineering,Engineering Team C - M1,10007,Karan Sharma 10007,10001|10002|10003|10004|10007|10820,6,0,0,Pune Office,08:30,17:30,Full-time,Active,2023-12-29,2.7,1070000,89167,72.5,Meets Expectations,False,90.1,5.9,54.5,69.5,73.3,35.6,5,80.0,7.4,False
10821,Rohan Reddy 10821,employee10821@examplecorp.com,6,Individual Contributor,Software Engineer,Engineering,Engineering Team A - M2,10009,Ananya Sharma 10009,10001|10002|10003|10008|10009|10821,6,0,0,Pune Office,09:30,17:30,Full-time,Active,2018-04-12,8.4,990000,82500,87.6,Exceeds Expectations,False,93.7,5.2,78.1,70.0,81.9,36.0,6,61.2,7.0,True
10822,Rahul Reddy 10822,employee10822@examplecorp.com,6,Individual Contributor,Tech Lead,Engineering,Engineering Team B - M2,10010,Isha Sharma 10010,10001|10002|10003|10008|10010|10822,6,0,0,Mumbai Office,10:00,19:00,Full-time,Active,2016-08-18,10.0,1130000,94167,85.6,Exceeds Expectations,False,96.1,4.4,25.5,70.0,75.8,45.0,4,76.7,7.0,False
10823,Karan Reddy 10823,employee10823@examplecorp.com,6,Individual Contributor,Software Engineer,Engineering,Engineering Team C - M2,10011,Priya Sharma 10011,10001|10002|10003|10008|10011|10823,6,0,0,Pune Office,09:00,18:30,Full-time,Active,2016-03-28,10.4,880000,73333,76.0,Meets Expectations,False,93.9,0.1,104.5,83.6,73.6,35.0,5,57.5,7.5,False
10824,Vikram Reddy 10824,employee10824@examplecorp.com,6,Individual Contributor,Software Engineer,Engineering,Engineering Team A - M3,10013,Sneha Sharma 10013,10001|10002|10003|10012|10013|10824,6,0,0,Hyderabad Office,10:00,19:00,Full-time,Active,2022-08-29,4.0,780000,65000,78.5,Meets Expectations,False,97.4,5.3,78.1,72.2,78.6,30.3,4,82.7,7.0,False
10825,Ananya Reddy 10825,employee10825@examplecorp.com,6,Individual Contributor,Software Engineer,Engineering,Engineering Team B - M3,10014,Kavya Sharma 10014,10001|10002|10003|10012|10014|10825,6,0,0,Pune Office,08:30,19:00,Contract,Active,2025-04-29,1.3,830000,69167,84.3,Exceeds Expectations,False,95.2,2.4,46.7,80.2,80.0,26.1,2,74.3,7.0,False
10826,Isha Reddy 10826,employee10826@examplecorp.com,6,Individual Contributor,Tech Lead,Engineering,Engineering Team C - M3,10015,Meera Sharma 10015,10001|10002|10003|10012|10015|10826,6,0,0,Bengaluru Office,09:30,17:30,Full-time,Active,2020-12-07,5.7,970000,80833,97.5,Outstanding,False,99.5,8.9,62.1,75.8,104.1,32.8,3,90.6,7.0,True
10827,Priya Reddy 10827,employee10827@examplecorp.com,6,Individual Contributor,Software Engineer,Engineering,Engineering Team A - M4,10017,Riya Sharma 10017,10001|10002|10003|10016|10017|10827,6,0,0,Hyderabad Office,09:30,18:30,Contract,Active,2015-09-05,11.0,630000,52500,93.1,Outstanding,False,99.7,2.7,44.9,69.6,83.4,22.8,3,65.7,7.3,True
10828,Neha Reddy 10828,employee10828@examplecorp.com,6,Individual Contributor,Tech Lead,Engineering,Engineering Team B - M4,10018,Aditi Sharma 10018,10001|10002|10003|10016|10018|10828,6,0,0,Pune Office,09:30,18:30,Full-time,Active,2024-11-23,1.8,990000,82500,83.4,Exceeds Expectations,False,94.5,4.6,65.0,79.8,74.6,35.3,6,61.9,7.0,False
10829,Sneha Reddy 10829,employee10829@examplecorp.com,6,Individual Contributor,Software Engineer,Engineering,Engineering Team C - M4,10019,Sana Sharma 10019,10001|10002|10003|10016|10019|10829,6,0,0,Pune Office,08:30,18:30,Full-time,Active,2022-12-10,3.7,930000,77500,85.1,Exceeds Expectations,False,93.4,10.1,27.6,68.9,73.4,15.8,5,70.5,7.8,False
10830,Kavya Reddy 10830,employee10830@examplecorp.com,6,Individual Contributor,Account Executive,Sales,Sales Team A - M1,10023,Diya Sharma 10023,10001|10020|10021|10022|10023|10830,6,0,0,Delhi Office,09:30,17:30,Full-time,Active,2019-08-24,7.0,960000,80000,92.2,Outstanding,False,98.9,4.8,30.4,80.7,99.3,39.3,5,64.5,7.0,True
10831,Meera Reddy 10831,employee10831@examplecorp.com,6,Individual Contributor,Senior Sales Executive,Sales,Sales Team B - M1,10024,Maya Sharma 10024,10001|10020|10021|10022|10024|10831,6,0,0,Delhi Office,09:30,19:00,Full-time,Active,2019-02-27,7.5,630000,52500,77.1,Meets Expectations,False,94.0,11.7,96.0,76.3,83.6,17.7,3,68.4,7.0,False
10832,Nisha Reddy 10832,employee10832@examplecorp.com,6,Individual Contributor,Senior Sales Executive,Sales,Sales Team C - M1,10025,Aarav Patel 10025,10001|10020|10021|10022|10025|10832,6,0,0,Hyderabad Office,09:30,18:30,Full-time,Active,2017-07-30,9.1,1070000,89167,75.7,Meets Expectations,False,91.6,7.4,49.4,81.8,85.1,32.5,6,78.3,7.0,False
10833,Riya Reddy 10833,employee10833@examplecorp.com,6,Individual Contributor,Account Executive,Sales,Sales Team A - M2,10027,Aditya Patel 10027,10001|10020|10021|10026|10027|10833,6,0,0,Chennai Office,09:00,18:00,Full-time,Active,2017-12-06,8.7,500000,41667,91.2,Outstanding,False,97.2,8.9,60.6,90.0,90.4,21.8,4,72.3,7.0,True
10834,Aditi Reddy 10834,employee10834@examplecorp.com,6,Individual Contributor,Senior Sales Executive,Sales,Sales Team B - M2,10028,Arjun Patel 10028,10001|10020|10021|10026|10028|10834,6,0,0,Chennai Office,08:30,17:30,Contract,Active,2016-03-19,10.5,640000,53333,89.1,Outstanding,False,92.3,12.6,78.2,76.7,84.8,30.8,4,70.1,7.0,True
10835,Sana Reddy 10835,employee10835@examplecorp.com,6,Individual Contributor,Account Executive,Sales,Sales Team C - M2,10029,Rohan Patel 10029,10001|10020|10021|10026|10029|10835,6,0,0,Hyderabad Office,08:30,19:00,Contract,Active,2024-05-22,2.3,1190000,99167,89.1,Outstanding,False,92.2,11.7,42.2,65.7,89.3,26.4,6,78.7,10.0,True
10836,Tanya Reddy 10836,employee10836@examplecorp.com,6,Individual Contributor,Sales Executive,Sales,Sales Team A - M3,10031,Karan Patel 10031,10001|10020|10021|10030|10031|10836,6,0,0,Bengaluru Office,09:30,17:30,Full-time,Active,2021-09-20,4.9,1190000,99167,77.1,Meets Expectations,False,94.1,11.0,24.4,68.3,74.6,30.3,5,75.1,8.2,False
10837,Pooja Reddy 10837,employee10837@examplecorp.com,6,Individual Contributor,Account Executive,Sales,Sales Team B - M3,10032,Vikram Patel 10032,10001|10020|10021|10030|10032|10837,6,0,0,Pune Office,09:30,18:00,Full-time,Active,2023-03-12,3.5,640000,53333,71.5,Meets Expectations,False,94.0,9.5,79.4,75.0,70.9,30.3,5,66.6,7.0,False
10838,Simran Reddy 10838,employee10838@examplecorp.com,6,Individual Contributor,Sales Executive,Sales,Sales Team C - M3,10033,Ananya Patel 10033,10001|10020|10021|10030|10033|10838,6,0,0,Hyderabad Office,09:00,18:00,Full-time,Active,2025-07-22,1.1,1030000,85833,92.4,Outstanding,False,95.3,8.6,48.8,65.9,87.0,17.0,4,76.8,9.9,False
10839,Diya Reddy 10839,employee10839@examplecorp.com,6,Individual Contributor,Senior Sales Executive,Sales,Sales Team A - M4,10035,Priya Patel 10035,10001|10020|10021|10034|10035|10839,6,0,0,Mumbai Office,08:30,19:00,Full-time,Active,2016-06-03,10.2,580000,48333,87.0,Exceeds Expectations,False,94.1,6.6,41.8,83.2,67.1,29.1,4,79.9,7.0,False
10840,Maya Reddy 10840,employee10840@examplecorp.com,6,Individual Contributor,Sales Executive,Sales,Sales Team B - M4,10036,Neha Patel 10036,10001|10020|10021|10034|10036|10840,6,0,0,Pune Office,09:30,18:00,Full-time,Active,2023-06-20,3.2,870000,72500,87.0,Exceeds Expectations,False,93.3,5.1,70.6,81.1,72.0,34.2,4,83.4,7.0,False
10841,Aarav Iyer 10841,employee10841@examplecorp.com,6,Individual Contributor,Senior Sales Executive,Sales,Sales Team C - M4,10037,Sneha Patel 10037,10001|10020|10021|10034|10037|10841,6,0,0,Delhi Office,08:30,19:00,Full-time,Active,2025-11-07,0.8,810000,67500,83.9,Exceeds Expectations,False,93.4,7.8,51.0,81.0,97.5,26.7,5,69.9,7.0,False
10842,Vivaan Iyer 10842,employee10842@examplecorp.com,6,Individual Contributor,Marketing Specialist,Marketing,Marketing Team A - M1,10041,Riya Patel 10041,10001|10038|10039|10040|10041|10842,6,0,0,Pune Office,08:30,18:00,Contract,Active,2016-01-12,10.6,1060000,88333,75.9,Meets Expectations,False,91.7,11.0,89.4,75.7,73.8,9.7,3,78.9,7.0,False
10843,Aditya Iyer 10843,employee10843@examplecorp.com,6,Individual Contributor,Marketing Specialist,Marketing,Marketing Team B - M1,10042,Aditi Patel 10042,10001|10038|10039|10040|10042|10843,6,0,0,Pune Office,10:00,19:00,Full-time,Active,2019-02-09,7.6,840000,70000,70.1,Meets Expectations,False,94.0,10.5,48.1,71.7,80.3,41.7,3,65.1,7.0,False
10844,Arjun Iyer 10844,employee10844@examplecorp.com,6,Individual Contributor,Marketing Specialist,Marketing,Marketing Team C - M1,10043,Sana Patel 10043,10001|10038|10039|10040|10043|10844,6,0,0,Mumbai Office,10:00,19:00,Full-time,Active,2018-11-22,7.8,940000,78333,80.0,Exceeds Expectations,False,93.0,9.4,27.7,76.6,88.2,27.3,3,83.0,7.0,True
10845,Rohan Iyer 10845,employee10845@examplecorp.com,6,Individual Contributor,Marketing Specialist,Marketing,Marketing Team A - M2,10045,Pooja Patel 10045,10001|10038|10039|10044|10045|10845,6,0,0,Chennai Office,09:30,17:30,Full-time,Active,2024-02-16,2.5,830000,69167,78.9,Meets Expectations,False,94.6,7.6,50.2,76.0,101.6,25.5,6,81.9,7.0,False
10846,Rahul Iyer 10846,employee10846@examplecorp.com,6,Individual Contributor,Marketing Executive,Marketing,Marketing Team B - M2,10046,Simran Patel 10046,10001|10038|10039|10044|10046|10846,6,0,0,Pune Office,09:30,19:00,Full-time,Active,2016-02-23,10.5,810000,67500,97.4,Outstanding,False,95.5,10.7,34.0,87.7,97.0,49.8,4,71.7,7.0,True
10847,Karan Iyer 10847,employee10847@examplecorp.com,6,Individual Contributor,Marketing Analyst,Marketing,Marketing Team C - M2,10047,Diya Patel 10047,10001|10038|10039|10044|10047|10847,6,0,0,Chennai Office,09:00,17:30,Full-time,Probation,2022-10-05,3.9,820000,68333,87.5,Exceeds Expectations,False,96.9,5.5,99.3,82.5,66.1,46.9,4,71.2,7.0,False
10848,Vikram Iyer 10848,employee10848@examplecorp.com,6,Individual Contributor,Marketing Analyst,Marketing,Marketing Team A - M3,10049,Aarav Reddy 10049,10001|10038|10039|10048|10049|10848,6,0,0,Bengaluru Office,09:00,18:00,Contract,Active,2016-09-12,10.0,980000,81667,91.0,Outstanding,False,98.3,7.7,64.5,78.6,68.5,39.3,2,77.2,7.0,False
10849,Ananya Iyer 10849,employee10849@examplecorp.com,6,Individual Contributor,Marketing Specialist,Marketing,Marketing Team B - M3,10050,Vivaan Reddy 10050,10001|10038|10039|10048|10050|10849,6,0,0,Delhi Office,08:30,17:30,Full-time,Active,2018-08-31,8.0,940000,78333,93.8,Outstanding,False,98.3,9.6,0.0,80.2,110.0,13.8,6,88.5,7.0,True
10850,Isha Iyer 10850,employee10850@examplecorp.com,6,Individual Contributor,Marketing Specialist,Marketing,Marketing Team C - M3,10051,Aditya Reddy 10051,10001|10038|10039|10048|10051|10850,6,0,0,Delhi Office,10:00,19:00,Full-time,Active,2018-03-11,8.5,680000,56667,87.9,Exceeds Expectations,False,96.2,6.8,46.2,78.3,82.8,32.4,5,72.3,7.0,True
10851,Priya Iyer 10851,employee10851@examplecorp.com,6,Individual Contributor,Marketing Executive,Marketing,Marketing Team A - M4,10053,Rohan Reddy 10053,10001|10038|10039|10052|10053|10851,6,0,0,Delhi Office,10:00,19:00,Full-time,Active,2019-11-16,6.8,680000,56667,81.6,Exceeds Expectations,False,93.8,10.3,43.9,76.5,81.3,49.8,3,72.5,7.0,True
10852,Neha Iyer 10852,employee10852@examplecorp.com,6,Individual Contributor,Marketing Executive,Marketing,Marketing Team B - M4,10054,Rahul Reddy 10054,10001|10038|10039|10052|10054|10852,6,0,0,Delhi Office,09:00,19:00,Full-time,Active,2026-04-12,0.4,1000000,83333,69.3,Meets Expectations,False,92.4,7.5,122.8,65.6,71.1,35.7,4,87.9,12.4,False
10853,Sneha Iyer 10853,employee10853@examplecorp.com,6,Individual Contributor,Marketing Analyst,Marketing,Marketing Team C - M4,10055,Karan Reddy 10055,10001|10038|10039|10052|10055|10853,6,0,0,Chennai Office,08:30,19:00,Full-time,Active,2016-03-09,10.5,1010000,84167,81.9,Exceeds Expectations,False,93.7,3.9,31.2,78.0,82.6,29.3,6,73.4,7.0,True
10854,Kavya Iyer 10854,employee10854@examplecorp.com,6,Individual Contributor,Finance Analyst,Finance,Finance Team A - M1,10059,Priya Reddy 10059,10001|10056|10057|10058|10059|10854,6,0,0,Hyderabad Office,09:30,17:30,Full-time,Active,2024-12-25,1.7,760000,63333,75.4,Meets Expectations,False,94.0,4.1,29.1,81.1,82.7,50.7,4,70.4,7.0,False
10855,Meera Iyer 10855,employee10855@examplecorp.com,6,Individual Contributor,Senior Financial Analyst,Finance,Finance Team B - M1,10060,Neha Reddy 10060,10001|10056|10057|10058|10060|10855,6,0,0,Chennai Office,09:30,19:00,Contract,Active,2020-06-09,6.2,970000,80833,86.2,Exceeds Expectations,False,97.1,6.9,15.4,75.9,82.2,36.1,3,73.6,7.0,True
10856,Nisha Iyer 10856,employee10856@examplecorp.com,6,Individual Contributor,Financial Analyst,Finance,Finance Team C - M1,10061,Sneha Reddy 10061,10001|10056|10057|10058|10061|10856,6,0,0,Pune Office,08:30,19:00,Full-time,Active,2015-08-06,11.1,520000,43333,77.8,Meets Expectations,False,93.4,1.0,72.7,81.7,78.3,4.0,4,90.6,7.0,False
10857,Riya Iyer 10857,employee10857@examplecorp.com,6,Individual Contributor,Senior Financial Analyst,Finance,Finance Team A - M2,10063,Meera Reddy 10063,10001|10056|10057|10062|10063|10857,6,0,0,Pune Office,10:00,18:00,Full-time,Active,2018-01-18,8.6,1120000,93333,74.5,Meets Expectations,False,98.6,8.8,93.9,68.5,84.7,33.2,4,75.4,8.0,False
10858,Aditi Iyer 10858,employee10858@examplecorp.com,6,Individual Contributor,Finance Analyst,Finance,Finance Team B - M2,10064,Nisha Reddy 10064,10001|10056|10057|10062|10064|10858,6,0,0,Chennai Office,09:00,19:00,Full-time,Active,2020-07-13,6.1,970000,80833,92.7,Outstanding,False,93.8,9.0,29.4,73.0,88.4,35.2,4,77.0,7.0,True
10859,Sana Iyer 10859,employee10859@examplecorp.com,6,Individual Contributor,Senior Financial Analyst,Finance,Finance Team C - M2,10065,Riya Reddy 10065,10001|10056|10057|10062|10065|10859,6,0,0,Mumbai Office,10:00,19:00,Full-time,Active,2022-10-30,3.8,720000,60000,74.1,Meets Expectations,False,92.6,4.1,16.8,74.9,66.9,40.0,6,76.3,7.0,False
10860,Tanya Iyer 10860,employee10860@examplecorp.com,6,Individual Contributor,Senior Financial Analyst,Finance,Finance Team A - M3,10067,Sana Reddy 10067,10001|10056|10057|10066|10067|10860,6,0,0,Chennai Office,09:00,19:00,Full-time,Active,2018-07-10,8.1,930000,77500,80.3,Exceeds Expectations,False,96.4,2.6,95.6,70.9,91.7,18.1,7,78.3,7.0,True
10861,Pooja Iyer 10861,employee10861@examplecorp.com,6,Individual Contributor,Senior Financial Analyst,Finance,Finance Team B - M3,10068,Tanya Reddy 10068,10001|10056|10057|10066|10068|10861,6,0,0,Hyderabad Office,10:00,18:30,Full-time,Active,2021-09-15,5.0,450000,37500,85.5,Exceeds Expectations,False,97.0,8.5,61.1,80.9,70.3,39.8,3,75.5,7.0,False
10862,Simran Iyer 10862,employee10862@examplecorp.com,6,Individual Contributor,Senior Financial Analyst,Finance,Finance Team C - M3,10069,Pooja Reddy 10069,10001|10056|10057|10066|10069|10862,6,0,0,Hyderabad Office,09:30,17:30,Contract,Active,2024-03-23,2.4,1070000,89167,79.6,Exceeds Expectations,False,93.1,3.6,62.5,75.9,77.6,24.5,4,83.5,7.0,False
10863,Diya Iyer 10863,employee10863@examplecorp.com,6,Individual Contributor,Finance Analyst,Finance,Finance Team A - M4,10071,Diya Reddy 10071,10001|10056|10057|10070|10071|10863,6,0,0,Mumbai Office,08:30,18:00,Full-time,Active,2021-04-21,5.4,530000,44167,75.6,Meets Expectations,False,93.2,9.4,0.0,76.9,76.2,15.5,4,65.6,7.0,False
10864,Maya Iyer 10864,employee10864@examplecorp.com,6,Individual Contributor,Finance Analyst,Finance,Finance Team B - M4,10072,Maya Reddy 10072,10001|10056|10057|10070|10072|10864,6,0,0,Bengaluru Office,08:30,17:30,Full-time,Active,2025-08-15,1.0,680000,56667,85.6,Exceeds Expectations,False,96.7,12.0,25.3,70.9,89.7,28.5,4,85.1,7.0,False
10865,Aarav Nair 10865,employee10865@examplecorp.com,6,Individual Contributor,Senior Financial Analyst,Finance,Finance Team C - M4,10073,Aarav Iyer 10073,10001|10056|10057|10070|10073|10865,6,0,0,Mumbai Office,10:00,17:30,Full-time,Active,2019-03-11,7.5,830000,69167,76.8,Meets Expectations,False,97.3,14.6,32.6,75.8,81.9,32.4,3,77.5,7.0,False
10866,Vivaan Nair 10866,employee10866@examplecorp.com,6,Individual Contributor,HR Specialist,Human Resources,Human Resources Team A - M1,10077,Rohan Iyer 10077,10001|10074|10075|10076|10077|10866,6,0,0,Bengaluru Office,10:00,19:00,Contract,Active,2015-03-23,11.4,1060000,88333,70.7,Meets Expectations,False,91.9,6.5,41.9,72.9,89.5,49.7,3,80.2,7.0,False
10867,Aditya Nair 10867,employee10867@examplecorp.com,6,Individual Contributor,HR Executive,Human Resources,Human Resources Team B - M1,10078,Rahul Iyer 10078,10001|10074|10075|10076|10078|10867,6,0,0,Chennai Office,10:00,18:30,Full-time,Active,2015-05-17,11.3,630000,52500,76.1,Meets Expectations,False,91.5,5.0,20.7,81.3,91.8,18.4,4,75.5,7.0,False
10868,Arjun Nair 10868,employee10868@examplecorp.com,6,Individual Contributor,HR Executive,Human Resources,Human Resources Team C - M1,10079,Karan Iyer 10079,10001|10074|10075|10076|10079|10868,6,0,0,Hyderabad Office,10:00,18:00,Full-time,Active,2022-05-06,4.3,1170000,97500,79.4,Exceeds Expectations,False,92.7,9.0,70.6,68.7,86.2,5.6,4,71.8,7.9,False
10869,Rohan Nair 10869,employee10869@examplecorp.com,6,Individual Contributor,HR Executive,Human Resources,Human Resources Team A - M2,10081,Ananya Iyer 10081,10001|10074|10075|10080|10081|10869,6,0,0,Delhi Office,09:00,18:30,Contract,Active,2022-07-24,4.1,960000,80000,83.5,Exceeds Expectations,False,96.2,10.6,57.7,72.7,103.4,36.3,3,64.9,7.0,True
10870,Rahul Nair 10870,employee10870@examplecorp.com,6,Individual Contributor,HR Analyst,Human Resources,Human Resources Team B - M2,10082,Isha Iyer 10082,10001|10074|10075|10080|10082|10870,6,0,0,Mumbai Office,08:30,18:00,Full-time,Active,2016-10-14,9.9,670000,55833,80.5,Exceeds Expectations,False,90.8,9.8,32.9,73.5,76.3,30.1,3,70.7,7.0,False
10871,Karan Nair 10871,employee10871@examplecorp.com,6,Individual Contributor,HR Analyst,Human Resources,Human Resources Team C - M2,10083,Priya Iyer 10083,10001|10074|10075|10080|10083|10871,6,0,0,Delhi Office,09:00,19:00,Full-time,On Leave,2023-06-24,3.2,700000,58333,84.0,Exceeds Expectations,False,96.1,0.0,67.1,69.4,96.5,44.4,5,72.6,7.4,True
10872,Vikram Nair 10872,employee10872@examplecorp.com,6,Individual Contributor,HR Specialist,Human Resources,Human Resources Team A - M3,10085,Sneha Iyer 10085,10001|10074|10075|10084|10085|10872,6,0,0,Bengaluru Office,09:00,18:30,Full-time,Active,2019-04-30,7.3,880000,73333,87.6,Exceeds Expectations,False,95.8,9.5,40.8,67.3,83.8,27.6,3,68.4,8.9,True
10873,Ananya Nair 10873,employee10873@examplecorp.com,6,Individual Contributor,HR Analyst,Human Resources,Human Resources Team B - M3,10086,Kavya Iyer 10086,10001|10074|10075|10084|10086|10873,6,0,0,Mumbai Office,09:00,17:30,Full-time,Active,2020-11-01,5.8,690000,57500,85.2,Exceeds Expectations,False,99.0,2.8,39.1,73.6,80.5,22.2,5,60.2,7.0,True
10874,Isha Nair 10874,employee10874@examplecorp.com,6,Individual Contributor,HR Executive,Human Resources,Human Resources Team C - M3,10087,Meera Iyer 10087,10001|10074|10075|10084|10087|10874,6,0,0,Chennai Office,09:30,18:00,Full-time,Active,2026-03-31,0.4,690000,57500,86.1,Exceeds Expectations,False,96.4,8.7,6.6,69.2,97.8,34.5,5,83.0,7.6,False
10875,Priya Nair 10875,employee10875@examplecorp.com,6,Individual Contributor,HR Executive,Human Resources,Human Resources Team A - M4,10089,Riya Iyer 10089,10001|10074|10075|10088|10089|10875,6,0,0,Bengaluru Office,08:30,17:30,Contract,Active,2022-05-23,4.3,490000,40833,88.2,Exceeds Expectations,False,91.5,7.5,26.7,82.8,90.9,35.6,3,60.5,7.0,True
10876,Neha Nair 10876,employee10876@examplecorp.com,6,Individual Contributor,HR Executive,Human Resources,Human Resources Team B - M4,10090,Aditi Iyer 10090,10001|10074|10075|10088|10090|10876,6,0,0,Pune Office,08:30,19:00,Full-time,Active,2025-05-20,1.3,880000,73333,91.7,Outstanding,False,96.1,8.6,79.0,79.4,82.2,33.1,5,67.8,7.0,False
10877,Sneha Nair 10877,employee10877@examplecorp.com,6,Individual Contributor,HR Executive,Human Resources,Human Resources Team C - M4,10091,Sana Iyer 10091,10001|10074|10075|10088|10091|10877,6,0,0,Chennai Office,09:00,18:30,Full-time,Active,2017-08-21,9.0,810000,67500,92.5,Outstanding,False,97.9,5.6,60.0,79.0,81.7,16.1,3,73.3,7.0,True
10878,Kavya Nair 10878,employee10878@examplecorp.com,6,Individual Contributor,Operations Analyst,Operations,Operations Team A - M1,10095,Diya Iyer 10095,10001|10092|10093|10094|10095|10878,6,0,0,Chennai Office,10:00,19:00,Full-time,Active,2024-01-23,2.6,980000,81667,88.5,Exceeds Expectations,False,92.5,7.7,32.1,73.8,71.3,15.8,4,70.0,7.0,False
10879,Meera Nair 10879,employee10879@examplecorp.com,6,Individual Contributor,Operations Specialist,Operations,Operations Team B - M1,10096,Maya Iyer 10096,10001|10092|10093|10094|10096|10879,6,0,0,Chennai Office,10:00,18:30,Full-time,Active,2023-01-09,3.6,1180000,98333,85.0,Exceeds Expectations,False,93.4,1.5,82.5,64.5,75.0,18.1,5,85.9,10.9,False
10880,Nisha Nair 10880,employee10880@examplecorp.com,6,Individual Contributor,Operations Executive,Operations,Operations Team C - M1,10097,Aarav Nair 10097,10001|10092|10093|10094|10097|10880,6,0,0,Bengaluru Office,08:30,18:00,Full-time,Active,2023-11-17,2.8,770000,64167,67.7,Developing,False,93.2,11.6,71.1,59.8,69.4,34.8,4,73.9,14.1,False
10881,Riya Nair 10881,employee10881@examplecorp.com,6,Individual Contributor,Operations Executive,Operations,Operations Team A - M2,10099,Aditya Nair 10099,10001|10092|10093|10098|10099|10881,6,0,0,Bengaluru Office,09:00,18:30,Full-time,Active,2017-05-13,9.3,720000,60000,81.3,Exceeds Expectations,False,91.7,8.7,39.6,75.0,83.9,16.5,7,73.5,7.0,True
10882,Aditi Nair 10882,employee10882@examplecorp.com,6,Individual Contributor,Operations Analyst,Operations,Operations Team B - M2,10100,Arjun Nair 10100,10001|10092|10093|10098|10100|10882,6,0,0,Bengaluru Office,09:30,19:00,Contract,Active,2023-02-26,3.5,800000,66667,81.4,Exceeds Expectations,False,96.0,12.2,27.9,83.6,64.8,36.2,5,83.0,7.0,False
10883,Sana Nair 10883,employee10883@examplecorp.com,6,Individual Contributor,Operations Specialist,Operations,Operations Team C - M2,10101,Rohan Nair 10101,10001|10092|10093|10098|10101|10883,6,0,0,Delhi Office,09:30,17:30,Full-time,Active,2017-01-04,9.7,820000,68333,76.3,Meets Expectations,False,96.0,14.4,65.8,75.1,68.7,16.5,5,67.5,7.0,False
10884,Tanya Nair 10884,employee10884@examplecorp.com,6,Individual Contributor,Operations Executive,Operations,Operations Team A - M3,10103,Karan Nair 10103,10001|10092|10093|10102|10103|10884,6,0,0,Chennai Office,09:00,17:30,Full-time,Active,2016-09-18,10.0,930000,77500,76.0,Meets Expectations,False,91.5,6.4,53.7,77.7,74.4,10.5,5,58.5,7.0,False
10885,Pooja Nair 10885,employee10885@examplecorp.com,6,Individual Contributor,Operations Executive,Operations,Operations Team B - M3,10104,Vikram Nair 10104,10001|10092|10093|10102|10104|10885,6,0,0,Hyderabad Office,09:00,17:30,Full-time,Active,2015-09-24,10.9,750000,62500,81.2,Exceeds Expectations,False,93.3,5.5,80.8,64.9,95.4,35.4,3,71.1,10.6,True
10886,Simran Nair 10886,employee10886@examplecorp.com,6,Individual Contributor,Operations Executive,Operations,Operations Team C - M3,10105,Ananya Nair 10105,10001|10092|10093|10102|10105|10886,6,0,0,Delhi Office,09:30,17:30,Full-time,Active,2015-08-11,11.1,960000,80000,82.4,Exceeds Expectations,False,95.1,8.8,21.2,65.8,82.1,39.6,4,72.1,9.9,True
10887,Diya Nair 10887,employee10887@examplecorp.com,6,Individual Contributor,Operations Analyst,Operations,Operations Team A - M4,10107,Priya Nair 10107,10001|10092|10093|10106|10107|10887,6,0,0,Chennai Office,08:30,19:00,Full-time,Active,2024-02-09,2.6,540000,45000,83.2,Exceeds Expectations,False,94.4,13.1,48.9,72.9,66.0,19.6,4,67.0,7.0,False
10888,Maya Nair 10888,employee10888@examplecorp.com,6,Individual Contributor,Operations Specialist,Operations,Operations Team B - M4,10108,Neha Nair 10108,10001|10092|10093|10106|10108|10888,6,0,0,Hyderabad Office,08:30,19:00,Full-time,Active,2023-08-22,3.0,570000,47500,90.1,Outstanding,False,97.6,7.2,69.4,64.2,79.4,43.7,5,76.6,11.1,False
10889,Aarav Mehta 10889,employee10889@examplecorp.com,6,Individual Contributor,Operations Analyst,Operations,Operations Team C - M4,10109,Sneha Nair 10109,10001|10092|10093|10106|10109|10889,6,0,0,Mumbai Office,10:00,19:00,Full-time,Active,2022-09-06,4.0,1040000,86667,79.0,Meets Expectations,False,93.2,13.5,41.7,72.8,81.2,39.6,5,66.1,7.0,False
10890,Vivaan Mehta 10890,employee10890@examplecorp.com,6,Individual Contributor,Product Analyst,Product,Product Team A - M1,10113,Riya Nair 10113,10001|10110|10111|10112|10113|10890,6,0,0,Delhi Office,10:00,18:30,Contract,Active,2021-10-13,4.9,910000,75833,81.0,Exceeds Expectations,False,97.2,5.1,44.1,72.4,80.8,34.9,3,83.8,7.0,True
10891,Aditya Mehta 10891,employee10891@examplecorp.com,6,Individual Contributor,Product Analyst,Product,Product Team B - M1,10114,Aditi Nair 10114,10001|10110|10111|10112|10114|10891,6,0,0,Delhi Office,08:30,17:30,Full-time,Active,2024-12-29,1.7,740000,61667,66.7,Developing,False,91.9,7.9,92.0,62.0,79.6,50.9,4,73.6,12.6,False
10892,Arjun Mehta 10892,employee10892@examplecorp.com,6,Individual Contributor,Product Manager,Product,Product Team C - M1,10115,Sana Nair 10115,10001|10110|10111|10112|10115|10892,6,0,0,Pune Office,09:00,19:00,Contract,Active,2015-05-24,11.3,850000,70833,67.0,Developing,False,94.4,3.9,67.7,79.1,59.3,24.0,4,74.6,7.0,False
10893,Rohan Mehta 10893,employee10893@examplecorp.com,6,Individual Contributor,Product Specialist,Product,Product Team A - M2,10117,Pooja Nair 10117,10001|10110|10111|10116|10117|10893,6,0,0,Delhi Office,09:00,19:00,Full-time,Active,2026-05-04,0.3,830000,69167,95.0,Outstanding,False,94.1,12.9,77.6,67.0,80.8,28.5,4,99.1,9.1,False
10894,Rahul Mehta 10894,employee10894@examplecorp.com,6,Individual Contributor,Product Manager,Product,Product Team B - M2,10118,Simran Nair 10118,10001|10110|10111|10116|10118|10894,6,0,0,Delhi Office,09:00,18:30,Contract,Probation,2017-06-07,9.2,770000,64167,86.6,Exceeds Expectations,False,95.7,8.8,31.5,73.9,98.6,28.7,2,88.6,7.0,True
10895,Karan Mehta 10895,employee10895@examplecorp.com,6,Individual Contributor,Product Analyst,Product,Product Team C - M2,10119,Diya Nair 10119,10001|10110|10111|10116|10119|10895,6,0,0,Pune Office,09:00,18:00,Full-time,Active,2016-05-01,10.3,1190000,99167,81.3,Exceeds Expectations,False,95.7,8.8,75.8,66.0,94.6,40.7,3,79.6,9.8,True
10896,Vikram Mehta 10896,employee10896@examplecorp.com,6,Individual Contributor,Product Analyst,Product,Product Team A - M3,10121,Aarav Mehta 10121,10001|10110|10111|10120|10121|10896,6,0,0,Mumbai Office,09:00,19:00,Contract,Active,2024-02-29,2.5,750000,62500,96.1,Outstanding,False,97.1,10.1,69.4,70.2,107.5,37.5,4,70.9,7.0,True
10897,Ananya Mehta 10897,employee10897@examplecorp.com,6,Individual Contributor,Product Manager,Product,Product Team B - M3,10122,Vivaan Mehta 10122,10001|10110|10111|10120|10122|10897,6,0,0,Hyderabad Office,10:00,18:00,Full-time,Active,2024-06-21,2.2,1160000,96667,81.3,Exceeds Expectations,False,94.8,7.9,32.2,79.0,83.7,23.5,5,76.4,7.0,True
10898,Isha Mehta 10898,employee10898@examplecorp.com,6,Individual Contributor,Product Specialist,Product,Product Team C - M3,10123,Aditya Mehta 10123,10001|10110|10111|10120|10123|10898,6,0,0,Pune Office,09:30,17:30,Full-time,Active,2019-04-20,7.4,1140000,95000,89.9,Outstanding,False,95.3,8.5,43.0,74.4,71.0,24.3,4,62.0,7.0,False
10899,Priya Mehta 10899,employee10899@examplecorp.com,6,Individual Contributor,Product Manager,Product,Product Team A - M4,10125,Rohan Mehta 10125,10001|10110|10111|10124|10125|10899,6,0,0,Delhi Office,09:30,19:00,Full-time,Active,2015-03-17,11.5,930000,77500,87.7,Exceeds Expectations,False,92.1,11.0,46.7,77.7,75.2,32.8,4,75.4,7.0,False
10900,Neha Mehta 10900,employee10900@examplecorp.com,6,Individual Contributor,Product Analyst,Product,Product Team B - M4,10126,Rahul Mehta 10126,10001|10110|10111|10124|10126|10900,6,0,0,Bengaluru Office,08:30,19:00,Full-time,Active,2015-08-22,11.0,1190000,99167,68.5,Developing,False,93.6,8.4,65.7,79.1,85.9,16.5,4,65.4,7.0,False
10901,Sneha Mehta 10901,employee10901@examplecorp.com,6,Individual Contributor,Product Analyst,Product,Product Team C - M4,10127,Karan Mehta 10127,10001|10110|10111|10124|10127|10901,6,0,0,Bengaluru Office,09:00,18:00,Full-time,Active,2025-07-09,1.1,790000,65833,90.3,Outstanding,False,97.3,5.7,65.9,82.5,86.7,17.4,5,76.8,7.0,False
10902,Kavya Mehta 10902,employee10902@examplecorp.com,6,Individual Contributor,Systems Administrator,IT,IT Team A - M1,10131,Priya Mehta 10131,10001|10128|10129|10130|10131|10902,6,0,0,Bengaluru Office,09:30,18:00,Contract,Active,2016-08-06,10.1,620000,51667,79.9,Exceeds Expectations,False,95.4,9.7,16.8,70.8,74.3,33.0,5,67.7,7.0,False
10903,Meera Mehta 10903,employee10903@examplecorp.com,6,Individual Contributor,IT Specialist,IT,IT Team B - M1,10132,Neha Mehta 10132,10001|10128|10129|10130|10132|10903,6,0,0,Delhi Office,08:30,19:00,Full-time,Active,2016-07-20,10.1,1020000,85000,85.7,Exceeds Expectations,False,93.9,2.8,6.4,72.9,86.6,47.2,5,77.0,7.0,True
10904,Nisha Mehta 10904,employee10904@examplecorp.com,6,Individual Contributor,IT Specialist,IT,IT Team C - M1,10133,Sneha Mehta 10133,10001|10128|10129|10130|10133|10904,6,0,0,Mumbai Office,10:00,18:00,Full-time,Active,2026-01-14,0.6,1040000,86667,88.6,Exceeds Expectations,False,93.6,1.8,0.0,75.2,87.9,26.2,5,83.7,7.0,False
10905,Riya Mehta 10905,employee10905@examplecorp.com,6,Individual Contributor,IT Support Engineer,IT,IT Team A - M2,10135,Meera Mehta 10135,10001|10128|10129|10134|10135|10905,6,0,0,Hyderabad Office,09:30,18:30,Full-time,Active,2020-12-17,5.7,970000,80833,70.4,Meets Expectations,False,94.5,7.1,39.0,76.5,67.8,17.9,4,73.3,7.0,False
10906,Aditi Mehta 10906,employee10906@examplecorp.com,6,Individual Contributor,IT Support Engineer,IT,IT Team B - M2,10136,Nisha Mehta 10136,10001|10128|10129|10134|10136|10906,6,0,0,Bengaluru Office,09:30,18:00,Full-time,Active,2015-12-08,10.7,950000,79167,99.0,Outstanding,False,97.1,5.0,21.5,91.1,98.2,25.8,5,72.7,7.0,True
10907,Sana Mehta 10907,employee10907@examplecorp.com,6,Individual Contributor,IT Support Engineer,IT,IT Team C - M2,10137,Riya Mehta 10137,10001|10128|10129|10134|10137|10907,6,0,0,Delhi Office,09:30,18:00,Full-time,Active,2017-08-14,9.0,890000,74167,74.2,Meets Expectations,False,93.7,2.2,36.1,81.6,72.2,32.0,3,62.6,7.0,False
10908,Tanya Mehta 10908,employee10908@examplecorp.com,6,Individual Contributor,Systems Administrator,IT,IT Team A - M3,10139,Sana Mehta 10139,10001|10128|10129|10138|10139|10908,6,0,0,Hyderabad Office,09:30,19:00,Contract,Active,2015-07-09,11.1,1010000,84167,82.1,Exceeds Expectations,False,93.4,10.5,67.8,77.9,62.6,37.9,6,77.9,7.0,False
10909,Pooja Mehta 10909,employee10909@examplecorp.com,6,Individual Contributor,IT Specialist,IT,IT Team B - M3,10140,Tanya Mehta 10140,10001|10128|10129|10138|10140|10909,6,0,0,Mumbai Office,09:00,19:00,Full-time,Active,2018-12-18,7.7,1110000,92500,97.8,Outstanding,False,93.5,9.8,64.7,77.4,90.3,33.7,6,68.9,7.0,True
10910,Simran Mehta 10910,employee10910@examplecorp.com,6,Individual Contributor,Systems Administrator,IT,IT Team C - M3,10141,Pooja Mehta 10141,10001|10128|10129|10138|10141|10910,6,0,0,Delhi Office,08:30,19:00,Full-time,Active,2017-04-26,9.3,500000,41667,82.8,Exceeds Expectations,False,92.6,0.0,45.8,68.0,85.5,40.8,5,67.6,8.4,True
10911,Diya Mehta 10911,employee10911@examplecorp.com,6,Individual Contributor,Systems Administrator,IT,IT Team A - M4,10143,Diya Mehta 10143,10001|10128|10129|10142|10143|10911,6,0,0,Mumbai Office,10:00,18:00,Full-time,Active,2023-10-28,2.8,1160000,96667,80.7,Exceeds Expectations,False,93.8,10.2,10.8,65.1,87.6,29.2,4,64.9,10.4,True
10912,Maya Mehta 10912,employee10912@examplecorp.com,6,Individual Contributor,IT Specialist,IT,IT Team B - M4,10144,Maya Mehta 10144,10001|10128|10129|10142|10144|10912,6,0,0,Hyderabad Office,10:00,17:30,Full-time,Active,2018-06-16,8.2,530000,44167,92.8,Outstanding,False,96.3,9.8,80.0,81.9,83.5,36.4,4,78.1,7.0,True
10913,Aarav Gupta 10913,employee10913@examplecorp.com,6,Individual Contributor,IT Specialist,IT,IT Team C - M4,10145,Aarav Gupta 10145,10001|10128|10129|10142|10145|10913,6,0,0,Hyderabad Office,09:00,19:00,Full-time,Active,2022-10-31,3.8,630000,52500,98.1,Outstanding,False,94.8,6.5,46.8,81.9,85.7,31.4,5,69.7,7.0,True
10914,Vivaan Gupta 10914,employee10914@examplecorp.com,6,Individual Contributor,Senior Software Engineer,Engineering,Engineering Team A - M1,10005,Rohan Sharma 10005,10001|10002|10003|10004|10005|10914,6,0,0,Bengaluru Office,10:00,17:30,Full-time,Active,2021-04-29,5.3,1180000,98333,89.1,Outstanding,False,94.9,12.7,96.6,94.0,84.9,18.5,4,75.5,7.0,True
10915,Aditya Gupta 10915,employee10915@examplecorp.com,6,Individual Contributor,Tech Lead,Engineering,Engineering Team B - M1,10006,Rahul Sharma 10006,10001|10002|10003|10004|10006|10915,6,0,0,Hyderabad Office,10:00,18:00,Full-time,Probation,2016-12-20,9.7,1140000,95000,72.0,Meets Expectations,False,95.3,7.5,55.8,76.0,80.5,27.2,3,78.7,7.0,False
10916,Arjun Gupta 10916,employee10916@examplecorp.com,6,Individual Contributor,Tech Lead,Engineering,Engineering Team C - M1,10007,Karan Sharma 10007,10001|10002|10003|10004|10007|10916,6,0,0,Bengaluru Office,09:00,19:00,Full-time,Active,2015-09-28,10.9,1180000,98333,83.2,Exceeds Expectations,False,95.0,4.5,43.1,83.7,80.8,32.6,5,78.3,7.0,True
10917,Rohan Gupta 10917,employee10917@examplecorp.com,6,Individual Contributor,Senior Software Engineer,Engineering,Engineering Team A - M2,10009,Ananya Sharma 10009,10001|10002|10003|10008|10009|10917,6,0,0,Delhi Office,09:00,18:30,Contract,Active,2024-12-20,1.7,790000,65833,87.3,Exceeds Expectations,False,94.6,10.4,55.0,68.4,81.4,53.6,4,71.2,8.1,False
10918,Rahul Gupta 10918,employee10918@examplecorp.com,6,Individual Contributor,Software Engineer,Engineering,Engineering Team B - M2,10010,Isha Sharma 10010,10001|10002|10003|10008|10010|10918,6,0,0,Pune Office,09:00,18:00,Contract,Active,2015-12-11,10.7,1030000,85833,86.6,Exceeds Expectations,False,95.1,5.8,95.0,63.9,92.0,26.5,5,70.3,11.3,True
10919,Karan Gupta 10919,employee10919@examplecorp.com,6,Individual Contributor,Senior Software Engineer,Engineering,Engineering Team C - M2,10011,Priya Sharma 10011,10001|10002|10003|10008|10011|10919,6,0,0,Bengaluru Office,09:30,17:30,Full-time,Active,2021-12-06,4.7,680000,56667,80.4,Exceeds Expectations,False,95.0,13.4,74.8,61.3,72.3,40.9,5,72.0,13.1,False
10920,Vikram Gupta 10920,employee10920@examplecorp.com,6,Individual Contributor,Tech Lead,Engineering,Engineering Team A - M3,10013,Sneha Sharma 10013,10001|10002|10003|10012|10013|10920,6,0,0,Mumbai Office,08:30,18:00,Full-time,Active,2016-12-13,9.7,880000,73333,92.0,Outstanding,False,92.9,9.1,10.9,65.0,67.7,53.8,5,83.1,10.5,False
10921,Ananya Gupta 10921,employee10921@examplecorp.com,6,Individual Contributor,Tech Lead,Engineering,Engineering Team B - M3,10014,Kavya Sharma 10014,10001|10002|10003|10012|10014|10921,6,0,0,Hyderabad Office,10:00,18:30,Full-time,Active,2020-11-10,5.8,910000,75833,75.9,Meets Expectations,False,94.2,10.3,33.0,69.9,98.2,32.7,3,76.1,7.1,False
10922,Isha Gupta 10922,employee10922@examplecorp.com,6,Individual Contributor,Software Engineer,Engineering,Engineering Team C - M3,10015,Meera Sharma 10015,10001|10002|10003|10012|10015|10922,6,0,0,Delhi Office,09:30,18:30,Contract,Active,2025-07-20,1.1,1120000,93333,63.0,Developing,False,95.5,6.9,64.8,76.2,70.7,31.9,4,64.7,7.8,False
10923,Priya Gupta 10923,employee10923@examplecorp.com,6,Individual Contributor,Senior Software Engineer,Engineering,Engineering Team A - M4,10017,Riya Sharma 10017,10001|10002|10003|10016|10017|10923,6,0,0,Pune Office,09:00,17:30,Full-time,Probation,2016-08-14,10.0,950000,79167,82.2,Exceeds Expectations,False,97.4,6.7,19.9,77.4,93.6,25.1,4,66.3,7.0,True
10924,Neha Gupta 10924,employee10924@examplecorp.com,6,Individual Contributor,Software Engineer,Engineering,Engineering Team B - M4,10018,Aditi Sharma 10018,10001|10002|10003|10016|10018|10924,6,0,0,Bengaluru Office,09:30,18:00,Contract,Active,2022-12-21,3.7,460000,38333,73.8,Meets Expectations,False,94.2,4.2,29.8,69.3,60.7,34.0,5,80.2,7.5,False
10925,Sneha Gupta 10925,employee10925@examplecorp.com,6,Individual Contributor,Tech Lead,Engineering,Engineering Team C - M4,10019,Sana Sharma 10019,10001|10002|10003|10016|10019|10925,6,0,0,Bengaluru Office,08:30,18:30,Full-time,Active,2024-01-05,2.7,510000,42500,81.3,Exceeds Expectations,False,94.8,5.1,41.0,79.4,88.0,40.6,2,86.7,7.0,True
10926,Kavya Gupta 10926,employee10926@examplecorp.com,6,Individual Contributor,Sales Executive,Sales,Sales Team A - M1,10023,Diya Sharma 10023,10001|10020|10021|10022|10023|10926,6,0,0,Mumbai Office,10:00,18:30,Full-time,Active,2022-02-13,4.5,1150000,95833,78.4,Meets Expectations,False,94.7,9.0,39.7,72.4,83.3,4.0,6,74.6,7.0,False
10927,Meera Gupta 10927,employee10927@examplecorp.com,6,Individual Contributor,Senior Sales Executive,Sales,Sales Team B - M1,10024,Maya Sharma 10024,10001|10020|10021|10022|10024|10927,6,0,0,Hyderabad Office,09:30,19:00,Contract,Active,2021-06-13,5.2,750000,62500,78.1,Meets Expectations,False,94.2,5.6,48.8,77.7,85.6,34.3,4,68.7,7.0,False
10928,Nisha Gupta 10928,employee10928@examplecorp.com,6,Individual Contributor,Senior Sales Executive,Sales,Sales Team C - M1,10025,Aarav Patel 10025,10001|10020|10021|10022|10025|10928,6,0,0,Bengaluru Office,09:30,17:30,Contract,Active,2024-04-25,2.4,460000,38333,83.1,Exceeds Expectations,False,94.3,16.4,29.2,80.0,81.4,33.9,4,81.2,7.0,True
10929,Riya Gupta 10929,employee10929@examplecorp.com,6,Individual Contributor,Account Executive,Sales,Sales Team A - M2,10027,Aditya Patel 10027,10001|10020|10021|10026|10027|10929,6,0,0,Pune Office,10:00,19:00,Full-time,Active,2024-07-12,2.1,740000,61667,93.5,Outstanding,False,96.2,14.9,28.8,67.8,105.1,28.6,3,67.5,8.5,True
10930,Aditi Gupta 10930,employee10930@examplecorp.com,6,Individual Contributor,Senior Sales Executive,Sales,Sales Team B - M2,10028,Arjun Patel 10028,10001|10020|10021|10026|10028|10930,6,0,0,Mumbai Office,10:00,18:00,Full-time,Active,2026-04-18,0.4,740000,61667,75.8,Meets Expectations,False,92.1,2.8,30.7,65.9,64.3,39.3,5,74.0,9.9,False
10931,Sana Gupta 10931,employee10931@examplecorp.com,6,Individual Contributor,Senior Sales Executive,Sales,Sales Team C - M2,10029,Rohan Patel 10029,10001|10020|10021|10026|10029|10931,6,0,0,Bengaluru Office,09:30,18:00,Full-time,On Leave,2019-06-30,7.2,940000,78333,74.5,Meets Expectations,False,93.5,8.2,45.0,72.8,77.0,12.7,4,71.8,7.0,False
10932,Tanya Gupta 10932,employee10932@examplecorp.com,6,Individual Contributor,Account Executive,Sales,Sales Team A - M3,10031,Karan Patel 10031,10001|10020|10021|10030|10031|10932,6,0,0,Chennai Office,09:30,17:30,Contract,Active,2018-01-20,8.6,920000,76667,79.9,Exceeds Expectations,False,94.6,8.5,74.4,71.7,89.8,38.9,6,60.4,7.0,False
10933,Pooja Gupta 10933,employee10933@examplecorp.com,6,Individual Contributor,Account Executive,Sales,Sales Team B - M3,10032,Vikram Patel 10032,10001|10020|10021|10030|10032|10933,6,0,0,Delhi Office,10:00,19:00,Full-time,Active,2024-06-14,2.2,1090000,90833,72.0,Meets Expectations,False,91.3,8.8,60.3,59.1,63.1,17.7,5,80.4,14.6,False
10934,Simran Gupta 10934,employee10934@examplecorp.com,6,Individual Contributor,Sales Executive,Sales,Sales Team C - M3,10033,Ananya Patel 10033,10001|10020|10021|10030|10033|10934,6,0,0,Bengaluru Office,08:30,19:00,Full-time,Active,2022-10-05,3.9,710000,59167,72.4,Meets Expectations,False,92.8,18.1,0.0,65.3,75.0,32.5,5,69.2,10.3,False
10935,Diya Gupta 10935,employee10935@examplecorp.com,6,Individual Contributor,Sales Executive,Sales,Sales Team A - M4,10035,Priya Patel 10035,10001|10020|10021|10034|10035|10935,6,0,0,Mumbai Office,09:00,18:30,Full-time,Active,2024-12-31,1.7,640000,53333,64.2,Developing,False,90.2,5.8,81.7,71.3,71.7,24.9,5,71.4,7.3,False
10936,Maya Gupta 10936,employee10936@examplecorp.com,6,Individual Contributor,Sales Executive,Sales,Sales Team B - M4,10036,Neha Patel 10036,10001|10020|10021|10034|10036|10936,6,0,0,Mumbai Office,09:00,18:30,Full-time,Active,2025-03-07,1.5,710000,59167,93.8,Outstanding,False,97.1,0.5,66.7,82.3,86.6,32.3,5,72.7,7.0,False
10937,Aarav Verma 10937,employee10937@examplecorp.com,6,Individual Contributor,Account Executive,Sales,Sales Team C - M4,10037,Sneha Patel 10037,10001|10020|10021|10034|10037|10937,6,0,0,Pune Office,09:30,18:00,Full-time,Active,2019-08-11,7.1,1070000,89167,74.8,Meets Expectations,False,93.6,1.3,64.4,73.8,63.3,28.6,5,82.9,7.0,False
10938,Vivaan Verma 10938,employee10938@examplecorp.com,6,Individual Contributor,Marketing Analyst,Marketing,Marketing Team A - M1,10041,Riya Patel 10041,10001|10038|10039|10040|10041|10938,6,0,0,Chennai Office,08:30,18:00,Full-time,Active,2019-12-25,6.7,660000,55000,78.3,Meets Expectations,False,92.8,6.4,10.1,71.0,98.0,26.6,4,76.2,7.0,False
10939,Aditya Verma 10939,employee10939@examplecorp.com,6,Individual Contributor,Marketing Specialist,Marketing,Marketing Team B - M1,10042,Aditi Patel 10042,10001|10038|10039|10040|10042|10939,6,0,0,Delhi Office,09:30,18:30,Contract,Active,2021-02-10,5.6,860000,71667,79.6,Exceeds Expectations,False,96.2,9.3,60.3,81.8,97.1,26.2,2,65.9,7.0,False
10940,Arjun Verma 10940,employee10940@examplecorp.com,6,Individual Contributor,Marketing Analyst,Marketing,Marketing Team C - M1,10043,Sana Patel 10043,10001|10038|10039|10040|10043|10940,6,0,0,Mumbai Office,09:00,18:30,Contract,Active,2026-01-04,0.7,490000,40833,81.9,Exceeds Expectations,False,93.5,6.4,77.8,69.6,88.9,22.9,4,79.0,7.3,False
10941,Rohan Verma 10941,employee10941@examplecorp.com,6,Individual Contributor,Marketing Executive,Marketing,Marketing Team A - M2,10045,Pooja Patel 10045,10001|10038|10039|10044|10045|10941,6,0,0,Bengaluru Office,09:30,17:30,Full-time,Active,2022-06-06,4.2,850000,70833,81.8,Exceeds Expectations,False,92.9,10.2,112.3,77.3,89.4,15.4,3,69.9,8.2,True
10942,Rahul Verma 10942,employee10942@examplecorp.com,6,Individual Contributor,Marketing Analyst,Marketing,Marketing Team B - M2,10046,Simran Patel 10046,10001|10038|10039|10044|10046|10942,6,0,0,Mumbai Office,09:00,19:00,Full-time,Active,2017-06-28,9.2,930000,77500,87.5,Exceeds Expectations,False,93.0,10.6,44.6,74.6,90.5,28.2,5,72.9,7.0,True
10943,Karan Verma 10943,employee10943@examplecorp.com,6,Individual Contributor,Marketing Specialist,Marketing,Marketing Team C - M2,10047,Diya Patel 10047,10001|10038|10039|10044|10047|10943,6,0,0,Mumbai Office,08:30,17:30,Full-time,Active,2019-11-07,6.8,690000,57500,85.5,Exceeds Expectations,False,92.0,0.0,41.1,75.4,84.6,40.7,6,87.7,7.0,True
10944,Vikram Verma 10944,employee10944@examplecorp.com,6,Individual Contributor,Marketing Specialist,Marketing,Marketing Team A - M3,10049,Aarav Reddy 10049,10001|10038|10039|10048|10049|10944,6,0,0,Pune Office,09:30,17:30,Full-time,Active,2021-10-16,4.9,1200000,100000,85.4,Exceeds Expectations,False,95.2,3.8,76.6,85.0,83.5,32.5,5,78.8,7.0,True
10945,Ananya Verma 10945,employee10945@examplecorp.com,6,Individual Contributor,Marketing Analyst,Marketing,Marketing Team B - M3,10050,Vivaan Reddy 10050,10001|10038|10039|10048|10050|10945,6,0,0,Bengaluru Office,10:00,17:30,Full-time,Active,2021-11-14,4.8,870000,72500,73.6,Meets Expectations,False,93.7,7.3,76.4,68.8,93.7,24.2,4,77.1,7.8,False
10946,Isha Verma 10946,employee10946@examplecorp.com,6,Individual Contributor,Marketing Executive,Marketing,Marketing Team C - M3,10051,Aditya Reddy 10051,10001|10038|10039|10048|10051|10946,6,0,0,Bengaluru Office,08:30,19:00,Full-time,Active,2025-01-25,1.6,700000,58333,95.6,Outstanding,False,100.0,4.9,0.0,90.2,79.4,28.8,5,73.6,7.0,False
10947,Priya Verma 10947,employee10947@examplecorp.com,6,Individual Contributor,Marketing Specialist,Marketing,Marketing Team A - M4,10053,Rohan Reddy 10053,10001|10038|10039|10052|10053|10947,6,0,0,Mumbai Office,09:30,17:30,Full-time,Active,2017-07-27,9.1,1150000,95833,87.6,Exceeds Expectations,False,92.5,10.1,72.0,83.9,88.4,19.7,4,92.9,7.0,True
10948,Neha Verma 10948,employee10948@examplecorp.com,6,Individual Contributor,Marketing Specialist,Marketing,Marketing Team B - M4,10054,Rahul Reddy 10054,10001|10038|10039|10052|10054|10948,6,0,0,Chennai Office,09:30,17:30,Full-time,Active,2020-10-16,5.9,940000,78333,76.7,Meets Expectations,False,95.6,13.2,17.5,61.8,78.2,22.6,3,77.3,12.7,False
10949,Sneha Verma 10949,employee10949@examplecorp.com,6,Individual Contributor,Marketing Analyst,Marketing,Marketing Team C - M4,10055,Karan Reddy 10055,10001|10038|10039|10052|10055|10949,6,0,0,Mumbai Office,09:30,17:30,Full-time,Active,2025-02-11,1.6,950000,79167,88.3,Exceeds Expectations,False,95.2,8.2,34.4,80.1,82.3,18.3,5,67.3,7.0,False
10950,Kavya Verma 10950,employee10950@examplecorp.com,6,Individual Contributor,Financial Analyst,Finance,Finance Team A - M1,10059,Priya Reddy 10059,10001|10056|10057|10058|10059|10950,6,0,0,Chennai Office,08:30,18:00,Full-time,Active,2019-09-25,6.9,1130000,94167,82.0,Exceeds Expectations,False,95.4,9.9,0.6,73.8,83.1,21.9,6,72.6,7.0,True
10951,Meera Verma 10951,employee10951@examplecorp.com,6,Individual Contributor,Finance Analyst,Finance,Finance Team B - M1,10060,Neha Reddy 10060,10001|10056|10057|10058|10060|10951,6,0,0,Hyderabad Office,09:00,18:00,Full-time,Active,2022-11-24,3.8,720000,60000,78.5,Meets Expectations,False,95.2,6.9,58.5,68.3,84.3,4.9,3,65.2,8.2,False
10952,Nisha Verma 10952,employee10952@examplecorp.com,6,Individual Contributor,Senior Financial Analyst,Finance,Finance Team C - M1,10061,Sneha Reddy 10061,10001|10056|10057|10058|10061|10952,6,0,0,Hyderabad Office,09:00,18:00,Full-time,Active,2025-09-10,1.0,1180000,98333,75.9,Meets Expectations,False,91.7,1.9,37.0,67.4,78.7,19.6,5,79.5,8.8,False
10953,Riya Verma 10953,employee10953@examplecorp.com,6,Individual Contributor,Senior Financial Analyst,Finance,Finance Team A - M2,10063,Meera Reddy 10063,10001|10056|10057|10062|10063|10953,6,0,0,Mumbai Office,08:30,19:00,Full-time,Active,2015-09-17,11.0,770000,64167,85.6,Exceeds Expectations,False,98.2,11.1,83.1,80.0,84.5,17.2,6,70.0,7.0,True
10954,Aditi Verma 10954,employee10954@examplecorp.com,6,Individual Contributor,Senior Financial Analyst,Finance,Finance Team B - M2,10064,Nisha Reddy 10064,10001|10056|10057|10062|10064|10954,6,0,0,Bengaluru Office,09:00,18:30,Contract,Active,2021-06-30,5.2,1090000,90833,78.3,Meets Expectations,False,94.1,6.6,17.3,77.1,81.0,28.3,4,72.6,7.0,False
10955,Sana Verma 10955,employee10955@examplecorp.com,6,Individual Contributor,Finance Analyst,Finance,Finance Team C - M2,10065,Riya Reddy 10065,10001|10056|10057|10062|10065|10955,6,0,0,Chennai Office,10:00,18:30,Full-time,Active,2025-05-17,1.3,1000000,83333,84.1,Exceeds Expectations,False,95.0,10.4,62.5,77.5,70.6,20.9,5,59.9,7.0,False
10956,Tanya Verma 10956,employee10956@examplecorp.com,6,Individual Contributor,Senior Financial Analyst,Finance,Finance Team A - M3,10067,Sana Reddy 10067,10001|10056|10057|10066|10067|10956,6,0,0,Pune Office,08:30,17:30,Full-time,Active,2020-03-29,6.4,710000,59167,60.0,Developing,False,91.9,11.0,37.7,78.8,62.0,27.3,4,63.9,9.0,False
10957,Pooja Verma 10957,employee10957@examplecorp.com,6,Individual Contributor,Finance Analyst,Finance,Finance Team B - M3,10068,Tanya Reddy 10068,10001|10056|10057|10066|10068|10957,6,0,0,Chennai Office,09:00,19:00,Full-time,Active,2023-09-12,3.0,1030000,85833,78.9,Meets Expectations,False,96.2,12.4,93.5,78.6,73.8,46.0,3,71.5,7.0,False
10958,Simran Verma 10958,employee10958@examplecorp.com,6,Individual Contributor,Senior Financial Analyst,Finance,Finance Team C - M3,10069,Pooja Reddy 10069,10001|10056|10057|10066|10069|10958,6,0,0,Bengaluru Office,10:00,17:30,Contract,Active,2020-07-09,6.1,870000,72500,74.9,Meets Expectations,False,92.4,10.3,81.5,70.4,78.1,42.8,5,70.8,7.0,False
10959,Diya Verma 10959,employee10959@examplecorp.com,6,Individual Contributor,Finance Analyst,Finance,Finance Team A - M4,10071,Diya Reddy 10071,10001|10056|10057|10070|10071|10959,6,0,0,Hyderabad Office,08:30,18:00,Contract,Active,2018-06-24,8.2,490000,40833,83.4,Exceeds Expectations,False,93.0,7.9,70.1,78.4,95.0,28.6,3,85.8,7.0,True
10960,Maya Verma 10960,employee10960@examplecorp.com,6,Individual Contributor,Finance Analyst,Finance,Finance Team B - M4,10072,Maya Reddy 10072,10001|10056|10057|10070|10072|10960,6,0,0,Chennai Office,09:00,17:30,Full-time,Active,2022-02-13,4.5,560000,46667,92.0,Outstanding,False,94.9,8.6,31.5,80.4,83.1,33.2,5,83.4,7.0,True
10961,Aarav Kapoor 10961,employee10961@examplecorp.com,6,Individual Contributor,Finance Analyst,Finance,Finance Team C - M4,10073,Aarav Iyer 10073,10001|10056|10057|10070|10073|10961,6,0,0,Pune Office,09:00,18:30,Full-time,Active,2020-11-19,5.8,1050000,87500,87.2,Exceeds Expectations,False,95.4,10.9,50.4,82.7,81.5,31.0,3,75.8,7.0,True
10962,Vivaan Kapoor 10962,employee10962@examplecorp.com,6,Individual Contributor,HR Analyst,Human Resources,Human Resources Team A - M1,10077,Rohan Iyer 10077,10001|10074|10075|10076|10077|10962,6,0,0,Pune Office,08:30,17:30,Contract,Active,2020-10-30,5.8,620000,51667,70.4,Meets Expectations,False,95.7,3.1,53.8,71.1,66.6,38.1,3,88.5,7.0,False
10963,Aditya Kapoor 10963,employee10963@examplecorp.com,6,Individual Contributor,HR Executive,Human Resources,Human Resources Team B - M1,10078,Rahul Iyer 10078,10001|10074|10075|10076|10078|10963,6,0,0,Chennai Office,09:30,19:00,Full-time,Active,2016-05-02,10.3,620000,51667,76.2,Meets Expectations,False,97.2,0.9,38.6,72.9,78.9,32.7,2,72.9,7.0,False
10964,Arjun Kapoor 10964,employee10964@examplecorp.com,6,Individual Contributor,HR Analyst,Human Resources,Human Resources Team C - M1,10079,Karan Iyer 10079,10001|10074|10075|10076|10079|10964,6,0,0,Chennai Office,10:00,19:00,Full-time,Active,2024-05-02,2.3,760000,63333,87.5,Exceeds Expectations,False,95.4,8.6,56.9,80.3,86.8,26.1,3,69.2,7.0,True
10965,Rohan Kapoor 10965,employee10965@examplecorp.com,6,Individual Contributor,HR Executive,Human Resources,Human Resources Team A - M2,10081,Ananya Iyer 10081,10001|10074|10075|10080|10081|10965,6,0,0,Delhi Office,09:00,19:00,Full-time,Active,2018-09-13,8.0,900000,75000,80.8,Exceeds Expectations,False,94.9,8.3,25.4,62.2,80.5,20.0,5,71.4,12.5,True
10966,Rahul Kapoor 10966,employee10966@examplecorp.com,6,Individual Contributor,HR Specialist,Human Resources,Human Resources Team B - M2,10082,Isha Iyer 10082,10001|10074|10075|10080|10082|10966,6,0,0,Pune Office,08:30,19:00,Full-time,Active,2023-07-02,3.2,900000,75000,74.8,Meets Expectations,False,95.1,7.8,35.0,75.3,71.8,23.2,3,74.4,7.0,False
10967,Karan Kapoor 10967,employee10967@examplecorp.com,6,Individual Contributor,HR Analyst,Human Resources,Human Resources Team C - M2,10083,Priya Iyer 10083,10001|10074|10075|10080|10083|10967,6,0,0,Chennai Office,08:30,19:00,Full-time,Active,2021-12-25,4.7,1130000,94167,83.0,Exceeds Expectations,False,96.1,7.2,21.9,73.9,75.7,37.8,4,80.6,7.0,False
10968,Vikram Kapoor 10968,employee10968@examplecorp.com,6,Individual Contributor,HR Analyst,Human Resources,Human Resources Team A - M3,10085,Sneha Iyer 10085,10001|10074|10075|10084|10085|10968,6,0,0,Mumbai Office,10:00,19:00,Full-time,Active,2025-04-07,1.4,930000,77500,70.3,Meets Expectations,False,92.7,12.9,0.0,77.2,83.7,46.5,5,69.1,7.0,False
10969,Ananya Kapoor 10969,employee10969@examplecorp.com,6,Individual Contributor,HR Analyst,Human Resources,Human Resources Team B - M3,10086,Kavya Iyer 10086,10001|10074|10075|10084|10086|10969,6,0,0,Pune Office,10:00,17:30,Full-time,Active,2024-02-21,2.5,820000,68333,76.3,Meets Expectations,False,92.5,13.5,28.8,75.6,80.6,26.8,5,80.5,7.0,False
10970,Isha Kapoor 10970,employee10970@examplecorp.com,6,Individual Contributor,HR Analyst,Human Resources,Human Resources Team C - M3,10087,Meera Iyer 10087,10001|10074|10075|10084|10087|10970,6,0,0,Mumbai Office,09:00,19:00,Full-time,Active,2026-01-21,0.6,700000,58333,57.6,Needs Improvement,True,90.1,8.1,10.6,70.1,72.3,32.4,4,73.3,10.0,False
10971,Priya Kapoor 10971,employee10971@examplecorp.com,6,Individual Contributor,HR Analyst,Human Resources,Human Resources Team A - M4,10089,Riya Iyer 10089,10001|10074|10075|10088|10089|10971,6,0,0,Pune Office,09:00,17:30,Contract,Active,2020-06-08,6.2,690000,57500,95.9,Outstanding,False,94.8,12.3,41.8,72.7,85.9,36.7,3,85.5,7.0,True
10972,Neha Kapoor 10972,employee10972@examplecorp.com,6,Individual Contributor,HR Analyst,Human Resources,Human Resources Team B - M4,10090,Aditi Iyer 10090,10001|10074|10075|10088|10090|10972,6,0,0,Pune Office,10:00,19:00,Full-time,Active,2023-11-17,2.8,930000,77500,79.9,Exceeds Expectations,False,96.5,6.4,46.9,80.4,83.6,40.4,5,71.7,7.0,False
10973,Sneha Kapoor 10973,employee10973@examplecorp.com,6,Individual Contributor,HR Specialist,Human Resources,Human Resources Team C - M4,10091,Sana Iyer 10091,10001|10074|10075|10088|10091|10973,6,0,0,Pune Office,10:00,18:00,Full-time,Active,2016-01-03,10.7,840000,70000,78.9,Meets Expectations,False,95.1,0.0,32.2,70.9,76.1,35.9,3,63.9,7.0,False
10974,Kavya Kapoor 10974,employee10974@examplecorp.com,6,Individual Contributor,Operations Analyst,Operations,Operations Team A - M1,10095,Diya Iyer 10095,10001|10092|10093|10094|10095|10974,6,0,0,Hyderabad Office,08:30,18:00,Full-time,Active,2020-04-27,6.3,450000,37500,61.9,Developing,False,94.2,7.4,63.4,80.3,58.4,26.0,4,67.1,8.2,False
10975,Meera Kapoor 10975,employee10975@examplecorp.com,6,Individual Contributor,Operations Specialist,Operations,Operations Team B - M1,10096,Maya Iyer 10096,10001|10092|10093|10094|10096|10975,6,0,0,Hyderabad Office,09:00,17:30,Full-time,Active,2016-03-06,10.5,860000,71667,91.9,Outstanding,False,96.0,13.4,122.3,64.5,81.4,31.9,5,88.6,13.1,True
10976,Nisha Kapoor 10976,employee10976@examplecorp.com,6,Individual Contributor,Operations Specialist,Operations,Operations Team C - M1,10097,Aarav Nair 10097,10001|10092|10093|10094|10097|10976,6,0,0,Hyderabad Office,09:00,19:00,Full-time,Active,2023-05-29,3.3,870000,72500,86.6,Exceeds Expectations,False,93.9,4.5,75.5,70.6,69.9,37.8,4,83.8,7.0,False
10977,Riya Kapoor 10977,employee10977@examplecorp.com,6,Individual Contributor,Operations Executive,Operations,Operations Team A - M2,10099,Aditya Nair 10099,10001|10092|10093|10098|10099|10977,6,0,0,Bengaluru Office,09:30,18:00,Full-time,Active,2020-09-01,6.0,580000,48333,81.7,Exceeds Expectations,False,95.8,6.7,65.9,76.2,88.7,16.0,5,76.7,7.0,True
10978,Aditi Kapoor 10978,employee10978@examplecorp.com,6,Individual Contributor,Operations Specialist,Operations,Operations Team B - M2,10100,Arjun Nair 10100,10001|10092|10093|10098|10100|10978,6,0,0,Hyderabad Office,10:00,18:00,Full-time,Active,2022-05-22,4.3,940000,78333,76.5,Meets Expectations,False,94.0,9.3,0.0,77.1,85.0,23.0,5,88.9,7.0,False
10979,Sana Kapoor 10979,employee10979@examplecorp.com,6,Individual Contributor,Operations Executive,Operations,Operations Team C - M2,10101,Rohan Nair 10101,10001|10092|10093|10098|10101|10979,6,0,0,Bengaluru Office,08:30,19:00,Full-time,Active,2026-02-25,0.5,850000,70833,70.6,Meets Expectations,False,93.8,13.1,25.0,76.2,74.4,34.2,4,72.1,7.0,False
10980,Tanya Kapoor 10980,employee10980@examplecorp.com,6,Individual Contributor,Operations Analyst,Operations,Operations Team A - M3,10103,Karan Nair 10103,10001|10092|10093|10102|10103|10980,6,0,0,Chennai Office,09:00,18:00,Full-time,Active,2025-11-14,0.8,760000,63333,71.8,Meets Expectations,False,95.2,8.6,44.3,65.0,81.6,7.0,6,73.9,10.5,False
10981,Pooja Kapoor 10981,employee10981@examplecorp.com,6,Individual Contributor,Operations Executive,Operations,Operations Team B - M3,10104,Vikram Nair 10104,10001|10092|10093|10102|10104|10981,6,0,0,Hyderabad Office,09:00,18:00,Full-time,Active,2021-05-17,5.3,960000,80000,83.9,Exceeds Expectations,False,94.7,10.2,93.6,72.0,80.8,54.8,6,76.4,7.0,True
10982,Simran Kapoor 10982,employee10982@examplecorp.com,6,Individual Contributor,Operations Specialist,Operations,Operations Team C - M3,10105,Ananya Nair 10105,10001|10092|10093|10102|10105|10982,6,0,0,Pune Office,09:30,18:00,Full-time,Active,2024-03-21,2.4,520000,43333,63.7,Developing,False,94.4,10.3,43.0,70.0,69.3,22.7,4,75.8,7.5,False
10983,Diya Kapoor 10983,employee10983@examplecorp.com,6,Individual Contributor,Operations Executive,Operations,Operations Team A - M4,10107,Priya Nair 10107,10001|10092|10093|10106|10107|10983,6,0,0,Delhi Office,08:30,18:00,Full-time,Active,2025-05-10,1.3,1100000,91667,69.7,Meets Expectations,False,94.5,9.1,48.9,69.5,68.6,15.6,4,79.4,7.4,False
10984,Maya Kapoor 10984,employee10984@examplecorp.com,6,Individual Contributor,Operations Analyst,Operations,Operations Team B - M4,10108,Neha Nair 10108,10001|10092|10093|10106|10108|10984,6,0,0,Delhi Office,09:30,18:00,Contract,Active,2021-11-11,4.8,740000,61667,92.9,Outstanding,False,98.5,13.0,57.9,80.7,77.5,5.3,4,76.1,7.0,False
10985,Aarav Singh 10985,employee10985@examplecorp.com,6,Individual Contributor,Operations Analyst,Operations,Operations Team C - M4,10109,Sneha Nair 10109,10001|10092|10093|10106|10109|10985,6,0,0,Chennai Office,09:30,18:30,Full-time,Active,2024-11-09,1.8,1050000,87500,79.9,Exceeds Expectations,False,94.3,4.2,7.3,85.9,77.7,19.9,5,78.9,7.0,False
10986,Vivaan Singh 10986,employee10986@examplecorp.com,6,Individual Contributor,Product Specialist,Product,Product Team A - M1,10113,Riya Nair 10113,10001|10110|10111|10112|10113|10986,6,0,0,Bengaluru Office,08:30,18:00,Contract,Active,2018-05-16,8.3,560000,46667,78.4,Meets Expectations,False,94.8,3.2,84.0,85.0,78.2,19.2,3,66.0,7.0,False
10987,Aditya Singh 10987,employee10987@examplecorp.com,6,Individual Contributor,Product Manager,Product,Product Team B - M1,10114,Aditi Nair 10114,10001|10110|10111|10112|10114|10987,6,0,0,Mumbai Office,08:30,18:30,Full-time,Active,2023-12-20,2.7,1110000,92500,81.2,Exceeds Expectations,False,92.2,7.8,32.9,71.3,89.3,22.6,4,75.9,7.0,True
10988,Arjun Singh 10988,employee10988@examplecorp.com,6,Individual Contributor,Product Analyst,Product,Product Team C - M1,10115,Sana Nair 10115,10001|10110|10111|10112|10115|10988,6,0,0,Bengaluru Office,08:30,19:00,Full-time,Active,2022-11-15,3.8,890000,74167,74.0,Meets Expectations,False,92.2,11.8,40.1,94.0,84.5,27.5,5,59.3,7.0,False
10989,Rohan Singh 10989,employee10989@examplecorp.com,6,Individual Contributor,Product Analyst,Product,Product Team A - M2,10117,Pooja Nair 10117,10001|10110|10111|10116|10117|10989,6,0,0,Chennai Office,09:30,17:30,Full-time,Active,2024-12-01,1.7,930000,77500,70.1,Meets Expectations,False,90.5,10.3,49.5,66.0,89.2,17.0,5,63.1,9.8,False
10990,Rahul Singh 10990,employee10990@examplecorp.com,6,Individual Contributor,Product Specialist,Product,Product Team B - M2,10118,Simran Nair 10118,10001|10110|10111|10116|10118|10990,6,0,0,Pune Office,09:30,19:00,Full-time,Active,2026-01-03,0.7,930000,77500,79.5,Exceeds Expectations,False,95.6,8.5,95.2,74.9,76.1,58.0,6,74.8,7.0,False
10991,Karan Singh 10991,employee10991@examplecorp.com,6,Individual Contributor,Product Manager,Product,Product Team C - M2,10119,Diya Nair 10119,10001|10110|10111|10116|10119|10991,6,0,0,Mumbai Office,09:00,18:00,Contract,Active,2018-03-17,8.5,1200000,100000,99.0,Outstanding,False,94.3,3.4,19.7,78.0,107.5,15.4,4,75.5,7.0,True
10992,Vikram Singh 10992,employee10992@examplecorp.com,6,Individual Contributor,Product Manager,Product,Product Team A - M3,10121,Aarav Mehta 10121,10001|10110|10111|10120|10121|10992,6,0,0,Delhi Office,08:30,18:30,Full-time,Active,2024-10-09,1.9,1130000,94167,99.0,Outstanding,False,95.6,4.0,49.0,87.4,85.1,32.2,7,68.5,7.0,False
10993,Ananya Singh 10993,employee10993@examplecorp.com,6,Individual Contributor,Product Analyst,Product,Product Team B - M3,10122,Vivaan Mehta 10122,10001|10110|10111|10120|10122|10993,6,0,0,Mumbai Office,10:00,18:00,Contract,Active,2016-04-18,10.4,890000,74167,74.8,Meets Expectations,False,95.3,7.1,49.5,73.4,86.8,33.0,4,78.3,7.0,False
10994,Isha Singh 10994,employee10994@examplecorp.com,6,Individual Contributor,Product Manager,Product,Product Team C - M3,10123,Aditya Mehta 10123,10001|10110|10111|10120|10123|10994,6,0,0,Chennai Office,09:30,17:30,Contract,Active,2017-03-10,9.5,970000,80833,83.5,Exceeds Expectations,False,92.9,8.8,15.6,72.6,92.5,26.6,3,71.3,7.0,True
10995,Priya Singh 10995,employee10995@examplecorp.com,6,Individual Contributor,Product Analyst,Product,Product Team A - M4,10125,Rohan Mehta 10125,10001|10110|10111|10124|10125|10995,6,0,0,Pune Office,09:00,17:30,Contract,Active,2016-03-13,10.5,730000,60833,89.8,Outstanding,False,92.3,3.7,67.6,80.3,73.2,42.9,5,67.2,7.0,False
10996,Neha Singh 10996,employee10996@examplecorp.com,6,Individual Contributor,Product Manager,Product,Product Team B - M4,10126,Rahul Mehta 10126,10001|10110|10111|10124|10126|10996,6,0,0,Delhi Office,09:30,18:00,Contract,Active,2019-07-29,7.1,860000,71667,95.9,Outstanding,False,96.4,7.8,18.5,79.7,98.2,20.2,6,72.2,7.0,True
10997,Sneha Singh 10997,employee10997@examplecorp.com,6,Individual Contributor,Product Analyst,Product,Product Team C - M4,10127,Karan Mehta 10127,10001|10110|10111|10124|10127|10997,6,0,0,Mumbai Office,09:00,18:00,Full-time,Active,2019-06-21,7.2,1170000,97500,72.2,Meets Expectations,False,94.9,12.5,94.3,80.9,74.7,22.7,4,79.3,7.0,False
10998,Kavya Singh 10998,employee10998@examplecorp.com,6,Individual Contributor,IT Support Engineer,IT,IT Team A - M1,10131,Priya Mehta 10131,10001|10128|10129|10130|10131|10998,6,0,0,Hyderabad Office,09:00,18:30,Full-time,Active,2020-06-26,6.2,610000,50833,76.6,Meets Expectations,False,93.2,14.1,72.6,75.5,99.0,45.5,4,71.8,7.0,False
10999,Meera Singh 10999,employee10999@examplecorp.com,6,Individual Contributor,IT Support Engineer,IT,IT Team B - M1,10132,Neha Mehta 10132,10001|10128|10129|10130|10132|10999,6,0,0,Chennai Office,09:00,18:30,Full-time,Active,2020-07-14,6.1,1150000,95833,81.7,Exceeds Expectations,False,95.5,7.9,88.3,74.7,72.3,39.7,4,68.4,7.0,False
11000,Nisha Singh 11000,employee11000@examplecorp.com,6,Individual Contributor,Systems Administrator,IT,IT Team C - M1,10133,Sneha Mehta 10133,10001|10128|10129|10130|10133|11000,6,0,0,Hyderabad Office,09:00,17:30,Full-time,Active,2020-09-23,5.9,960000,80000,57.7,Needs Improvement,True,93.3,6.1,92.8,71.7,57.0,12.0,7,68.2,9.9,False
